date,SITE,WIND SPEED
2022-01-01 00:00:00,MLO,3.5
2022-01-01 01:00:00,MLO,3.2
2022-01-01 02:00:00,MLO,2.4
2022-01-01 03:00:00,MLO,1.0
2022-01-01 04:00:00,MLO,0.3
2022-01-01 05:00:00,MLO,1.4
2022-01-01 06:00:00,MLO,1.5
2022-01-01 07:00:00,MLO,2.2
2022-01-01 08:00:00,MLO,1.5
2022-01-01 09:00:00,MLO,2.0
2022-01-01 10:00:00,MLO,1.1
2022-01-01 11:00:00,MLO,1.5
2022-01-01 12:00:00,MLO,6.5
2022-01-01 13:00:00,MLO,5.7
2022-01-01 14:00:00,MLO,5.1
2022-01-01 15:00:00,MLO,3.4
2022-01-01 16:00:00,MLO,1.3
2022-01-01 17:00:00,MLO,2.3
2022-01-01 18:00:00,MLO,0.6
2022-01-01 19:00:00,MLO,1.3
2022-01-01 20:00:00,MLO,1.9
2022-01-01 21:00:00,MLO,1.9
2022-01-01 22:00:00,MLO,1.7
2022-01-01 23:00:00,MLO,2.5
2022-01-02 00:00:00,MLO,3.3
2022-01-02 01:00:00,MLO,6.0
2022-01-02 02:00:00,MLO,4.3
2022-01-02 03:00:00,MLO,3.6
2022-01-02 04:00:00,MLO,1.1
2022-01-02 05:00:00,MLO,1.5
2022-01-02 06:00:00,MLO,4.6
2022-01-02 07:00:00,MLO,3.1
2022-01-02 08:00:00,MLO,2.3
2022-01-02 09:00:00,MLO,0.7
2022-01-02 10:00:00,MLO,2.0
2022-01-02 11:00:00,MLO,1.3
2022-01-02 12:00:00,MLO,2.1
2022-01-02 13:00:00,MLO,1.6
2022-01-02 14:00:00,MLO,1.3
2022-01-02 15:00:00,MLO,0.9
2022-01-02 16:00:00,MLO,0.8
2022-01-02 17:00:00,MLO,1.3
2022-01-02 18:00:00,MLO,0.4
2022-01-02 19:00:00,MLO,0.6
2022-01-02 20:00:00,MLO,2.5
2022-01-02 21:00:00,MLO,2.1
2022-01-02 22:00:00,MLO,0.8
2022-01-02 23:00:00,MLO,1.4
2022-01-03 00:00:00,MLO,3.5
2022-01-03 01:00:00,MLO,2.7333333333333334
2022-01-03 02:00:00,MLO,1.9666666666666668
2022-01-03 03:00:00,MLO,1.2
2022-01-03 04:00:00,MLO,1.4
2022-01-03 05:00:00,MLO,1.1
2022-01-03 06:00:00,MLO,2.7
2022-01-03 07:00:00,MLO,1.0
2022-01-03 08:00:00,MLO,1.5
2022-01-03 09:00:00,MLO,1.8
2022-01-03 10:00:00,MLO,1.5
2022-01-03 11:00:00,MLO,2.6
2022-01-03 12:00:00,MLO,3.5
2022-01-03 13:00:00,MLO,2.4
2022-01-03 14:00:00,MLO,1.5
2022-01-03 15:00:00,MLO,2.7
2022-01-03 16:00:00,MLO,1.9
2022-01-03 17:00:00,MLO,1.2
2022-01-03 18:00:00,MLO,1.2
2022-01-03 19:00:00,MLO,0.5
2022-01-03 20:00:00,MLO,1.6
2022-01-03 21:00:00,MLO,1.8
2022-01-03 22:00:00,MLO,2.0
2022-01-03 23:00:00,MLO,1.8
2022-01-04 00:00:00,MLO,3.0
2022-01-04 01:00:00,MLO,2.5
2022-01-04 02:00:00,MLO,1.8
2022-01-04 03:00:00,MLO,7.3
2022-01-04 04:00:00,MLO,8.9
2022-01-04 05:00:00,MLO,8.3
2022-01-04 06:00:00,MLO,6.4
2022-01-04 07:00:00,MLO,6.9
2022-01-04 08:00:00,MLO,7.0
2022-01-04 09:00:00,MLO,7.9
2022-01-04 10:00:00,MLO,9.2
2022-01-04 11:00:00,MLO,2.4
2022-01-04 12:00:00,MLO,0.7
2022-01-04 13:00:00,MLO,1.1
2022-01-04 14:00:00,MLO,1.3
2022-01-04 15:00:00,MLO,2.2
2022-01-04 16:00:00,MLO,2.7
2022-01-04 17:00:00,MLO,3.4
2022-01-04 18:00:00,MLO,1.1
2022-01-04 19:00:00,MLO,0.5
2022-01-04 20:00:00,MLO,1.5
2022-01-04 21:00:00,MLO,2.2
2022-01-04 22:00:00,MLO,2.8
2022-01-04 23:00:00,MLO,3.2
2022-01-05 00:00:00,MLO,3.0
2022-01-05 01:00:00,MLO,2.1
2022-01-05 02:00:00,MLO,1.2
2022-01-05 03:00:00,MLO,2.0
2022-01-05 04:00:00,MLO,1.4
2022-01-05 05:00:00,MLO,2.0
2022-01-05 06:00:00,MLO,2.2
2022-01-05 07:00:00,MLO,1.6
2022-01-05 08:00:00,MLO,2.5
2022-01-05 09:00:00,MLO,1.6
2022-01-05 10:00:00,MLO,2.3
2022-01-05 11:00:00,MLO,3.7
2022-01-05 12:00:00,MLO,4.2
2022-01-05 13:00:00,MLO,2.8
2022-01-05 14:00:00,MLO,3.7
2022-01-05 15:00:00,MLO,4.2
2022-01-05 16:00:00,MLO,4.3
2022-01-05 17:00:00,MLO,5.0
2022-01-05 18:00:00,MLO,1.9
2022-01-05 19:00:00,MLO,0.9
2022-01-05 20:00:00,MLO,1.6
2022-01-05 21:00:00,MLO,2.3
2022-01-05 22:00:00,MLO,2.5
2022-01-05 23:00:00,MLO,3.0
2022-01-06 00:00:00,MLO,3.1
2022-01-06 01:00:00,MLO,4.0
2022-01-06 02:00:00,MLO,3.2
2022-01-06 03:00:00,MLO,2.4
2022-01-06 04:00:00,MLO,1.5
2022-01-06 05:00:00,MLO,3.1
2022-01-06 06:00:00,MLO,3.3
2022-01-06 07:00:00,MLO,3.6
2022-01-06 08:00:00,MLO,2.1
2022-01-06 09:00:00,MLO,2.2
2022-01-06 10:00:00,MLO,2.9
2022-01-06 11:00:00,MLO,2.5
2022-01-06 12:00:00,MLO,2.7
2022-01-06 13:00:00,MLO,2.0
2022-01-06 14:00:00,MLO,1.0
2022-01-06 15:00:00,MLO,5.4
2022-01-06 16:00:00,MLO,1.2
2022-01-06 17:00:00,MLO,6.9
2022-01-06 18:00:00,MLO,4.1
2022-01-06 19:00:00,MLO,2.1
2022-01-06 20:00:00,MLO,3.2
2022-01-06 21:00:00,MLO,2.7
2022-01-06 22:00:00,MLO,2.9
2022-01-06 23:00:00,MLO,2.3
2022-01-07 00:00:00,MLO,1.9
2022-01-07 01:00:00,MLO,2.1
2022-01-07 02:00:00,MLO,1.5
2022-01-07 03:00:00,MLO,1.1
2022-01-07 04:00:00,MLO,0.3
2022-01-07 05:00:00,MLO,0.6
2022-01-07 06:00:00,MLO,1.4
2022-01-07 07:00:00,MLO,4.4
2022-01-07 08:00:00,MLO,2.9
2022-01-07 09:00:00,MLO,2.4
2022-01-07 10:00:00,MLO,3.3
2022-01-07 11:00:00,MLO,4.5
2022-01-07 12:00:00,MLO,1.8
2022-01-07 13:00:00,MLO,2.2
2022-01-07 14:00:00,MLO,1.9
2022-01-07 15:00:00,MLO,1.6
2022-01-07 16:00:00,MLO,1.4
2022-01-07 17:00:00,MLO,1.0
2022-01-07 18:00:00,MLO,0.3
2022-01-07 19:00:00,MLO,1.4
2022-01-07 20:00:00,MLO,2.0
2022-01-07 21:00:00,MLO,2.3
2022-01-07 22:00:00,MLO,2.1
2022-01-07 23:00:00,MLO,2.0
2022-01-08 00:00:00,MLO,1.9
2022-01-08 01:00:00,MLO,1.8
2022-01-08 02:00:00,MLO,1.6
2022-01-08 03:00:00,MLO,1.2
2022-01-08 04:00:00,MLO,5.2
2022-01-08 05:00:00,MLO,0.8
2022-01-08 06:00:00,MLO,1.0
2022-01-08 07:00:00,MLO,2.9
2022-01-08 08:00:00,MLO,1.1
2022-01-08 09:00:00,MLO,1.6
2022-01-08 10:00:00,MLO,2.3
2022-01-08 11:00:00,MLO,3.9
2022-01-08 12:00:00,MLO,4.1
2022-01-08 13:00:00,MLO,4.1
2022-01-08 14:00:00,MLO,3.9
2022-01-08 15:00:00,MLO,3.4
2022-01-08 16:00:00,MLO,3.2
2022-01-08 17:00:00,MLO,3.1
2022-01-08 18:00:00,MLO,0.7
2022-01-08 19:00:00,MLO,1.0
2022-01-08 20:00:00,MLO,1.5
2022-01-08 21:00:00,MLO,2.1
2022-01-08 22:00:00,MLO,2.1
2022-01-08 23:00:00,MLO,2.4
2022-01-09 00:00:00,MLO,2.3
2022-01-09 01:00:00,MLO,2.2
2022-01-09 02:00:00,MLO,1.3
2022-01-09 03:00:00,MLO,1.0
2022-01-09 04:00:00,MLO,1.1
2022-01-09 05:00:00,MLO,1.2
2022-01-09 06:00:00,MLO,1.0
2022-01-09 07:00:00,MLO,2.1
2022-01-09 08:00:00,MLO,1.9
2022-01-09 09:00:00,MLO,3.6
2022-01-09 10:00:00,MLO,2.6
2022-01-09 11:00:00,MLO,3.6
2022-01-09 12:00:00,MLO,2.0
2022-01-09 13:00:00,MLO,3.2
2022-01-09 14:00:00,MLO,2.8
2022-01-09 15:00:00,MLO,3.5
2022-01-09 16:00:00,MLO,2.9
2022-01-09 17:00:00,MLO,4.0
2022-01-09 18:00:00,MLO,0.2
2022-01-09 19:00:00,MLO,0.9
2022-01-09 20:00:00,MLO,1.7
2022-01-09 21:00:00,MLO,2.3
2022-01-09 22:00:00,MLO,2.4
2022-01-09 23:00:00,MLO,2.5
2022-01-10 00:00:00,MLO,2.8
2022-01-10 01:00:00,MLO,2.5
2022-01-10 02:00:00,MLO,1.9
2022-01-10 03:00:00,MLO,0.7
2022-01-10 04:00:00,MLO,0.6
2022-01-10 05:00:00,MLO,2.1
2022-01-10 06:00:00,MLO,4.6
2022-01-10 07:00:00,MLO,5.8
2022-01-10 08:00:00,MLO,5.1
2022-01-10 09:00:00,MLO,5.4
2022-01-10 10:00:00,MLO,6.0
2022-01-10 11:00:00,MLO,7.0
2022-01-10 12:00:00,MLO,7.7
2022-01-10 13:00:00,MLO,7.7
2022-01-10 14:00:00,MLO,7.2
2022-01-10 15:00:00,MLO,6.5
2022-01-10 16:00:00,MLO,6.4
2022-01-10 17:00:00,MLO,5.4
2022-01-10 18:00:00,MLO,2.3
2022-01-10 19:00:00,MLO,0.8
2022-01-10 20:00:00,MLO,1.8
2022-01-10 21:00:00,MLO,2.7
2022-01-10 22:00:00,MLO,2.9
2022-01-10 23:00:00,MLO,3.3
2022-01-11 00:00:00,MLO,2.9
2022-01-11 01:00:00,MLO,2.3
2022-01-11 02:00:00,MLO,1.5
2022-01-11 03:00:00,MLO,0.4
2022-01-11 04:00:00,MLO,2.4
2022-01-11 05:00:00,MLO,5.3
2022-01-11 06:00:00,MLO,5.4
2022-01-11 07:00:00,MLO,6.2
2022-01-11 08:00:00,MLO,7.4
2022-01-11 09:00:00,MLO,4.8
2022-01-11 10:00:00,MLO,4.7
2022-01-11 11:00:00,MLO,4.7
2022-01-11 12:00:00,MLO,5.0
2022-01-11 13:00:00,MLO,5.0
2022-01-11 14:00:00,MLO,5.0
2022-01-11 15:00:00,MLO,4.1
2022-01-11 16:00:00,MLO,2.6
2022-01-11 17:00:00,MLO,2.2
2022-01-11 18:00:00,MLO,0.3
2022-01-11 19:00:00,MLO,2.8
2022-01-11 20:00:00,MLO,5.2
2022-01-11 21:00:00,MLO,4.4
2022-01-11 22:00:00,MLO,4.6
2022-01-11 23:00:00,MLO,3.8
2022-01-12 00:00:00,MLO,5.5
2022-01-12 01:00:00,MLO,5.8
2022-01-12 02:00:00,MLO,1.8
2022-01-12 03:00:00,MLO,1.2
2022-01-12 04:00:00,MLO,2.6
2022-01-12 05:00:00,MLO,1.6
2022-01-12 06:00:00,MLO,2.6
2022-01-12 07:00:00,MLO,3.3
2022-01-12 08:00:00,MLO,3.5
2022-01-12 09:00:00,MLO,4.4
2022-01-12 10:00:00,MLO,4.1
2022-01-12 11:00:00,MLO,4.4
2022-01-12 12:00:00,MLO,4.7
2022-01-12 13:00:00,MLO,4.1
2022-01-12 14:00:00,MLO,4.6
2022-01-12 15:00:00,MLO,4.6
2022-01-12 16:00:00,MLO,4.6
2022-01-12 17:00:00,MLO,3.8
2022-01-12 18:00:00,MLO,1.0
2022-01-12 19:00:00,MLO,1.0
2022-01-12 20:00:00,MLO,2.1
2022-01-12 21:00:00,MLO,2.7
2022-01-12 22:00:00,MLO,3.2
2022-01-12 23:00:00,MLO,3.2
2022-01-13 00:00:00,MLO,2.9
2022-01-13 01:00:00,MLO,2.4
2022-01-13 02:00:00,MLO,2.0
2022-01-13 03:00:00,MLO,1.0
2022-01-13 04:00:00,MLO,2.0
2022-01-13 05:00:00,MLO,1.6
2022-01-13 06:00:00,MLO,2.4
2022-01-13 07:00:00,MLO,2.8
2022-01-13 08:00:00,MLO,3.7
2022-01-13 09:00:00,MLO,3.6
2022-01-13 10:00:00,MLO,3.8
2022-01-13 11:00:00,MLO,4.3
2022-01-13 12:00:00,MLO,4.2
2022-01-13 13:00:00,MLO,5.1
2022-01-13 14:00:00,MLO,5.3
2022-01-13 15:00:00,MLO,4.3
2022-01-13 16:00:00,MLO,3.6
2022-01-13 17:00:00,MLO,3.4
2022-01-13 18:00:00,MLO,2.0
2022-01-13 19:00:00,MLO,1.8
2022-01-13 20:00:00,MLO,2.8
2022-01-13 21:00:00,MLO,3.1
2022-01-13 22:00:00,MLO,4.4
2022-01-13 23:00:00,MLO,4.8
2022-01-14 00:00:00,MLO,4.2
2022-01-14 01:00:00,MLO,4.5
2022-01-14 02:00:00,MLO,3.3
2022-01-14 03:00:00,MLO,2.4
2022-01-14 04:00:00,MLO,2.4
2022-01-14 05:00:00,MLO,2.9
2022-01-14 06:00:00,MLO,3.2
2022-01-14 07:00:00,MLO,3.3
2022-01-14 08:00:00,MLO,3.0
2022-01-14 09:00:00,MLO,3.0
2022-01-14 10:00:00,MLO,3.1
2022-01-14 11:00:00,MLO,3.0
2022-01-14 12:00:00,MLO,2.4
2022-01-14 13:00:00,MLO,3.1
2022-01-14 14:00:00,MLO,2.9
2022-01-14 15:00:00,MLO,3.0
2022-01-14 16:00:00,MLO,2.4
2022-01-14 17:00:00,MLO,2.0
2022-01-14 18:00:00,MLO,0.3
2022-01-14 19:00:00,MLO,1.2
2022-01-14 20:00:00,MLO,2.0
2022-01-14 21:00:00,MLO,2.8
2022-01-14 22:00:00,MLO,3.4
2022-01-14 23:00:00,MLO,4.5
2022-01-15 00:00:00,MLO,4.0
2022-01-15 01:00:00,MLO,4.0
2022-01-15 02:00:00,MLO,3.1
2022-01-15 03:00:00,MLO,0.6
2022-01-15 04:00:00,MLO,0.6
2022-01-15 05:00:00,MLO,1.6
2022-01-15 06:00:00,MLO,2.2
2022-01-15 07:00:00,MLO,3.6
2022-01-15 08:00:00,MLO,3.3
2022-01-15 09:00:00,MLO,2.1
2022-01-15 10:00:00,MLO,3.7
2022-01-15 11:00:00,MLO,3.9
2022-01-15 12:00:00,MLO,2.8
2022-01-15 13:00:00,MLO,5.4
2022-01-15 14:00:00,MLO,6.2
2022-01-15 15:00:00,MLO,6.5
2022-01-15 16:00:00,MLO,6.5
2022-01-15 17:00:00,MLO,6.6
2022-01-15 18:00:00,MLO,6.0
2022-01-15 19:00:00,MLO,4.1
2022-01-15 20:00:00,MLO,3.4
2022-01-15 21:00:00,MLO,3.6
2022-01-15 22:00:00,MLO,3.1
2022-01-15 23:00:00,MLO,4.2
2022-01-16 00:00:00,MLO,4.5
2022-01-16 01:00:00,MLO,4.0
2022-01-16 02:00:00,MLO,3.7
2022-01-16 03:00:00,MLO,3.4
2022-01-16 04:00:00,MLO,3.2
2022-01-16 05:00:00,MLO,3.4
2022-01-16 06:00:00,MLO,2.7
2022-01-16 07:00:00,MLO,3.5
2022-01-16 08:00:00,MLO,3.6
2022-01-16 09:00:00,MLO,4.3
2022-01-16 10:00:00,MLO,4.0
2022-01-16 11:00:00,MLO,3.7
2022-01-16 12:00:00,MLO,4.4
2022-01-16 13:00:00,MLO,5.2
2022-01-16 14:00:00,MLO,5.3
2022-01-16 15:00:00,MLO,4.6
2022-01-16 16:00:00,MLO,5.1
2022-01-16 17:00:00,MLO,4.4
2022-01-16 18:00:00,MLO,2.9
2022-01-16 19:00:00,MLO,2.1
2022-01-16 20:00:00,MLO,2.2
2022-01-16 21:00:00,MLO,2.7
2022-01-16 22:00:00,MLO,2.9
2022-01-16 23:00:00,MLO,3.8
2022-01-17 00:00:00,MLO,3.3
2022-01-17 01:00:00,MLO,2.5
2022-01-17 02:00:00,MLO,2.1
2022-01-17 03:00:00,MLO,1.7
2022-01-17 04:00:00,MLO,0.3
2022-01-17 05:00:00,MLO,0.6
2022-01-17 06:00:00,MLO,2.2
2022-01-17 07:00:00,MLO,2.8
2022-01-17 08:00:00,MLO,2.6
2022-01-17 09:00:00,MLO,2.4
2022-01-17 10:00:00,MLO,2.4
2022-01-17 11:00:00,MLO,1.9
2022-01-17 12:00:00,MLO,2.8
2022-01-17 13:00:00,MLO,2.9
2022-01-17 14:00:00,MLO,2.7
2022-01-17 15:00:00,MLO,2.8
2022-01-17 16:00:00,MLO,2.1
2022-01-17 17:00:00,MLO,2.4
2022-01-17 18:00:00,MLO,0.1
2022-01-17 19:00:00,MLO,0.8
2022-01-17 20:00:00,MLO,2.5
2022-01-17 21:00:00,MLO,3.5
2022-01-17 22:00:00,MLO,3.8
2022-01-17 23:00:00,MLO,3.0
2022-01-18 00:00:00,MLO,3.0
2022-01-18 01:00:00,MLO,2.3
2022-01-18 02:00:00,MLO,1.5
2022-01-18 03:00:00,MLO,1.6
2022-01-18 04:00:00,MLO,0.8
2022-01-18 05:00:00,MLO,0.2
2022-01-18 06:00:00,MLO,1.7
2022-01-18 07:00:00,MLO,2.1
2022-01-18 08:00:00,MLO,1.6
2022-01-18 09:00:00,MLO,2.1
2022-01-18 10:00:00,MLO,2.7
2022-01-18 11:00:00,MLO,3.7
2022-01-18 12:00:00,MLO,3.6
2022-01-18 13:00:00,MLO,2.8
2022-01-18 14:00:00,MLO,3.0
2022-01-18 15:00:00,MLO,3.0
2022-01-18 16:00:00,MLO,2.8
2022-01-18 17:00:00,MLO,3.1
2022-01-18 18:00:00,MLO,1.6
2022-01-18 19:00:00,MLO,1.9
2022-01-18 20:00:00,MLO,1.8
2022-01-18 21:00:00,MLO,2.5
2022-01-18 22:00:00,MLO,2.7
2022-01-18 23:00:00,MLO,2.9
2022-01-19 00:00:00,MLO,2.5
2022-01-19 01:00:00,MLO,2.9
2022-01-19 02:00:00,MLO,2.8
2022-01-19 03:00:00,MLO,2.6
2022-01-19 04:00:00,MLO,0.9
2022-01-19 05:00:00,MLO,2.3
2022-01-19 06:00:00,MLO,1.8
2022-01-19 07:00:00,MLO,2.3
2022-01-19 08:00:00,MLO,1.9
2022-01-19 09:00:00,MLO,2.9
2022-01-19 10:00:00,MLO,2.1
2022-01-19 11:00:00,MLO,2.3
2022-01-19 12:00:00,MLO,2.9
2022-01-19 13:00:00,MLO,3.1
2022-01-19 14:00:00,MLO,2.3
2022-01-19 15:00:00,MLO,2.4
2022-01-19 16:00:00,MLO,3.1
2022-01-19 17:00:00,MLO,2.9
2022-01-19 18:00:00,MLO,1.0
2022-01-19 19:00:00,MLO,1.2
2022-01-19 20:00:00,MLO,2.1
2022-01-19 21:00:00,MLO,3.5
2022-01-19 22:00:00,MLO,3.8
2022-01-19 23:00:00,MLO,3.2
2022-01-20 00:00:00,MLO,3.8
2022-01-20 01:00:00,MLO,3.0
2022-01-20 02:00:00,MLO,2.4
2022-01-20 03:00:00,MLO,1.6
2022-01-20 04:00:00,MLO,1.5
2022-01-20 05:00:00,MLO,2.1
2022-01-20 06:00:00,MLO,2.7
2022-01-20 07:00:00,MLO,3.5
2022-01-20 08:00:00,MLO,3.7
2022-01-20 09:00:00,MLO,3.8
2022-01-20 10:00:00,MLO,2.4
2022-01-20 11:00:00,MLO,2.2
2022-01-20 12:00:00,MLO,2.2
2022-01-20 13:00:00,MLO,1.9
2022-01-20 14:00:00,MLO,2.0
2022-01-20 15:00:00,MLO,1.2
2022-01-20 16:00:00,MLO,2.1
2022-01-20 17:00:00,MLO,2.6
2022-01-20 18:00:00,MLO,1.2
2022-01-20 19:00:00,MLO,1.6
2022-01-20 20:00:00,MLO,2.2
2022-01-20 21:00:00,MLO,2.8
2022-01-20 22:00:00,MLO,3.0
2022-01-20 23:00:00,MLO,3.4
2022-01-21 00:00:00,MLO,2.9
2022-01-21 01:00:00,MLO,1.9
2022-01-21 02:00:00,MLO,1.8
2022-01-21 03:00:00,MLO,1.6
2022-01-21 04:00:00,MLO,0.6
2022-01-21 05:00:00,MLO,1.3
2022-01-21 06:00:00,MLO,1.9
2022-01-21 07:00:00,MLO,1.5
2022-01-21 08:00:00,MLO,3.1
2022-01-21 09:00:00,MLO,3.5
2022-01-21 10:00:00,MLO,4.0
2022-01-21 11:00:00,MLO,3.3
2022-01-21 12:00:00,MLO,3.4
2022-01-21 13:00:00,MLO,4.1
2022-01-21 14:00:00,MLO,4.3
2022-01-21 15:00:00,MLO,4.7
2022-01-21 16:00:00,MLO,5.0
2022-01-21 17:00:00,MLO,4.9
2022-01-21 18:00:00,MLO,4.5
2022-01-21 19:00:00,MLO,4.8
2022-01-21 20:00:00,MLO,4.9
2022-01-21 21:00:00,MLO,4.8
2022-01-21 22:00:00,MLO,4.9
2022-01-21 23:00:00,MLO,5.2
2022-01-22 00:00:00,MLO,4.9
2022-01-22 01:00:00,MLO,4.8
2022-01-22 02:00:00,MLO,3.9
2022-01-22 03:00:00,MLO,4.0
2022-01-22 04:00:00,MLO,3.9
2022-01-22 05:00:00,MLO,5.5
2022-01-22 06:00:00,MLO,5.0
2022-01-22 07:00:00,MLO,5.3
2022-01-22 08:00:00,MLO,5.4
2022-01-22 09:00:00,MLO,5.7
2022-01-22 10:00:00,MLO,5.1
2022-01-22 11:00:00,MLO,3.1
2022-01-22 12:00:00,MLO,0.9
2022-01-22 13:00:00,MLO,0.9
2022-01-22 14:00:00,MLO,2.5
2022-01-22 15:00:00,MLO,1.8
2022-01-22 16:00:00,MLO,1.1
2022-01-22 17:00:00,MLO,3.2
2022-01-22 18:00:00,MLO,2.4
2022-01-22 19:00:00,MLO,1.0
2022-01-22 20:00:00,MLO,2.7
2022-01-22 21:00:00,MLO,3.2
2022-01-22 22:00:00,MLO,3.8
2022-01-22 23:00:00,MLO,3.3
2022-01-23 00:00:00,MLO,4.5
2022-01-23 01:00:00,MLO,3.5
2022-01-23 02:00:00,MLO,5.0
2022-01-23 03:00:00,MLO,3.5
2022-01-23 04:00:00,MLO,3.2
2022-01-23 05:00:00,MLO,3.9
2022-01-23 06:00:00,MLO,4.6
2022-01-23 07:00:00,MLO,4.2
2022-01-23 08:00:00,MLO,4.3
2022-01-23 09:00:00,MLO,4.8
2022-01-23 10:00:00,MLO,4.8
2022-01-23 11:00:00,MLO,4.9
2022-01-23 12:00:00,MLO,4.6
2022-01-23 13:00:00,MLO,4.5
2022-01-23 14:00:00,MLO,2.1
2022-01-23 15:00:00,MLO,4.8
2022-01-23 16:00:00,MLO,4.6
2022-01-23 17:00:00,MLO,4.0
2022-01-23 18:00:00,MLO,4.7
2022-01-23 19:00:00,MLO,5.9
2022-01-23 20:00:00,MLO,5.8
2022-01-23 21:00:00,MLO,4.8
2022-01-23 22:00:00,MLO,4.5
2022-01-23 23:00:00,MLO,4.9
2022-01-24 00:00:00,MLO,4.6
2022-01-24 01:00:00,MLO,4.9
2022-01-24 02:00:00,MLO,4.6
2022-01-24 03:00:00,MLO,4.0
2022-01-24 04:00:00,MLO,3.2
2022-01-24 05:00:00,MLO,2.9
2022-01-24 06:00:00,MLO,3.0
2022-01-24 07:00:00,MLO,3.3
2022-01-24 08:00:00,MLO,3.6
2022-01-24 09:00:00,MLO,3.7
2022-01-24 10:00:00,MLO,3.7
2022-01-24 11:00:00,MLO,4.3
2022-01-24 12:00:00,MLO,4.1
2022-01-24 13:00:00,MLO,3.8
2022-01-24 14:00:00,MLO,4.2
2022-01-24 15:00:00,MLO,4.9
2022-01-24 16:00:00,MLO,5.3
2022-01-24 17:00:00,MLO,3.9
2022-01-24 18:00:00,MLO,3.9
2022-01-24 19:00:00,MLO,5.9
2022-01-24 20:00:00,MLO,6.4
2022-01-24 21:00:00,MLO,6.4
2022-01-24 22:00:00,MLO,6.4
2022-01-24 23:00:00,MLO,6.8
2022-01-25 00:00:00,MLO,7.3
2022-01-25 01:00:00,MLO,7.5
2022-01-25 02:00:00,MLO,7.9
2022-01-25 03:00:00,MLO,7.7
2022-01-25 04:00:00,MLO,6.3
2022-01-25 05:00:00,MLO,6.5
2022-01-25 06:00:00,MLO,6.1
2022-01-25 07:00:00,MLO,6.0
2022-01-25 08:00:00,MLO,6.4
2022-01-25 09:00:00,MLO,5.9
2022-01-25 10:00:00,MLO,5.6
2022-01-25 11:00:00,MLO,5.4
2022-01-25 12:00:00,MLO,5.2
2022-01-25 13:00:00,MLO,5.1
2022-01-25 14:00:00,MLO,5.4
2022-01-25 15:00:00,MLO,5.8
2022-01-25 16:00:00,MLO,6.2
2022-01-25 17:00:00,MLO,6.8
2022-01-25 18:00:00,MLO,6.8
2022-01-25 19:00:00,MLO,7.2
2022-01-25 20:00:00,MLO,6.7
2022-01-25 21:00:00,MLO,6.2
2022-01-25 22:00:00,MLO,5.6
2022-01-25 23:00:00,MLO,4.8
2022-01-26 00:00:00,MLO,5.4
2022-01-26 01:00:00,MLO,4.7
2022-01-26 02:00:00,MLO,5.0
2022-01-26 03:00:00,MLO,5.8
2022-01-26 04:00:00,MLO,6.0
2022-01-26 05:00:00,MLO,7.0
2022-01-26 06:00:00,MLO,8.3
2022-01-26 07:00:00,MLO,8.9
2022-01-26 08:00:00,MLO,7.4
2022-01-26 09:00:00,MLO,7.8
2022-01-26 10:00:00,MLO,5.5
2022-01-26 11:00:00,MLO,5.2
2022-01-26 12:00:00,MLO,6.0
2022-01-26 13:00:00,MLO,5.3
2022-01-26 14:00:00,MLO,4.5
2022-01-26 15:00:00,MLO,4.9
2022-01-26 16:00:00,MLO,7.3
2022-01-26 17:00:00,MLO,7.8
2022-01-26 18:00:00,MLO,3.7
2022-01-26 19:00:00,MLO,4.3
2022-01-26 20:00:00,MLO,5.0
2022-01-26 21:00:00,MLO,5.4
2022-01-26 22:00:00,MLO,6.0
2022-01-26 23:00:00,MLO,6.5
2022-01-27 00:00:00,MLO,5.4
2022-01-27 01:00:00,MLO,7.1
2022-01-27 02:00:00,MLO,5.6
2022-01-27 03:00:00,MLO,3.8
2022-01-27 04:00:00,MLO,3.8
2022-01-27 05:00:00,MLO,5.6
2022-01-27 06:00:00,MLO,5.8
2022-01-27 07:00:00,MLO,6.3
2022-01-27 08:00:00,MLO,6.5
2022-01-27 09:00:00,MLO,6.9
2022-01-27 10:00:00,MLO,7.4
2022-01-27 11:00:00,MLO,6.6
2022-01-27 12:00:00,MLO,6.9
2022-01-27 13:00:00,MLO,6.9
2022-01-27 14:00:00,MLO,5.8
2022-01-27 15:00:00,MLO,4.8
2022-01-27 16:00:00,MLO,6.1
2022-01-27 17:00:00,MLO,5.9
2022-01-27 18:00:00,MLO,3.7
2022-01-27 19:00:00,MLO,3.0
2022-01-27 20:00:00,MLO,2.6
2022-01-27 21:00:00,MLO,3.8
2022-01-27 22:00:00,MLO,4.4
2022-01-27 23:00:00,MLO,2.1
2022-01-28 00:00:00,MLO,1.4
2022-01-28 01:00:00,MLO,4.0
2022-01-28 02:00:00,MLO,5.2
2022-01-28 03:00:00,MLO,4.4
2022-01-28 04:00:00,MLO,4.0
2022-01-28 05:00:00,MLO,4.7
2022-01-28 06:00:00,MLO,2.1
2022-01-28 07:00:00,MLO,3.3
2022-01-28 08:00:00,MLO,2.9
2022-01-28 09:00:00,MLO,2.5
2022-01-28 10:00:00,MLO,2.3
2022-01-28 11:00:00,MLO,2.7
2022-01-28 12:00:00,MLO,3.2
2022-01-28 13:00:00,MLO,3.6
2022-01-28 14:00:00,MLO,4.0
2022-01-28 15:00:00,MLO,3.8
2022-01-28 16:00:00,MLO,5.1
2022-01-28 17:00:00,MLO,5.5
2022-01-28 18:00:00,MLO,4.0
2022-01-28 19:00:00,MLO,4.1
2022-01-28 20:00:00,MLO,4.3
2022-01-28 21:00:00,MLO,4.2
2022-01-28 22:00:00,MLO,4.7
2022-01-28 23:00:00,MLO,5.6
2022-01-29 00:00:00,MLO,6.0
2022-01-29 01:00:00,MLO,4.5
2022-01-29 02:00:00,MLO,3.6
2022-01-29 03:00:00,MLO,3.4
2022-01-29 04:00:00,MLO,1.4
2022-01-29 05:00:00,MLO,0.6
2022-01-29 06:00:00,MLO,2.8
2022-01-29 07:00:00,MLO,5.2
2022-01-29 08:00:00,MLO,5.1
2022-01-29 09:00:00,MLO,1.3
2022-01-29 10:00:00,MLO,4.1
2022-01-29 11:00:00,MLO,4.0
2022-01-29 12:00:00,MLO,2.0
2022-01-29 13:00:00,MLO,3.5
2022-01-29 14:00:00,MLO,1.9
2022-01-29 15:00:00,MLO,3.2
2022-01-29 16:00:00,MLO,3.5
2022-01-29 17:00:00,MLO,3.1
2022-01-29 18:00:00,MLO,2.0
2022-01-29 19:00:00,MLO,1.9
2022-01-29 20:00:00,MLO,3.0
2022-01-29 21:00:00,MLO,5.2
2022-01-29 22:00:00,MLO,6.0
2022-01-29 23:00:00,MLO,7.0
2022-01-30 00:00:00,MLO,6.3
2022-01-30 01:00:00,MLO,5.5
2022-01-30 02:00:00,MLO,5.3
2022-01-30 03:00:00,MLO,3.8
2022-01-30 04:00:00,MLO,1.5
2022-01-30 05:00:00,MLO,2.3
2022-01-30 06:00:00,MLO,2.7
2022-01-30 07:00:00,MLO,3.3
2022-01-30 08:00:00,MLO,3.3
2022-01-30 09:00:00,MLO,3.6
2022-01-30 10:00:00,MLO,4.0
2022-01-30 11:00:00,MLO,4.5
2022-01-30 12:00:00,MLO,4.9
2022-01-30 13:00:00,MLO,4.7
2022-01-30 14:00:00,MLO,4.2
2022-01-30 15:00:00,MLO,3.5
2022-01-30 16:00:00,MLO,3.9
2022-01-30 17:00:00,MLO,3.3
2022-01-30 18:00:00,MLO,1.7
2022-01-30 19:00:00,MLO,1.6
2022-01-30 20:00:00,MLO,2.2
2022-01-30 21:00:00,MLO,2.8
2022-01-30 22:00:00,MLO,2.5
2022-01-30 23:00:00,MLO,3.1
2022-01-31 00:00:00,MLO,2.8
2022-01-31 01:00:00,MLO,2.7
2022-01-31 02:00:00,MLO,2.2
2022-01-31 03:00:00,MLO,1.3
2022-01-31 04:00:00,MLO,0.4
2022-01-31 05:00:00,MLO,3.1
2022-01-31 06:00:00,MLO,5.1
2022-01-31 07:00:00,MLO,4.0
2022-01-31 08:00:00,MLO,4.3
2022-01-31 09:00:00,MLO,4.4
2022-01-31 10:00:00,MLO,4.5
2022-01-31 11:00:00,MLO,5.1
2022-01-31 12:00:00,MLO,5.3
2022-01-31 13:00:00,MLO,5.2
2022-01-31 14:00:00,MLO,5.2
2022-01-31 15:00:00,MLO,5.7
2022-01-31 16:00:00,MLO,5.1
2022-01-31 17:00:00,MLO,4.5
2022-01-31 18:00:00,MLO,3.8
2022-01-31 19:00:00,MLO,3.6
2022-01-31 20:00:00,MLO,4.0
2022-01-31 21:00:00,MLO,3.8
2022-01-31 22:00:00,MLO,3.7
2022-01-31 23:00:00,MLO,3.8
2022-02-01 00:00:00,MLO,4.4
2022-02-01 01:00:00,MLO,3.6
2022-02-01 02:00:00,MLO,3.9
2022-02-01 03:00:00,MLO,5.4
2022-02-01 04:00:00,MLO,7.1
2022-02-01 05:00:00,MLO,5.3
2022-02-01 06:00:00,MLO,3.0
2022-02-01 07:00:00,MLO,3.8
2022-02-01 08:00:00,MLO,2.7
2022-02-01 09:00:00,MLO,3.7
2022-02-01 10:00:00,MLO,4.3
2022-02-01 11:00:00,MLO,4.8
2022-02-01 12:00:00,MLO,5.3
2022-02-01 13:00:00,MLO,4.2
2022-02-01 14:00:00,MLO,4.0
2022-02-01 15:00:00,MLO,5.1
2022-02-01 16:00:00,MLO,5.1
2022-02-01 17:00:00,MLO,5.5
2022-02-01 18:00:00,MLO,6.5
2022-02-01 19:00:00,MLO,6.4
2022-02-01 20:00:00,MLO,6.7
2022-02-01 21:00:00,MLO,7.4
2022-02-01 22:00:00,MLO,7.5
2022-02-01 23:00:00,MLO,6.1
2022-02-02 00:00:00,MLO,5.5
2022-02-02 01:00:00,MLO,5.9
2022-02-02 02:00:00,MLO,3.4
2022-02-02 03:00:00,MLO,3.6
2022-02-02 04:00:00,MLO,4.3
2022-02-02 05:00:00,MLO,3.3
2022-02-02 06:00:00,MLO,2.9
2022-02-02 07:00:00,MLO,1.9
2022-02-02 08:00:00,MLO,1.6
2022-02-02 09:00:00,MLO,2.9
2022-02-02 10:00:00,MLO,3.0
2022-02-02 11:00:00,MLO,2.7
2022-02-02 12:00:00,MLO,2.3
2022-02-02 13:00:00,MLO,2.4
2022-02-02 14:00:00,MLO,3.2
2022-02-02 15:00:00,MLO,3.7
2022-02-02 16:00:00,MLO,4.2
2022-02-02 17:00:00,MLO,4.1
2022-02-02 18:00:00,MLO,4.5
2022-02-02 19:00:00,MLO,4.1
2022-02-02 20:00:00,MLO,3.9
2022-02-02 21:00:00,MLO,3.9
2022-02-02 22:00:00,MLO,4.8
2022-02-02 23:00:00,MLO,5.1
2022-02-03 00:00:00,MLO,4.3
2022-02-03 01:00:00,MLO,4.7
2022-02-03 02:00:00,MLO,4.1
2022-02-03 03:00:00,MLO,3.3
2022-02-03 04:00:00,MLO,5.1
2022-02-03 05:00:00,MLO,4.9
2022-02-03 06:00:00,MLO,5.7
2022-02-03 07:00:00,MLO,6.4
2022-02-03 08:00:00,MLO,7.8
2022-02-03 09:00:00,MLO,7.1
2022-02-03 10:00:00,MLO,7.4
2022-02-03 11:00:00,MLO,7.3
2022-02-03 12:00:00,MLO,6.7
2022-02-03 13:00:00,MLO,5.8
2022-02-03 14:00:00,MLO,4.8
2022-02-03 15:00:00,MLO,5.0
2022-02-03 16:00:00,MLO,4.5
2022-02-03 17:00:00,MLO,4.3
2022-02-03 18:00:00,MLO,3.7
2022-02-03 19:00:00,MLO,4.6
2022-02-03 20:00:00,MLO,5.6
2022-02-03 21:00:00,MLO,5.8
2022-02-03 22:00:00,MLO,5.7
2022-02-03 23:00:00,MLO,4.0
2022-02-04 00:00:00,MLO,6.0
2022-02-04 01:00:00,MLO,5.2
2022-02-04 02:00:00,MLO,5.2
2022-02-04 03:00:00,MLO,3.5
2022-02-04 04:00:00,MLO,2.3
2022-02-04 05:00:00,MLO,3.3
2022-02-04 06:00:00,MLO,4.5
2022-02-04 07:00:00,MLO,6.2
2022-02-04 08:00:00,MLO,6.8
2022-02-04 09:00:00,MLO,6.2
2022-02-04 10:00:00,MLO,4.4
2022-02-04 11:00:00,MLO,4.5
2022-02-04 12:00:00,MLO,4.4
2022-02-04 13:00:00,MLO,4.2
2022-02-04 14:00:00,MLO,4.3
2022-02-04 15:00:00,MLO,3.7
2022-02-04 16:00:00,MLO,3.7
2022-02-04 17:00:00,MLO,4.0
2022-02-04 18:00:00,MLO,2.9
2022-02-04 19:00:00,MLO,2.6
2022-02-04 20:00:00,MLO,2.8
2022-02-04 21:00:00,MLO,3.3
2022-02-04 22:00:00,MLO,3.9
2022-02-04 23:00:00,MLO,3.8
2022-02-05 00:00:00,MLO,4.2
2022-02-05 01:00:00,MLO,4.5
2022-02-05 02:00:00,MLO,3.6
2022-02-05 03:00:00,MLO,3.3
2022-02-05 04:00:00,MLO,1.9
2022-02-05 05:00:00,MLO,1.9
2022-02-05 06:00:00,MLO,2.9
2022-02-05 07:00:00,MLO,4.1
2022-02-05 08:00:00,MLO,4.7
2022-02-05 09:00:00,MLO,5.1
2022-02-05 10:00:00,MLO,5.3
2022-02-05 11:00:00,MLO,6.1
2022-02-05 12:00:00,MLO,5.5
2022-02-05 13:00:00,MLO,5.0
2022-02-05 14:00:00,MLO,1.5
2022-02-05 15:00:00,MLO,1.4
2022-02-05 16:00:00,MLO,2.5
2022-02-05 17:00:00,MLO,2.4
2022-02-05 18:00:00,MLO,1.6
2022-02-05 19:00:00,MLO,3.5
2022-02-05 20:00:00,MLO,3.2
2022-02-05 21:00:00,MLO,3.7
2022-02-05 22:00:00,MLO,4.0
2022-02-05 23:00:00,MLO,4.5
2022-02-06 00:00:00,MLO,2.8
2022-02-06 01:00:00,MLO,3.6
2022-02-06 02:00:00,MLO,1.0
2022-02-06 03:00:00,MLO,1.2
2022-02-06 04:00:00,MLO,2.3
2022-02-06 05:00:00,MLO,2.7
2022-02-06 06:00:00,MLO,2.6
2022-02-06 07:00:00,MLO,3.6
2022-02-06 08:00:00,MLO,3.8
2022-02-06 09:00:00,MLO,4.0
2022-02-06 10:00:00,MLO,4.5
2022-02-06 11:00:00,MLO,4.2
2022-02-06 12:00:00,MLO,4.6
2022-02-06 13:00:00,MLO,5.1
2022-02-06 14:00:00,MLO,4.8
2022-02-06 15:00:00,MLO,4.6
2022-02-06 16:00:00,MLO,4.1
2022-02-06 17:00:00,MLO,4.1
2022-02-06 18:00:00,MLO,3.8
2022-02-06 19:00:00,MLO,3.5
2022-02-06 20:00:00,MLO,4.2
2022-02-06 21:00:00,MLO,4.2
2022-02-06 22:00:00,MLO,5.2
2022-02-06 23:00:00,MLO,5.8
2022-02-07 00:00:00,MLO,4.7
2022-02-07 01:00:00,MLO,3.3
2022-02-07 02:00:00,MLO,3.3
2022-02-07 03:00:00,MLO,2.6
2022-02-07 04:00:00,MLO,0.4
2022-02-07 05:00:00,MLO,0.3
2022-02-07 06:00:00,MLO,1.2
2022-02-07 07:00:00,MLO,0.9
2022-02-07 08:00:00,MLO,3.3
2022-02-07 09:00:00,MLO,5.6
2022-02-07 10:00:00,MLO,5.8
2022-02-07 11:00:00,MLO,7.1
2022-02-07 12:00:00,MLO,7.5
2022-02-07 13:00:00,MLO,7.2
2022-02-07 14:00:00,MLO,7.1
2022-02-07 15:00:00,MLO,6.7
2022-02-07 16:00:00,MLO,6.9
2022-02-07 17:00:00,MLO,6.5
2022-02-07 18:00:00,MLO,5.2
2022-02-07 19:00:00,MLO,6.0
2022-02-07 20:00:00,MLO,6.0
2022-02-07 21:00:00,MLO,5.8
2022-02-07 22:00:00,MLO,5.5
2022-02-07 23:00:00,MLO,6.1
2022-02-08 00:00:00,MLO,5.9
2022-02-08 01:00:00,MLO,5.6
2022-02-08 02:00:00,MLO,5.5
2022-02-08 03:00:00,MLO,3.7
2022-02-08 04:00:00,MLO,2.8
2022-02-08 05:00:00,MLO,3.4
2022-02-08 06:00:00,MLO,4.0
2022-02-08 07:00:00,MLO,4.3
2022-02-08 08:00:00,MLO,5.0
2022-02-08 09:00:00,MLO,5.0
2022-02-08 10:00:00,MLO,5.0
2022-02-08 11:00:00,MLO,3.7
2022-02-08 12:00:00,MLO,4.1
2022-02-08 13:00:00,MLO,3.8
2022-02-08 14:00:00,MLO,3.9
2022-02-08 15:00:00,MLO,3.3
2022-02-08 16:00:00,MLO,4.6
2022-02-08 17:00:00,MLO,3.9
2022-02-08 18:00:00,MLO,3.7
2022-02-08 19:00:00,MLO,4.4
2022-02-08 20:00:00,MLO,5.2
2022-02-08 21:00:00,MLO,5.1
2022-02-08 22:00:00,MLO,5.5
2022-02-08 23:00:00,MLO,5.0
2022-02-09 00:00:00,MLO,4.5
2022-02-09 01:00:00,MLO,4.6
2022-02-09 02:00:00,MLO,3.3
2022-02-09 03:00:00,MLO,3.0
2022-02-09 04:00:00,MLO,1.1
2022-02-09 05:00:00,MLO,2.2
2022-02-09 06:00:00,MLO,3.2
2022-02-09 07:00:00,MLO,3.7
2022-02-09 08:00:00,MLO,4.0
2022-02-09 09:00:00,MLO,3.9
2022-02-09 10:00:00,MLO,4.2
2022-02-09 11:00:00,MLO,4.9
2022-02-09 12:00:00,MLO,5.1
2022-02-09 13:00:00,MLO,4.3
2022-02-09 14:00:00,MLO,3.6
2022-02-09 15:00:00,MLO,2.9
2022-02-09 16:00:00,MLO,4.2
2022-02-09 17:00:00,MLO,4.8
2022-02-09 18:00:00,MLO,4.0
2022-02-09 19:00:00,MLO,4.0
2022-02-09 20:00:00,MLO,4.2
2022-02-09 21:00:00,MLO,4.4
2022-02-09 22:00:00,MLO,4.0
2022-02-09 23:00:00,MLO,3.3
2022-02-10 00:00:00,MLO,3.0
2022-02-10 01:00:00,MLO,2.8
2022-02-10 02:00:00,MLO,2.2
2022-02-10 03:00:00,MLO,1.7
2022-02-10 04:00:00,MLO,0.9
2022-02-10 05:00:00,MLO,0.7
2022-02-10 06:00:00,MLO,1.9
2022-02-10 07:00:00,MLO,2.7
2022-02-10 08:00:00,MLO,3.8
2022-02-10 09:00:00,MLO,4.2
2022-02-10 10:00:00,MLO,2.9
2022-02-10 11:00:00,MLO,2.6
2022-02-10 12:00:00,MLO,3.1
2022-02-10 13:00:00,MLO,2.7
2022-02-10 14:00:00,MLO,2.6
2022-02-10 15:00:00,MLO,3.2
2022-02-10 16:00:00,MLO,4.1
2022-02-10 17:00:00,MLO,3.8
2022-02-10 18:00:00,MLO,2.5
2022-02-10 19:00:00,MLO,3.0
2022-02-10 20:00:00,MLO,3.5
2022-02-10 21:00:00,MLO,4.4
2022-02-10 22:00:00,MLO,4.1
2022-02-10 23:00:00,MLO,3.4
2022-02-11 00:00:00,MLO,3.2
2022-02-11 01:00:00,MLO,3.0
2022-02-11 02:00:00,MLO,2.3
2022-02-11 03:00:00,MLO,1.9
2022-02-11 04:00:00,MLO,0.8
2022-02-11 05:00:00,MLO,0.7
2022-02-11 06:00:00,MLO,1.8
2022-02-11 07:00:00,MLO,2.7
2022-02-11 08:00:00,MLO,3.7
2022-02-11 09:00:00,MLO,4.2
2022-02-11 10:00:00,MLO,4.4
2022-02-11 11:00:00,MLO,4.5
2022-02-11 12:00:00,MLO,5.1
2022-02-11 13:00:00,MLO,5.4
2022-02-11 14:00:00,MLO,5.5
2022-02-11 15:00:00,MLO,5.7
2022-02-11 16:00:00,MLO,5.5
2022-02-11 17:00:00,MLO,5.3
2022-02-11 18:00:00,MLO,2.3
2022-02-11 19:00:00,MLO,2.2
2022-02-11 20:00:00,MLO,3.5
2022-02-11 21:00:00,MLO,4.1
2022-02-11 22:00:00,MLO,5.0
2022-02-11 23:00:00,MLO,5.2
2022-02-12 00:00:00,MLO,4.6
2022-02-12 01:00:00,MLO,3.8
2022-02-12 02:00:00,MLO,3.9
2022-02-12 03:00:00,MLO,4.2
2022-02-12 04:00:00,MLO,4.0
2022-02-12 05:00:00,MLO,4.2
2022-02-12 06:00:00,MLO,4.8
2022-02-12 07:00:00,MLO,5.5
2022-02-12 08:00:00,MLO,5.5
2022-02-12 09:00:00,MLO,5.8
2022-02-12 10:00:00,MLO,5.9
2022-02-12 11:00:00,MLO,6.0
2022-02-12 12:00:00,MLO,5.5
2022-02-12 13:00:00,MLO,5.0
2022-02-12 14:00:00,MLO,4.9
2022-02-12 15:00:00,MLO,5.2
2022-02-12 16:00:00,MLO,5.2
2022-02-12 17:00:00,MLO,4.8
2022-02-12 18:00:00,MLO,5.2
2022-02-12 19:00:00,MLO,5.5
2022-02-12 20:00:00,MLO,4.8
2022-02-12 21:00:00,MLO,4.1
2022-02-12 22:00:00,MLO,4.9
2022-02-12 23:00:00,MLO,4.6
2022-02-13 00:00:00,MLO,4.6
2022-02-13 01:00:00,MLO,4.8
2022-02-13 02:00:00,MLO,4.7
2022-02-13 03:00:00,MLO,4.6
2022-02-13 04:00:00,MLO,4.7
2022-02-13 05:00:00,MLO,5.7
2022-02-13 06:00:00,MLO,5.2
2022-02-13 07:00:00,MLO,5.1
2022-02-13 08:00:00,MLO,4.8
2022-02-13 09:00:00,MLO,4.6
2022-02-13 10:00:00,MLO,4.6
2022-02-13 11:00:00,MLO,4.2
2022-02-13 12:00:00,MLO,3.7
2022-02-13 13:00:00,MLO,3.3
2022-02-13 14:00:00,MLO,2.9
2022-02-13 15:00:00,MLO,1.6
2022-02-13 16:00:00,MLO,2.0
2022-02-13 17:00:00,MLO,0.6
2022-02-13 18:00:00,MLO,1.6
2022-02-13 19:00:00,MLO,3.0
2022-02-13 20:00:00,MLO,3.2
2022-02-13 21:00:00,MLO,4.1
2022-02-13 22:00:00,MLO,4.8
2022-02-13 23:00:00,MLO,4.6
2022-02-14 00:00:00,MLO,4.3
2022-02-14 01:00:00,MLO,4.9
2022-02-14 02:00:00,MLO,4.0
2022-02-14 03:00:00,MLO,3.1
2022-02-14 04:00:00,MLO,3.5
2022-02-14 05:00:00,MLO,3.4
2022-02-14 06:00:00,MLO,3.6
2022-02-14 07:00:00,MLO,3.5
2022-02-14 08:00:00,MLO,4.9
2022-02-14 09:00:00,MLO,5.8
2022-02-14 10:00:00,MLO,6.1
2022-02-14 11:00:00,MLO,6.5
2022-02-14 12:00:00,MLO,6.7
2022-02-14 13:00:00,MLO,7.5
2022-02-14 14:00:00,MLO,7.5
2022-02-14 15:00:00,MLO,7.7
2022-02-14 16:00:00,MLO,7.1
2022-02-14 17:00:00,MLO,6.7
2022-02-14 18:00:00,MLO,5.9
2022-02-14 19:00:00,MLO,5.1
2022-02-14 20:00:00,MLO,5.7
2022-02-14 21:00:00,MLO,6.6
2022-02-14 22:00:00,MLO,6.2
2022-02-14 23:00:00,MLO,5.6
2022-02-15 00:00:00,MLO,4.8
2022-02-15 01:00:00,MLO,4.9
2022-02-15 02:00:00,MLO,3.1
2022-02-15 03:00:00,MLO,4.5
2022-02-15 04:00:00,MLO,3.3
2022-02-15 05:00:00,MLO,1.8
2022-02-15 06:00:00,MLO,1.6
2022-02-15 07:00:00,MLO,2.2
2022-02-15 08:00:00,MLO,2.9
2022-02-15 09:00:00,MLO,3.4
2022-02-15 10:00:00,MLO,3.1
2022-02-15 11:00:00,MLO,2.3
2022-02-15 12:00:00,MLO,2.4
2022-02-15 13:00:00,MLO,2.3
2022-02-15 14:00:00,MLO,3.5
2022-02-15 15:00:00,MLO,2.9
2022-02-15 16:00:00,MLO,2.4
2022-02-15 17:00:00,MLO,3.1
2022-02-15 18:00:00,MLO,3.2
2022-02-15 19:00:00,MLO,3.3
2022-02-15 20:00:00,MLO,3.8
2022-02-15 21:00:00,MLO,2.9
2022-02-15 22:00:00,MLO,3.7
2022-02-15 23:00:00,MLO,3.2
2022-02-16 00:00:00,MLO,3.1
2022-02-16 01:00:00,MLO,3.0
2022-02-16 02:00:00,MLO,1.8
2022-02-16 03:00:00,MLO,1.5
2022-02-16 04:00:00,MLO,0.7
2022-02-16 05:00:00,MLO,2.1
2022-02-16 06:00:00,MLO,2.1
2022-02-16 07:00:00,MLO,1.6
2022-02-16 08:00:00,MLO,1.1
2022-02-16 09:00:00,MLO,1.2
2022-02-16 10:00:00,MLO,1.8
2022-02-16 11:00:00,MLO,2.4
2022-02-16 12:00:00,MLO,2.3
2022-02-16 13:00:00,MLO,2.4
2022-02-16 14:00:00,MLO,3.3
2022-02-16 15:00:00,MLO,2.8
2022-02-16 16:00:00,MLO,4.1
2022-02-16 17:00:00,MLO,1.3
2022-02-16 18:00:00,MLO,0.9
2022-02-16 19:00:00,MLO,1.1
2022-02-16 20:00:00,MLO,2.4
2022-02-16 21:00:00,MLO,3.0
2022-02-16 22:00:00,MLO,3.8
2022-02-16 23:00:00,MLO,3.4
2022-02-17 00:00:00,MLO,2.8
2022-02-17 01:00:00,MLO,3.1
2022-02-17 02:00:00,MLO,2.8
2022-02-17 03:00:00,MLO,3.2
2022-02-17 04:00:00,MLO,0.9
2022-02-17 05:00:00,MLO,3.7
2022-02-17 06:00:00,MLO,1.2
2022-02-17 07:00:00,MLO,5.9
2022-02-17 08:00:00,MLO,7.1
2022-02-17 09:00:00,MLO,7.8
2022-02-17 10:00:00,MLO,1.1
2022-02-17 11:00:00,MLO,1.8
2022-02-17 12:00:00,MLO,3.1
2022-02-17 13:00:00,MLO,4.1
2022-02-17 14:00:00,MLO,3.0
2022-02-17 15:00:00,MLO,3.1
2022-02-17 16:00:00,MLO,4.6
2022-02-17 17:00:00,MLO,3.8
2022-02-17 18:00:00,MLO,0.5
2022-02-17 19:00:00,MLO,2.1
2022-02-17 20:00:00,MLO,3.1
2022-02-17 21:00:00,MLO,3.3
2022-02-17 22:00:00,MLO,4.1
2022-02-17 23:00:00,MLO,4.3
2022-02-18 00:00:00,MLO,4.2
2022-02-18 01:00:00,MLO,3.9
2022-02-18 02:00:00,MLO,3.3
2022-02-18 03:00:00,MLO,2.3
2022-02-18 04:00:00,MLO,1.6
2022-02-18 05:00:00,MLO,1.5
2022-02-18 06:00:00,MLO,1.5
2022-02-18 07:00:00,MLO,1.7
2022-02-18 08:00:00,MLO,2.2
2022-02-18 09:00:00,MLO,0.8
2022-02-18 10:00:00,MLO,2.0
2022-02-18 11:00:00,MLO,1.9
2022-02-18 12:00:00,MLO,2.3
2022-02-18 13:00:00,MLO,2.4
2022-02-18 14:00:00,MLO,3.0
2022-02-18 15:00:00,MLO,2.8
2022-02-18 16:00:00,MLO,2.8
2022-02-18 17:00:00,MLO,2.4
2022-02-18 18:00:00,MLO,1.2
2022-02-18 19:00:00,MLO,2.2
2022-02-18 20:00:00,MLO,2.9
2022-02-18 21:00:00,MLO,3.6
2022-02-18 22:00:00,MLO,3.8
2022-02-18 23:00:00,MLO,4.4
2022-02-19 00:00:00,MLO,4.6
2022-02-19 01:00:00,MLO,3.3
2022-02-19 02:00:00,MLO,2.7
2022-02-19 03:00:00,MLO,2.0
2022-02-19 04:00:00,MLO,2.0
2022-02-19 05:00:00,MLO,1.3
2022-02-19 06:00:00,MLO,1.9
2022-02-19 07:00:00,MLO,1.4
2022-02-19 08:00:00,MLO,2.2
2022-02-19 09:00:00,MLO,2.8
2022-02-19 10:00:00,MLO,2.9
2022-02-19 11:00:00,MLO,4.6
2022-02-19 12:00:00,MLO,3.2
2022-02-19 13:00:00,MLO,2.5
2022-02-19 14:00:00,MLO,3.7
2022-02-19 15:00:00,MLO,5.1
2022-02-19 16:00:00,MLO,7.9
2022-02-19 17:00:00,MLO,5.3
2022-02-19 18:00:00,MLO,1.0
2022-02-19 19:00:00,MLO,1.2
2022-02-19 20:00:00,MLO,2.7
2022-02-19 21:00:00,MLO,4.2
2022-02-19 22:00:00,MLO,3.4
2022-02-19 23:00:00,MLO,2.9
2022-02-20 00:00:00,MLO,4.3
2022-02-20 01:00:00,MLO,3.7
2022-02-20 02:00:00,MLO,3.9
2022-02-20 03:00:00,MLO,3.6
2022-02-20 04:00:00,MLO,0.7
2022-02-20 05:00:00,MLO,3.3
2022-02-20 06:00:00,MLO,3.3
2022-02-20 07:00:00,MLO,2.8
2022-02-20 08:00:00,MLO,2.6
2022-02-20 09:00:00,MLO,2.3
2022-02-20 10:00:00,MLO,3.7
2022-02-20 11:00:00,MLO,3.2
2022-02-20 12:00:00,MLO,3.9
2022-02-20 13:00:00,MLO,3.7
2022-02-20 14:00:00,MLO,4.3
2022-02-20 15:00:00,MLO,4.0
2022-02-20 16:00:00,MLO,3.9
2022-02-20 17:00:00,MLO,3.3
2022-02-20 18:00:00,MLO,0.9
2022-02-20 19:00:00,MLO,1.9
2022-02-20 20:00:00,MLO,3.0
2022-02-20 21:00:00,MLO,2.6
2022-02-20 22:00:00,MLO,4.1
2022-02-20 23:00:00,MLO,4.1
2022-02-21 00:00:00,MLO,3.3
2022-02-21 01:00:00,MLO,2.8
2022-02-21 02:00:00,MLO,3.1
2022-02-21 03:00:00,MLO,2.5
2022-02-21 04:00:00,MLO,1.6
2022-02-21 05:00:00,MLO,2.3
2022-02-21 06:00:00,MLO,1.8
2022-02-21 07:00:00,MLO,1.6
2022-02-21 08:00:00,MLO,1.8
2022-02-21 09:00:00,MLO,1.8
2022-02-21 10:00:00,MLO,2.4
2022-02-21 11:00:00,MLO,2.3
2022-02-21 12:00:00,MLO,2.1
2022-02-21 13:00:00,MLO,2.1
2022-02-21 14:00:00,MLO,3.3
2022-02-21 15:00:00,MLO,5.0
2022-02-21 16:00:00,MLO,4.9
2022-02-21 17:00:00,MLO,5.0
2022-02-21 18:00:00,MLO,4.4
2022-02-21 19:00:00,MLO,5.4
2022-02-21 20:00:00,MLO,4.7
2022-02-21 21:00:00,MLO,5.1
2022-02-21 22:00:00,MLO,6.3
2022-02-21 23:00:00,MLO,7.3
2022-02-22 00:00:00,MLO,6.0
2022-02-22 01:00:00,MLO,3.6
2022-02-22 02:00:00,MLO,3.7
2022-02-22 03:00:00,MLO,3.5
2022-02-22 04:00:00,MLO,4.0
2022-02-22 05:00:00,MLO,4.0
2022-02-22 06:00:00,MLO,4.6
2022-02-22 07:00:00,MLO,4.8
2022-02-22 08:00:00,MLO,5.1
2022-02-22 09:00:00,MLO,5.9
2022-02-22 10:00:00,MLO,5.9
2022-02-22 11:00:00,MLO,6.2
2022-02-22 12:00:00,MLO,6.5
2022-02-22 13:00:00,MLO,6.9
2022-02-22 14:00:00,MLO,7.3
2022-02-22 15:00:00,MLO,8.0
2022-02-22 16:00:00,MLO,7.0
2022-02-22 17:00:00,MLO,5.3
2022-02-22 18:00:00,MLO,5.2
2022-02-22 19:00:00,MLO,5.3
2022-02-22 20:00:00,MLO,5.1
2022-02-22 21:00:00,MLO,3.7
2022-02-22 22:00:00,MLO,3.9
2022-02-22 23:00:00,MLO,2.6
2022-02-23 00:00:00,MLO,2.0
2022-02-23 01:00:00,MLO,2.4
2022-02-23 02:00:00,MLO,6.1
2022-02-23 03:00:00,MLO,6.0
2022-02-23 04:00:00,MLO,5.8
2022-02-23 05:00:00,MLO,6.1
2022-02-23 06:00:00,MLO,6.1
2022-02-23 07:00:00,MLO,6.8
2022-02-23 08:00:00,MLO,7.5
2022-02-23 09:00:00,MLO,7.8
2022-02-23 10:00:00,MLO,8.1
2022-02-23 11:00:00,MLO,8.0
2022-02-23 12:00:00,MLO,7.5
2022-02-23 13:00:00,MLO,7.1
2022-02-23 14:00:00,MLO,6.6
2022-02-23 15:00:00,MLO,7.5
2022-02-23 16:00:00,MLO,8.2
2022-02-23 17:00:00,MLO,9.3
2022-02-23 18:00:00,MLO,9.4
2022-02-23 19:00:00,MLO,8.4
2022-02-23 20:00:00,MLO,8.3
2022-02-23 21:00:00,MLO,8.7
2022-02-23 22:00:00,MLO,8.0
2022-02-23 23:00:00,MLO,7.7
2022-02-24 00:00:00,MLO,8.1
2022-02-24 01:00:00,MLO,8.4
2022-02-24 02:00:00,MLO,8.2
2022-02-24 03:00:00,MLO,7.7
2022-02-24 04:00:00,MLO,8.1
2022-02-24 05:00:00,MLO,7.7
2022-02-24 06:00:00,MLO,7.9
2022-02-24 07:00:00,MLO,9.4
2022-02-24 08:00:00,MLO,9.7
2022-02-24 09:00:00,MLO,12.0
2022-02-24 10:00:00,MLO,10.4
2022-02-24 11:00:00,MLO,8.9
2022-02-24 12:00:00,MLO,6.6
2022-02-24 13:00:00,MLO,2.9
2022-02-24 14:00:00,MLO,2.4
2022-02-24 15:00:00,MLO,6.4
2022-02-24 16:00:00,MLO,6.4
2022-02-24 17:00:00,MLO,3.6
2022-02-24 18:00:00,MLO,2.5
2022-02-24 19:00:00,MLO,3.6
2022-02-24 20:00:00,MLO,4.1
2022-02-24 21:00:00,MLO,5.1
2022-02-24 22:00:00,MLO,5.8
2022-02-24 23:00:00,MLO,5.8
2022-02-25 00:00:00,MLO,5.9
2022-02-25 01:00:00,MLO,5.0
2022-02-25 02:00:00,MLO,5.8
2022-02-25 03:00:00,MLO,5.3
2022-02-25 04:00:00,MLO,6.1
2022-02-25 05:00:00,MLO,3.2
2022-02-25 06:00:00,MLO,6.0
2022-02-25 07:00:00,MLO,7.1
2022-02-25 08:00:00,MLO,7.3
2022-02-25 09:00:00,MLO,7.3
2022-02-25 10:00:00,MLO,8.3
2022-02-25 11:00:00,MLO,8.0
2022-02-25 12:00:00,MLO,7.8
2022-02-25 13:00:00,MLO,8.3
2022-02-25 14:00:00,MLO,8.8
2022-02-25 15:00:00,MLO,9.0
2022-02-25 16:00:00,MLO,9.1
2022-02-25 17:00:00,MLO,9.2
2022-02-25 18:00:00,MLO,9.1
2022-02-25 19:00:00,MLO,9.7
2022-02-25 20:00:00,MLO,9.4
2022-02-25 21:00:00,MLO,9.1
2022-02-25 22:00:00,MLO,8.7
2022-02-25 23:00:00,MLO,8.1
2022-02-26 00:00:00,MLO,7.0
2022-02-26 01:00:00,MLO,7.4
2022-02-26 02:00:00,MLO,8.7
2022-02-26 03:00:00,MLO,9.4
2022-02-26 04:00:00,MLO,7.0
2022-02-26 05:00:00,MLO,8.5
2022-02-26 06:00:00,MLO,6.7
2022-02-26 07:00:00,MLO,6.9
2022-02-26 08:00:00,MLO,8.8
2022-02-26 09:00:00,MLO,10.1
2022-02-26 10:00:00,MLO,9.2
2022-02-26 11:00:00,MLO,8.2
2022-02-26 12:00:00,MLO,7.9
2022-02-26 13:00:00,MLO,7.8
2022-02-26 14:00:00,MLO,8.8
2022-02-26 15:00:00,MLO,8.4
2022-02-26 16:00:00,MLO,9.4
2022-02-26 17:00:00,MLO,8.6
2022-02-26 18:00:00,MLO,6.3
2022-02-26 19:00:00,MLO,5.5
2022-02-26 20:00:00,MLO,5.3
2022-02-26 21:00:00,MLO,5.4
2022-02-26 22:00:00,MLO,5.9
2022-02-26 23:00:00,MLO,6.0
2022-02-27 00:00:00,MLO,6.1
2022-02-27 01:00:00,MLO,7.0
2022-02-27 02:00:00,MLO,8.1
2022-02-27 03:00:00,MLO,8.9
2022-02-27 04:00:00,MLO,9.7
2022-02-27 05:00:00,MLO,10.3
2022-02-27 06:00:00,MLO,10.1
2022-02-27 07:00:00,MLO,8.9
2022-02-27 08:00:00,MLO,8.1
2022-02-27 09:00:00,MLO,8.8
2022-02-27 10:00:00,MLO,7.6
2022-02-27 11:00:00,MLO,6.4
2022-02-27 12:00:00,MLO,7.5
2022-02-27 13:00:00,MLO,8.1
2022-02-27 14:00:00,MLO,2.0
2022-02-27 15:00:00,MLO,1.4
2022-02-27 16:00:00,MLO,1.0
2022-02-27 17:00:00,MLO,3.7
2022-02-27 18:00:00,MLO,1.0
2022-02-27 19:00:00,MLO,2.0
2022-02-27 20:00:00,MLO,2.7
2022-02-27 21:00:00,MLO,3.9
2022-02-27 22:00:00,MLO,3.9
2022-02-27 23:00:00,MLO,4.6
2022-02-28 00:00:00,MLO,3.6
2022-02-28 01:00:00,MLO,4.6
2022-02-28 02:00:00,MLO,4.0
2022-02-28 03:00:00,MLO,2.5
2022-02-28 04:00:00,MLO,1.1
2022-02-28 05:00:00,MLO,1.1
2022-02-28 06:00:00,MLO,2.0
2022-02-28 07:00:00,MLO,2.2
2022-02-28 08:00:00,MLO,2.9
2022-02-28 09:00:00,MLO,2.8
2022-02-28 10:00:00,MLO,3.2
2022-02-28 11:00:00,MLO,3.5
2022-02-28 12:00:00,MLO,3.3
2022-02-28 13:00:00,MLO,2.9
2022-02-28 14:00:00,MLO,4.4
2022-02-28 15:00:00,MLO,2.7
2022-02-28 16:00:00,MLO,5.0
2022-02-28 17:00:00,MLO,3.7
2022-02-28 18:00:00,MLO,2.6
2022-02-28 19:00:00,MLO,2.3
2022-02-28 20:00:00,MLO,3.2
2022-02-28 21:00:00,MLO,3.4
2022-02-28 22:00:00,MLO,4.0
2022-02-28 23:00:00,MLO,4.1
2022-03-01 00:00:00,MLO,3.8
2022-03-01 01:00:00,MLO,4.2
2022-03-01 02:00:00,MLO,2.8
2022-03-01 03:00:00,MLO,2.3
2022-03-01 04:00:00,MLO,1.2
2022-03-01 05:00:00,MLO,1.0
2022-03-01 06:00:00,MLO,0.9
2022-03-01 07:00:00,MLO,1.5
2022-03-01 08:00:00,MLO,2.4
2022-03-01 09:00:00,MLO,3.6
2022-03-01 10:00:00,MLO,4.1
2022-03-01 11:00:00,MLO,4.4
2022-03-01 12:00:00,MLO,5.8
2022-03-01 13:00:00,MLO,5.1
2022-03-01 14:00:00,MLO,5.1
2022-03-01 15:00:00,MLO,5.8
2022-03-01 16:00:00,MLO,6.2
2022-03-01 17:00:00,MLO,5.5
2022-03-01 18:00:00,MLO,4.4
2022-03-01 19:00:00,MLO,5.2
2022-03-01 20:00:00,MLO,4.1
2022-03-01 21:00:00,MLO,4.2
2022-03-01 22:00:00,MLO,4.1
2022-03-01 23:00:00,MLO,4.1
2022-03-02 00:00:00,MLO,4.6
2022-03-02 01:00:00,MLO,4.6
2022-03-02 02:00:00,MLO,2.9
2022-03-02 03:00:00,MLO,1.9
2022-03-02 04:00:00,MLO,3.3
2022-03-02 05:00:00,MLO,4.2
2022-03-02 06:00:00,MLO,0.7
2022-03-02 07:00:00,MLO,4.2
2022-03-02 08:00:00,MLO,6.4
2022-03-02 09:00:00,MLO,6.3
2022-03-02 10:00:00,MLO,6.6
2022-03-02 11:00:00,MLO,5.8
2022-03-02 12:00:00,MLO,7.0
2022-03-02 13:00:00,MLO,6.4
2022-03-02 14:00:00,MLO,5.8
2022-03-02 15:00:00,MLO,5.2
2022-03-02 16:00:00,MLO,4.2
2022-03-02 17:00:00,MLO,2.2
2022-03-02 18:00:00,MLO,1.7
2022-03-02 19:00:00,MLO,2.0
2022-03-02 20:00:00,MLO,2.3
2022-03-02 21:00:00,MLO,3.8
2022-03-02 22:00:00,MLO,3.6
2022-03-02 23:00:00,MLO,5.3
2022-03-03 00:00:00,MLO,4.9
2022-03-03 01:00:00,MLO,4.5
2022-03-03 02:00:00,MLO,1.6
2022-03-03 03:00:00,MLO,1.1
2022-03-03 04:00:00,MLO,0.7
2022-03-03 05:00:00,MLO,7.4
2022-03-03 06:00:00,MLO,8.0
2022-03-03 07:00:00,MLO,8.7
2022-03-03 08:00:00,MLO,9.1
2022-03-03 09:00:00,MLO,9.4
2022-03-03 10:00:00,MLO,8.8
2022-03-03 11:00:00,MLO,8.5
2022-03-03 12:00:00,MLO,9.9
2022-03-03 13:00:00,MLO,10.1
2022-03-03 14:00:00,MLO,9.4
2022-03-03 15:00:00,MLO,9.9
2022-03-03 16:00:00,MLO,10.1
2022-03-03 17:00:00,MLO,10.0
2022-03-03 18:00:00,MLO,10.5
2022-03-03 19:00:00,MLO,10.5
2022-03-03 20:00:00,MLO,11.0
2022-03-03 21:00:00,MLO,11.3
2022-03-03 22:00:00,MLO,10.1
2022-03-03 23:00:00,MLO,10.6
2022-03-04 00:00:00,MLO,9.3
2022-03-04 01:00:00,MLO,9.5
2022-03-04 02:00:00,MLO,9.2
2022-03-04 03:00:00,MLO,9.2
2022-03-04 04:00:00,MLO,9.6
2022-03-04 05:00:00,MLO,10.1
2022-03-04 06:00:00,MLO,9.2
2022-03-04 07:00:00,MLO,8.6
2022-03-04 08:00:00,MLO,8.8
2022-03-04 09:00:00,MLO,8.5
2022-03-04 10:00:00,MLO,9.2
2022-03-04 11:00:00,MLO,8.4
2022-03-04 12:00:00,MLO,7.8
2022-03-04 13:00:00,MLO,7.7
2022-03-04 14:00:00,MLO,7.8
2022-03-04 15:00:00,MLO,8.0
2022-03-04 16:00:00,MLO,7.7
2022-03-04 17:00:00,MLO,6.2
2022-03-04 18:00:00,MLO,5.5
2022-03-04 19:00:00,MLO,5.5
2022-03-04 20:00:00,MLO,5.9
2022-03-04 21:00:00,MLO,5.9
2022-03-04 22:00:00,MLO,5.8
2022-03-04 23:00:00,MLO,6.0
2022-03-05 00:00:00,MLO,5.3
2022-03-05 01:00:00,MLO,5.4
2022-03-05 02:00:00,MLO,5.0
2022-03-05 03:00:00,MLO,6.1
2022-03-05 04:00:00,MLO,5.9
2022-03-05 05:00:00,MLO,5.7
2022-03-05 06:00:00,MLO,5.3
2022-03-05 07:00:00,MLO,5.1
2022-03-05 08:00:00,MLO,4.3
2022-03-05 09:00:00,MLO,4.6
2022-03-05 10:00:00,MLO,4.3
2022-03-05 11:00:00,MLO,3.9
2022-03-05 12:00:00,MLO,3.3
2022-03-05 13:00:00,MLO,2.7
2022-03-05 14:00:00,MLO,2.4
2022-03-05 15:00:00,MLO,2.5
2022-03-05 16:00:00,MLO,2.5
2022-03-05 17:00:00,MLO,2.6
2022-03-05 18:00:00,MLO,2.2
2022-03-05 19:00:00,MLO,3.0
2022-03-05 20:00:00,MLO,3.3
2022-03-05 21:00:00,MLO,3.3
2022-03-05 22:00:00,MLO,3.5
2022-03-05 23:00:00,MLO,3.9
2022-03-06 00:00:00,MLO,3.7
2022-03-06 01:00:00,MLO,3.6
2022-03-06 02:00:00,MLO,4.2
2022-03-06 03:00:00,MLO,4.3
2022-03-06 04:00:00,MLO,4.0
2022-03-06 05:00:00,MLO,4.0
2022-03-06 06:00:00,MLO,4.1
2022-03-06 07:00:00,MLO,5.0
2022-03-06 08:00:00,MLO,5.9
2022-03-06 09:00:00,MLO,6.2
2022-03-06 10:00:00,MLO,6.4
2022-03-06 11:00:00,MLO,6.6
2022-03-06 12:00:00,MLO,7.3
2022-03-06 13:00:00,MLO,7.1
2022-03-06 14:00:00,MLO,6.9
2022-03-06 15:00:00,MLO,6.7
2022-03-06 16:00:00,MLO,5.9
2022-03-06 17:00:00,MLO,5.7
2022-03-06 18:00:00,MLO,5.7
2022-03-06 19:00:00,MLO,5.7
2022-03-06 20:00:00,MLO,5.0
2022-03-06 21:00:00,MLO,4.6
2022-03-06 22:00:00,MLO,4.8
2022-03-06 23:00:00,MLO,4.7
2022-03-07 00:00:00,MLO,4.6
2022-03-07 01:00:00,MLO,4.6
2022-03-07 02:00:00,MLO,4.2
2022-03-07 03:00:00,MLO,4.2
2022-03-07 04:00:00,MLO,4.4
2022-03-07 05:00:00,MLO,4.5
2022-03-07 06:00:00,MLO,4.9
2022-03-07 07:00:00,MLO,5.1
2022-03-07 08:00:00,MLO,5.3
2022-03-07 09:00:00,MLO,4.8
2022-03-07 10:00:00,MLO,4.4
2022-03-07 11:00:00,MLO,3.7
2022-03-07 12:00:00,MLO,3.9
2022-03-07 13:00:00,MLO,4.8
2022-03-07 14:00:00,MLO,4.9
2022-03-07 15:00:00,MLO,5.0
2022-03-07 16:00:00,MLO,4.8
2022-03-07 17:00:00,MLO,4.0
2022-03-07 18:00:00,MLO,3.5
2022-03-07 19:00:00,MLO,4.3
2022-03-07 20:00:00,MLO,4.1
2022-03-07 21:00:00,MLO,4.5
2022-03-07 22:00:00,MLO,5.0
2022-03-07 23:00:00,MLO,4.7
2022-03-08 00:00:00,MLO,4.2
2022-03-08 01:00:00,MLO,3.8
2022-03-08 02:00:00,MLO,2.9
2022-03-08 03:00:00,MLO,2.3
2022-03-08 04:00:00,MLO,4.7
2022-03-08 05:00:00,MLO,4.4
2022-03-08 06:00:00,MLO,3.5
2022-03-08 07:00:00,MLO,2.8
2022-03-08 08:00:00,MLO,4.0
2022-03-08 09:00:00,MLO,5.3
2022-03-08 10:00:00,MLO,1.6
2022-03-08 11:00:00,MLO,5.4
2022-03-08 12:00:00,MLO,2.4
2022-03-08 13:00:00,MLO,3.7
2022-03-08 14:00:00,MLO,6.3
2022-03-08 15:00:00,MLO,6.1
2022-03-08 16:00:00,MLO,5.7
2022-03-08 17:00:00,MLO,5.7
2022-03-08 18:00:00,MLO,5.0
2022-03-08 19:00:00,MLO,2.4
2022-03-08 20:00:00,MLO,3.8
2022-03-08 21:00:00,MLO,4.2
2022-03-08 22:00:00,MLO,4.6
2022-03-08 23:00:00,MLO,4.4
2022-03-09 00:00:00,MLO,4.3
2022-03-09 01:00:00,MLO,4.0
2022-03-09 02:00:00,MLO,3.7
2022-03-09 03:00:00,MLO,2.6
2022-03-09 04:00:00,MLO,2.6
2022-03-09 05:00:00,MLO,0.9
2022-03-09 06:00:00,MLO,2.0
2022-03-09 07:00:00,MLO,1.9
2022-03-09 08:00:00,MLO,3.3
2022-03-09 09:00:00,MLO,2.6
2022-03-09 10:00:00,MLO,2.1
2022-03-09 11:00:00,MLO,1.5
2022-03-09 12:00:00,MLO,1.7
2022-03-09 13:00:00,MLO,2.5
2022-03-09 14:00:00,MLO,0.9
2022-03-09 15:00:00,MLO,3.4
2022-03-09 16:00:00,MLO,4.0
2022-03-09 17:00:00,MLO,2.3
2022-03-09 18:00:00,MLO,1.4
2022-03-09 19:00:00,MLO,2.7
2022-03-09 20:00:00,MLO,3.2
2022-03-09 21:00:00,MLO,4.5
2022-03-09 22:00:00,MLO,4.5
2022-03-09 23:00:00,MLO,5.9
2022-03-10 00:00:00,MLO,2.7
2022-03-10 01:00:00,MLO,3.2
2022-03-10 02:00:00,MLO,1.6
2022-03-10 03:00:00,MLO,0.7
2022-03-10 04:00:00,MLO,1.7
2022-03-10 05:00:00,MLO,1.9
2022-03-10 06:00:00,MLO,1.5
2022-03-10 07:00:00,MLO,2.5
2022-03-10 08:00:00,MLO,1.0
2022-03-10 09:00:00,MLO,1.5
2022-03-10 10:00:00,MLO,3.3
2022-03-10 11:00:00,MLO,3.3
2022-03-10 12:00:00,MLO,2.1
2022-03-10 13:00:00,MLO,3.6
2022-03-10 14:00:00,MLO,3.1
2022-03-10 15:00:00,MLO,4.5
2022-03-10 16:00:00,MLO,3.3
2022-03-10 17:00:00,MLO,2.7
2022-03-10 18:00:00,MLO,0.4
2022-03-10 19:00:00,MLO,1.9
2022-03-10 20:00:00,MLO,2.6
2022-03-10 21:00:00,MLO,3.7
2022-03-10 22:00:00,MLO,3.7
2022-03-10 23:00:00,MLO,4.4
2022-03-11 00:00:00,MLO,4.5
2022-03-11 01:00:00,MLO,3.3
2022-03-11 02:00:00,MLO,3.5
2022-03-11 03:00:00,MLO,1.9
2022-03-11 04:00:00,MLO,0.6
2022-03-11 05:00:00,MLO,2.0
2022-03-11 06:00:00,MLO,2.4
2022-03-11 07:00:00,MLO,3.6
2022-03-11 08:00:00,MLO,3.0
2022-03-11 09:00:00,MLO,3.6
2022-03-11 10:00:00,MLO,4.7
2022-03-11 11:00:00,MLO,7.0
2022-03-11 12:00:00,MLO,5.4
2022-03-11 13:00:00,MLO,5.6
2022-03-11 14:00:00,MLO,3.6
2022-03-11 15:00:00,MLO,5.2
2022-03-11 16:00:00,MLO,3.3
2022-03-11 17:00:00,MLO,2.5
2022-03-11 18:00:00,MLO,4.1
2022-03-11 19:00:00,MLO,4.7
2022-03-11 20:00:00,MLO,4.9
2022-03-11 21:00:00,MLO,4.8
2022-03-11 22:00:00,MLO,5.6
2022-03-11 23:00:00,MLO,7.0
2022-03-12 00:00:00,MLO,5.8
2022-03-12 01:00:00,MLO,5.9
2022-03-12 02:00:00,MLO,6.0
2022-03-12 03:00:00,MLO,6.9
2022-03-12 04:00:00,MLO,7.6
2022-03-12 05:00:00,MLO,7.1
2022-03-12 06:00:00,MLO,6.7
2022-03-12 07:00:00,MLO,6.8
2022-03-12 08:00:00,MLO,8.0
2022-03-12 09:00:00,MLO,7.4
2022-03-12 10:00:00,MLO,6.8
2022-03-12 11:00:00,MLO,7.2
2022-03-12 12:00:00,MLO,7.5
2022-03-12 13:00:00,MLO,7.7
2022-03-12 14:00:00,MLO,7.7
2022-03-12 15:00:00,MLO,8.1
2022-03-12 16:00:00,MLO,8.9
2022-03-12 17:00:00,MLO,8.0
2022-03-12 18:00:00,MLO,7.4
2022-03-12 19:00:00,MLO,6.5
2022-03-12 20:00:00,MLO,5.8
2022-03-12 21:00:00,MLO,4.9
2022-03-12 22:00:00,MLO,5.5
2022-03-12 23:00:00,MLO,6.0
2022-03-13 00:00:00,MLO,6.3
2022-03-13 01:00:00,MLO,7.6
2022-03-13 02:00:00,MLO,7.3
2022-03-13 03:00:00,MLO,4.7
2022-03-13 04:00:00,MLO,2.5
2022-03-13 05:00:00,MLO,0.9
2022-03-13 06:00:00,MLO,0.7
2022-03-13 07:00:00,MLO,0.7
2022-03-13 08:00:00,MLO,0.9
2022-03-13 09:00:00,MLO,0.9
2022-03-13 10:00:00,MLO,0.9
2022-03-13 11:00:00,MLO,2.2
2022-03-13 12:00:00,MLO,2.5
2022-03-13 13:00:00,MLO,3.7
2022-03-13 14:00:00,MLO,3.7
2022-03-13 15:00:00,MLO,3.4
2022-03-13 16:00:00,MLO,4.1
2022-03-13 17:00:00,MLO,3.6
2022-03-13 18:00:00,MLO,5.5
2022-03-13 19:00:00,MLO,5.2
2022-03-13 20:00:00,MLO,4.5
2022-03-13 21:00:00,MLO,4.3
2022-03-13 22:00:00,MLO,6.5
2022-03-13 23:00:00,MLO,6.2
2022-03-14 00:00:00,MLO,8.7
2022-03-14 01:00:00,MLO,7.5
2022-03-14 02:00:00,MLO,6.1
2022-03-14 03:00:00,MLO,5.5
2022-03-14 04:00:00,MLO,2.3
2022-03-14 05:00:00,MLO,0.6
2022-03-14 06:00:00,MLO,0.4
2022-03-14 07:00:00,MLO,0.7
2022-03-14 08:00:00,MLO,2.6
2022-03-14 09:00:00,MLO,2.6
2022-03-14 10:00:00,MLO,1.8
2022-03-14 11:00:00,MLO,2.2
2022-03-14 12:00:00,MLO,3.5
2022-03-14 13:00:00,MLO,4.7
2022-03-14 14:00:00,MLO,4.9
2022-03-14 15:00:00,MLO,5.4
2022-03-14 16:00:00,MLO,6.5
2022-03-14 17:00:00,MLO,6.7
2022-03-14 18:00:00,MLO,2.8
2022-03-14 19:00:00,MLO,1.4
2022-03-14 20:00:00,MLO,2.9
2022-03-14 21:00:00,MLO,3.8
2022-03-14 22:00:00,MLO,4.8
2022-03-14 23:00:00,MLO,3.7
2022-03-15 00:00:00,MLO,4.3
2022-03-15 01:00:00,MLO,3.8
2022-03-15 02:00:00,MLO,3.2
2022-03-15 03:00:00,MLO,3.2
2022-03-15 04:00:00,MLO,2.7
2022-03-15 05:00:00,MLO,2.2
2022-03-15 06:00:00,MLO,2.5
2022-03-15 07:00:00,MLO,4.1
2022-03-15 08:00:00,MLO,4.9
2022-03-15 09:00:00,MLO,5.4
2022-03-15 10:00:00,MLO,7.6
2022-03-15 11:00:00,MLO,8.3
2022-03-15 12:00:00,MLO,5.9
2022-03-15 13:00:00,MLO,4.1
2022-03-15 14:00:00,MLO,2.7
2022-03-15 15:00:00,MLO,1.8
2022-03-15 16:00:00,MLO,2.6
2022-03-15 17:00:00,MLO,4.9
2022-03-15 18:00:00,MLO,0.8
2022-03-15 19:00:00,MLO,1.9
2022-03-15 20:00:00,MLO,2.7
2022-03-15 21:00:00,MLO,3.9
2022-03-15 22:00:00,MLO,5.8
2022-03-15 23:00:00,MLO,6.1
2022-03-16 00:00:00,MLO,5.9
2022-03-16 01:00:00,MLO,5.4
2022-03-16 02:00:00,MLO,4.8
2022-03-16 03:00:00,MLO,2.4
2022-03-16 04:00:00,MLO,0.7
2022-03-16 05:00:00,MLO,0.2
2022-03-16 06:00:00,MLO,0.2
2022-03-16 07:00:00,MLO,1.9
2022-03-16 08:00:00,MLO,1.1
2022-03-16 09:00:00,MLO,0.4
2022-03-16 10:00:00,MLO,1.5
2022-03-16 11:00:00,MLO,4.2
2022-03-16 12:00:00,MLO,1.1
2022-03-16 13:00:00,MLO,1.7
2022-03-16 14:00:00,MLO,3.8
2022-03-16 15:00:00,MLO,3.5
2022-03-16 16:00:00,MLO,3.0
2022-03-16 17:00:00,MLO,0.2
2022-03-16 18:00:00,MLO,2.1
2022-03-16 19:00:00,MLO,4.2
2022-03-16 20:00:00,MLO,4.5
2022-03-16 21:00:00,MLO,4.1
2022-03-16 22:00:00,MLO,4.8
2022-03-16 23:00:00,MLO,7.5
2022-03-17 00:00:00,MLO,7.6
2022-03-17 01:00:00,MLO,4.0
2022-03-17 02:00:00,MLO,2.9
2022-03-17 03:00:00,MLO,3.6
2022-03-17 04:00:00,MLO,5.4
2022-03-17 05:00:00,MLO,2.2
2022-03-17 06:00:00,MLO,0.6
2022-03-17 07:00:00,MLO,1.1
2022-03-17 08:00:00,MLO,0.4
2022-03-17 09:00:00,MLO,0.2
2022-03-17 10:00:00,MLO,1.0
2022-03-17 11:00:00,MLO,0.8
2022-03-17 12:00:00,MLO,1.8
2022-03-17 13:00:00,MLO,1.3
2022-03-17 14:00:00,MLO,2.8
2022-03-17 15:00:00,MLO,4.5
2022-03-17 16:00:00,MLO,4.9
2022-03-17 17:00:00,MLO,3.1
2022-03-17 18:00:00,MLO,3.4
2022-03-17 19:00:00,MLO,4.1
2022-03-17 20:00:00,MLO,4.3
2022-03-17 21:00:00,MLO,4.7
2022-03-17 22:00:00,MLO,4.9
2022-03-17 23:00:00,MLO,5.4
2022-03-18 00:00:00,MLO,4.9
2022-03-18 01:00:00,MLO,4.5
2022-03-18 02:00:00,MLO,2.6
2022-03-18 03:00:00,MLO,2.4
2022-03-18 04:00:00,MLO,1.3
2022-03-18 05:00:00,MLO,1.0
2022-03-18 06:00:00,MLO,0.9
2022-03-18 07:00:00,MLO,1.1
2022-03-18 08:00:00,MLO,2.4
2022-03-18 09:00:00,MLO,2.8
2022-03-18 10:00:00,MLO,2.2
2022-03-18 11:00:00,MLO,1.6
2022-03-18 12:00:00,MLO,2.0
2022-03-18 13:00:00,MLO,1.7
2022-03-18 14:00:00,MLO,6.5
2022-03-18 15:00:00,MLO,6.6
2022-03-18 16:00:00,MLO,5.7
2022-03-18 17:00:00,MLO,2.7
2022-03-18 18:00:00,MLO,2.3
2022-03-18 19:00:00,MLO,2.7
2022-03-18 20:00:00,MLO,3.1
2022-03-18 21:00:00,MLO,4.0
2022-03-18 22:00:00,MLO,3.9
2022-03-18 23:00:00,MLO,4.6
2022-03-19 00:00:00,MLO,3.7
2022-03-19 01:00:00,MLO,4.2
2022-03-19 02:00:00,MLO,4.1
2022-03-19 03:00:00,MLO,2.7
2022-03-19 04:00:00,MLO,1.5
2022-03-19 05:00:00,MLO,2.7
2022-03-19 06:00:00,MLO,2.4
2022-03-19 07:00:00,MLO,2.1
2022-03-19 08:00:00,MLO,3.8
2022-03-19 09:00:00,MLO,3.9
2022-03-19 10:00:00,MLO,3.8
2022-03-19 11:00:00,MLO,3.7
2022-03-19 12:00:00,MLO,3.7
2022-03-19 13:00:00,MLO,3.9
2022-03-19 14:00:00,MLO,3.8
2022-03-19 15:00:00,MLO,3.4
2022-03-19 16:00:00,MLO,3.3
2022-03-19 17:00:00,MLO,2.2
2022-03-19 18:00:00,MLO,1.5
2022-03-19 19:00:00,MLO,3.2
2022-03-19 20:00:00,MLO,4.1
2022-03-19 21:00:00,MLO,4.5
2022-03-19 22:00:00,MLO,4.4
2022-03-19 23:00:00,MLO,4.5
2022-03-20 00:00:00,MLO,4.9
2022-03-20 01:00:00,MLO,4.4
2022-03-20 02:00:00,MLO,4.3
2022-03-20 03:00:00,MLO,2.9
2022-03-20 04:00:00,MLO,1.2
2022-03-20 05:00:00,MLO,0.8
2022-03-20 06:00:00,MLO,2.0
2022-03-20 07:00:00,MLO,3.1
2022-03-20 08:00:00,MLO,4.0
2022-03-20 09:00:00,MLO,3.9
2022-03-20 10:00:00,MLO,4.1
2022-03-20 11:00:00,MLO,4.5
2022-03-20 12:00:00,MLO,4.7
2022-03-20 13:00:00,MLO,4.7
2022-03-20 14:00:00,MLO,4.4
2022-03-20 15:00:00,MLO,4.3
2022-03-20 16:00:00,MLO,4.4
2022-03-20 17:00:00,MLO,3.8
2022-03-20 18:00:00,MLO,3.5
2022-03-20 19:00:00,MLO,3.7
2022-03-20 20:00:00,MLO,4.4
2022-03-20 21:00:00,MLO,5.4
2022-03-20 22:00:00,MLO,6.0
2022-03-20 23:00:00,MLO,5.5
2022-03-21 00:00:00,MLO,6.0
2022-03-21 01:00:00,MLO,5.8
2022-03-21 02:00:00,MLO,5.4
2022-03-21 03:00:00,MLO,4.9
2022-03-21 04:00:00,MLO,4.3
2022-03-21 05:00:00,MLO,3.5
2022-03-21 06:00:00,MLO,3.3
2022-03-21 07:00:00,MLO,3.3
2022-03-21 08:00:00,MLO,3.3
2022-03-21 09:00:00,MLO,3.7
2022-03-21 10:00:00,MLO,4.2
2022-03-21 11:00:00,MLO,4.3
2022-03-21 12:00:00,MLO,4.7
2022-03-21 13:00:00,MLO,5.5
2022-03-21 14:00:00,MLO,4.9
2022-03-21 15:00:00,MLO,5.3
2022-03-21 16:00:00,MLO,5.4
2022-03-21 17:00:00,MLO,3.5
2022-03-21 18:00:00,MLO,3.0
2022-03-21 19:00:00,MLO,4.6
2022-03-21 20:00:00,MLO,4.8
2022-03-21 21:00:00,MLO,5.4
2022-03-21 22:00:00,MLO,7.5
2022-03-21 23:00:00,MLO,7.5
2022-03-22 00:00:00,MLO,6.8
2022-03-22 01:00:00,MLO,6.0
2022-03-22 02:00:00,MLO,5.4
2022-03-22 03:00:00,MLO,4.4
2022-03-22 04:00:00,MLO,1.7
2022-03-22 05:00:00,MLO,1.4
2022-03-22 06:00:00,MLO,2.8
2022-03-22 07:00:00,MLO,6.1
2022-03-22 08:00:00,MLO,5.5
2022-03-22 09:00:00,MLO,4.5
2022-03-22 10:00:00,MLO,5.5
2022-03-22 11:00:00,MLO,6.9
2022-03-22 12:00:00,MLO,7.2
2022-03-22 13:00:00,MLO,6.9
2022-03-22 14:00:00,MLO,6.4
2022-03-22 15:00:00,MLO,6.2
2022-03-22 16:00:00,MLO,6.2
2022-03-22 17:00:00,MLO,4.6
2022-03-22 18:00:00,MLO,4.8
2022-03-22 19:00:00,MLO,6.0
2022-03-22 20:00:00,MLO,4.9
2022-03-22 21:00:00,MLO,4.2
2022-03-22 22:00:00,MLO,4.2
2022-03-22 23:00:00,MLO,3.9
2022-03-23 00:00:00,MLO,3.8
2022-03-23 01:00:00,MLO,3.2
2022-03-23 02:00:00,MLO,2.4
2022-03-23 03:00:00,MLO,2.4
2022-03-23 04:00:00,MLO,0.9
2022-03-23 05:00:00,MLO,1.1
2022-03-23 06:00:00,MLO,1.8
2022-03-23 07:00:00,MLO,2.7
2022-03-23 08:00:00,MLO,4.5
2022-03-23 09:00:00,MLO,4.4
2022-03-23 10:00:00,MLO,3.0
2022-03-23 11:00:00,MLO,6.2
2022-03-23 12:00:00,MLO,5.8
2022-03-23 13:00:00,MLO,6.2
2022-03-23 14:00:00,MLO,6.9
2022-03-23 15:00:00,MLO,7.0
2022-03-23 16:00:00,MLO,7.4
2022-03-23 17:00:00,MLO,6.7
2022-03-23 18:00:00,MLO,4.8
2022-03-23 19:00:00,MLO,3.3
2022-03-23 20:00:00,MLO,2.8
2022-03-23 21:00:00,MLO,1.6
2022-03-23 22:00:00,MLO,4.5
2022-03-23 23:00:00,MLO,1.2
2022-03-24 00:00:00,MLO,4.5
2022-03-24 01:00:00,MLO,6.1
2022-03-24 02:00:00,MLO,6.2
2022-03-24 03:00:00,MLO,5.8
2022-03-24 04:00:00,MLO,6.4
2022-03-24 05:00:00,MLO,6.7
2022-03-24 06:00:00,MLO,6.2
2022-03-24 07:00:00,MLO,7.2
2022-03-24 08:00:00,MLO,9.3
2022-03-24 09:00:00,MLO,9.0
2022-03-24 10:00:00,MLO,8.5
2022-03-24 11:00:00,MLO,8.9
2022-03-24 12:00:00,MLO,8.6
2022-03-24 13:00:00,MLO,8.4
2022-03-24 14:00:00,MLO,8.7
2022-03-24 15:00:00,MLO,8.3
2022-03-24 16:00:00,MLO,7.9
2022-03-24 17:00:00,MLO,5.2
2022-03-24 18:00:00,MLO,4.7
2022-03-24 19:00:00,MLO,4.9
2022-03-24 20:00:00,MLO,5.6
2022-03-24 21:00:00,MLO,6.1
2022-03-24 22:00:00,MLO,6.2
2022-03-24 23:00:00,MLO,7.2
2022-03-25 00:00:00,MLO,7.3
2022-03-25 01:00:00,MLO,6.5
2022-03-25 02:00:00,MLO,6.3
2022-03-25 03:00:00,MLO,4.8
2022-03-25 04:00:00,MLO,2.4
2022-03-25 05:00:00,MLO,1.4
2022-03-25 06:00:00,MLO,2.3
2022-03-25 07:00:00,MLO,2.7
2022-03-25 08:00:00,MLO,3.1
2022-03-25 09:00:00,MLO,2.8
2022-03-25 10:00:00,MLO,3.4
2022-03-25 11:00:00,MLO,2.9
2022-03-25 12:00:00,MLO,3.1
2022-03-25 13:00:00,MLO,3.5
2022-03-25 14:00:00,MLO,3.5
2022-03-25 15:00:00,MLO,3.9
2022-03-25 16:00:00,MLO,4.1
2022-03-25 17:00:00,MLO,2.6
2022-03-25 18:00:00,MLO,3.5
2022-03-25 19:00:00,MLO,3.8
2022-03-25 20:00:00,MLO,4.9
2022-03-25 21:00:00,MLO,5.3
2022-03-25 22:00:00,MLO,5.4
2022-03-25 23:00:00,MLO,5.4
2022-03-26 00:00:00,MLO,5.6
2022-03-26 01:00:00,MLO,3.9
2022-03-26 02:00:00,MLO,3.3
2022-03-26 03:00:00,MLO,2.1
2022-03-26 04:00:00,MLO,2.1
2022-03-26 05:00:00,MLO,0.7
2022-03-26 06:00:00,MLO,1.9
2022-03-26 07:00:00,MLO,2.1
2022-03-26 08:00:00,MLO,1.5
2022-03-26 09:00:00,MLO,3.6
2022-03-26 10:00:00,MLO,3.6
2022-03-26 11:00:00,MLO,4.0
2022-03-26 12:00:00,MLO,4.2
2022-03-26 13:00:00,MLO,3.8
2022-03-26 14:00:00,MLO,3.4
2022-03-26 15:00:00,MLO,2.7
2022-03-26 16:00:00,MLO,1.9
2022-03-26 17:00:00,MLO,3.1
2022-03-26 18:00:00,MLO,4.7
2022-03-26 19:00:00,MLO,3.9
2022-03-26 20:00:00,MLO,4.7
2022-03-26 21:00:00,MLO,5.6
2022-03-26 22:00:00,MLO,6.1
2022-03-26 23:00:00,MLO,5.4
2022-03-27 00:00:00,MLO,4.7
2022-03-27 01:00:00,MLO,4.6
2022-03-27 02:00:00,MLO,3.8
2022-03-27 03:00:00,MLO,2.7
2022-03-27 04:00:00,MLO,1.7
2022-03-27 05:00:00,MLO,2.1
2022-03-27 06:00:00,MLO,1.5
2022-03-27 07:00:00,MLO,1.5
2022-03-27 08:00:00,MLO,2.1
2022-03-27 09:00:00,MLO,2.9
2022-03-27 10:00:00,MLO,3.9
2022-03-27 11:00:00,MLO,4.8
2022-03-27 12:00:00,MLO,5.4
2022-03-27 13:00:00,MLO,4.0
2022-03-27 14:00:00,MLO,1.1
2022-03-27 15:00:00,MLO,1.9
2022-03-27 16:00:00,MLO,3.1
2022-03-27 17:00:00,MLO,0.7
2022-03-27 18:00:00,MLO,0.9
2022-03-27 19:00:00,MLO,2.7
2022-03-27 20:00:00,MLO,4.3
2022-03-27 21:00:00,MLO,4.5
2022-03-27 22:00:00,MLO,4.7
2022-03-27 23:00:00,MLO,4.5
2022-03-28 00:00:00,MLO,4.9
2022-03-28 01:00:00,MLO,4.3
2022-03-28 02:00:00,MLO,3.2
2022-03-28 03:00:00,MLO,2.8
2022-03-28 04:00:00,MLO,3.1
2022-03-28 05:00:00,MLO,2.5
2022-03-28 06:00:00,MLO,3.6
2022-03-28 07:00:00,MLO,3.8
2022-03-28 08:00:00,MLO,3.9
2022-03-28 09:00:00,MLO,3.2
2022-03-28 10:00:00,MLO,1.1
2022-03-28 11:00:00,MLO,0.6
2022-03-28 12:00:00,MLO,2.1
2022-03-28 13:00:00,MLO,2.3
2022-03-28 14:00:00,MLO,1.0
2022-03-28 15:00:00,MLO,1.8
2022-03-28 16:00:00,MLO,1.6
2022-03-28 17:00:00,MLO,1.9
2022-03-28 18:00:00,MLO,2.3
2022-03-28 19:00:00,MLO,2.8
2022-03-28 20:00:00,MLO,3.6
2022-03-28 21:00:00,MLO,6.1
2022-03-28 22:00:00,MLO,6.2
2022-03-28 23:00:00,MLO,5.7
2022-03-29 00:00:00,MLO,5.2
2022-03-29 01:00:00,MLO,5.0
2022-03-29 02:00:00,MLO,4.5
2022-03-29 03:00:00,MLO,3.7
2022-03-29 04:00:00,MLO,3.5
2022-03-29 05:00:00,MLO,4.7
2022-03-29 06:00:00,MLO,5.7
2022-03-29 07:00:00,MLO,6.6
2022-03-29 08:00:00,MLO,7.2
2022-03-29 09:00:00,MLO,7.2
2022-03-29 10:00:00,MLO,7.5
2022-03-29 11:00:00,MLO,8.0
2022-03-29 12:00:00,MLO,7.2
2022-03-29 13:00:00,MLO,4.1
2022-03-29 14:00:00,MLO,5.9
2022-03-29 15:00:00,MLO,4.9
2022-03-29 16:00:00,MLO,7.4
2022-03-29 17:00:00,MLO,7.7
2022-03-29 18:00:00,MLO,0.6
2022-03-29 19:00:00,MLO,2.5
2022-03-29 20:00:00,MLO,1.9
2022-03-29 21:00:00,MLO,3.9
2022-03-29 22:00:00,MLO,4.6
2022-03-29 23:00:00,MLO,4.1
2022-03-30 00:00:00,MLO,3.7
2022-03-30 01:00:00,MLO,2.6
2022-03-30 02:00:00,MLO,2.4
2022-03-30 03:00:00,MLO,2.2
2022-03-30 04:00:00,MLO,4.2
2022-03-30 05:00:00,MLO,4.1
2022-03-30 06:00:00,MLO,4.1
2022-03-30 07:00:00,MLO,4.5
2022-03-30 08:00:00,MLO,1.2
2022-03-30 09:00:00,MLO,3.6
2022-03-30 10:00:00,MLO,0.3
2022-03-30 11:00:00,MLO,0.5
2022-03-30 12:00:00,MLO,5.7
2022-03-30 13:00:00,MLO,5.3
2022-03-30 14:00:00,MLO,6.8
2022-03-30 15:00:00,MLO,3.4
2022-03-30 16:00:00,MLO,4.9
2022-03-30 17:00:00,MLO,3.3
2022-03-30 18:00:00,MLO,1.2
2022-03-30 19:00:00,MLO,3.5
2022-03-30 20:00:00,MLO,3.1
2022-03-30 21:00:00,MLO,3.7
2022-03-30 22:00:00,MLO,3.6
2022-03-30 23:00:00,MLO,3.1
2022-03-31 00:00:00,MLO,2.6
2022-03-31 01:00:00,MLO,3.1
2022-03-31 02:00:00,MLO,3.6
2022-03-31 03:00:00,MLO,5.1
2022-03-31 04:00:00,MLO,1.7
2022-03-31 05:00:00,MLO,0.7
2022-03-31 06:00:00,MLO,3.8
2022-03-31 07:00:00,MLO,3.8
2022-03-31 08:00:00,MLO,3.1
2022-03-31 09:00:00,MLO,3.0
2022-03-31 10:00:00,MLO,3.7
2022-03-31 11:00:00,MLO,3.9
2022-03-31 12:00:00,MLO,2.2
2022-03-31 13:00:00,MLO,3.3
2022-03-31 14:00:00,MLO,3.2
2022-03-31 15:00:00,MLO,2.3
2022-03-31 16:00:00,MLO,3.2
2022-03-31 17:00:00,MLO,2.1
2022-03-31 18:00:00,MLO,2.7
2022-03-31 19:00:00,MLO,3.3
2022-03-31 20:00:00,MLO,3.9
2022-03-31 21:00:00,MLO,4.9
2022-03-31 22:00:00,MLO,5.2
2022-03-31 23:00:00,MLO,5.7
2022-04-01 00:00:00,MLO,5.9
2022-04-01 01:00:00,MLO,5.3
2022-04-01 02:00:00,MLO,5.1
2022-04-01 03:00:00,MLO,4.3
2022-04-01 04:00:00,MLO,3.7
2022-04-01 05:00:00,MLO,3.8
2022-04-01 06:00:00,MLO,4.1
2022-04-01 07:00:00,MLO,5.2
2022-04-01 08:00:00,MLO,5.5
2022-04-01 09:00:00,MLO,4.3
2022-04-01 10:00:00,MLO,2.8
2022-04-01 11:00:00,MLO,3.6
2022-04-01 12:00:00,MLO,4.1
2022-04-01 13:00:00,MLO,4.8
2022-04-01 14:00:00,MLO,5.4
2022-04-01 15:00:00,MLO,5.6
2022-04-01 16:00:00,MLO,6.6
2022-04-01 17:00:00,MLO,5.9
2022-04-01 18:00:00,MLO,6.1
2022-04-01 19:00:00,MLO,6.8
2022-04-01 20:00:00,MLO,7.5
2022-04-01 21:00:00,MLO,6.6
2022-04-01 22:00:00,MLO,7.2
2022-04-01 23:00:00,MLO,7.9
2022-04-02 00:00:00,MLO,7.2
2022-04-02 01:00:00,MLO,7.2
2022-04-02 02:00:00,MLO,6.7
2022-04-02 03:00:00,MLO,7.3
2022-04-02 04:00:00,MLO,7.9
2022-04-02 05:00:00,MLO,8.7
2022-04-02 06:00:00,MLO,9.6
2022-04-02 07:00:00,MLO,8.1
2022-04-02 08:00:00,MLO,8.2
2022-04-02 09:00:00,MLO,7.0
2022-04-02 10:00:00,MLO,7.5
2022-04-02 11:00:00,MLO,7.5
2022-04-02 12:00:00,MLO,7.7
2022-04-02 13:00:00,MLO,7.4
2022-04-02 14:00:00,MLO,8.4
2022-04-02 15:00:00,MLO,8.6
2022-04-02 16:00:00,MLO,9.8
2022-04-02 17:00:00,MLO,6.8
2022-04-02 18:00:00,MLO,7.4
2022-04-02 19:00:00,MLO,8.0
2022-04-02 20:00:00,MLO,7.4
2022-04-02 21:00:00,MLO,6.4
2022-04-02 22:00:00,MLO,5.1
2022-04-02 23:00:00,MLO,4.6
2022-04-03 00:00:00,MLO,1.9
2022-04-03 01:00:00,MLO,3.4
2022-04-03 02:00:00,MLO,3.9
2022-04-03 03:00:00,MLO,2.6
2022-04-03 04:00:00,MLO,1.0
2022-04-03 05:00:00,MLO,4.5
2022-04-03 06:00:00,MLO,4.4
2022-04-03 07:00:00,MLO,5.6
2022-04-03 08:00:00,MLO,5.8
2022-04-03 09:00:00,MLO,4.6
2022-04-03 10:00:00,MLO,2.4
2022-04-03 11:00:00,MLO,3.2
2022-04-03 12:00:00,MLO,3.7
2022-04-03 13:00:00,MLO,4.7
2022-04-03 14:00:00,MLO,4.8
2022-04-03 15:00:00,MLO,3.5
2022-04-03 16:00:00,MLO,2.6
2022-04-03 17:00:00,MLO,1.8
2022-04-03 18:00:00,MLO,2.2
2022-04-03 19:00:00,MLO,2.7
2022-04-03 20:00:00,MLO,2.8
2022-04-03 21:00:00,MLO,4.1
2022-04-03 22:00:00,MLO,4.3
2022-04-03 23:00:00,MLO,3.4
2022-04-04 00:00:00,MLO,2.4
2022-04-04 01:00:00,MLO,2.3
2022-04-04 02:00:00,MLO,3.7
2022-04-04 03:00:00,MLO,0.8
2022-04-04 04:00:00,MLO,1.1
2022-04-04 05:00:00,MLO,1.8
2022-04-04 06:00:00,MLO,2.6
2022-04-04 07:00:00,MLO,3.4
2022-04-04 08:00:00,MLO,3.9
2022-04-04 09:00:00,MLO,4.5
2022-04-04 10:00:00,MLO,5.2
2022-04-04 11:00:00,MLO,5.3
2022-04-04 12:00:00,MLO,5.6
2022-04-04 13:00:00,MLO,4.4
2022-04-04 14:00:00,MLO,3.8
2022-04-04 15:00:00,MLO,5.1
2022-04-04 16:00:00,MLO,3.6
2022-04-04 17:00:00,MLO,3.0
2022-04-04 18:00:00,MLO,3.2
2022-04-04 19:00:00,MLO,3.4
2022-04-04 20:00:00,MLO,4.3
2022-04-04 21:00:00,MLO,4.1
2022-04-04 22:00:00,MLO,3.8
2022-04-04 23:00:00,MLO,4.1
2022-04-05 00:00:00,MLO,4.6
2022-04-05 01:00:00,MLO,3.0
2022-04-05 02:00:00,MLO,3.1
2022-04-05 03:00:00,MLO,2.2
2022-04-05 04:00:00,MLO,2.5
2022-04-05 05:00:00,MLO,1.5
2022-04-05 06:00:00,MLO,2.1
2022-04-05 07:00:00,MLO,2.3
2022-04-05 08:00:00,MLO,1.5
2022-04-05 09:00:00,MLO,0.6
2022-04-05 10:00:00,MLO,1.5
2022-04-05 11:00:00,MLO,1.9
2022-04-05 12:00:00,MLO,1.3
2022-04-05 13:00:00,MLO,2.2
2022-04-05 14:00:00,MLO,2.1
2022-04-05 15:00:00,MLO,1.9
2022-04-05 16:00:00,MLO,2.2
2022-04-05 17:00:00,MLO,1.5
2022-04-05 18:00:00,MLO,1.7
2022-04-05 19:00:00,MLO,3.1
2022-04-05 20:00:00,MLO,3.7
2022-04-05 21:00:00,MLO,4.4
2022-04-05 22:00:00,MLO,4.6
2022-04-05 23:00:00,MLO,5.4
2022-04-06 00:00:00,MLO,5.8
2022-04-06 01:00:00,MLO,6.2
2022-04-06 02:00:00,MLO,7.0
2022-04-06 03:00:00,MLO,7.2
2022-04-06 04:00:00,MLO,7.5
2022-04-06 05:00:00,MLO,7.4
2022-04-06 06:00:00,MLO,8.5
2022-04-06 07:00:00,MLO,8.4
2022-04-06 08:00:00,MLO,7.2
2022-04-06 09:00:00,MLO,6.3
2022-04-06 10:00:00,MLO,5.4
2022-04-06 11:00:00,MLO,5.6
2022-04-06 12:00:00,MLO,5.8
2022-04-06 13:00:00,MLO,4.9
2022-04-06 14:00:00,MLO,3.9
2022-04-06 15:00:00,MLO,4.6
2022-04-06 16:00:00,MLO,1.2
2022-04-06 17:00:00,MLO,0.3
2022-04-06 18:00:00,MLO,1.1
2022-04-06 19:00:00,MLO,5.5
2022-04-06 20:00:00,MLO,5.4
2022-04-06 21:00:00,MLO,4.4
2022-04-06 22:00:00,MLO,3.4
2022-04-06 23:00:00,MLO,2.7
2022-04-07 00:00:00,MLO,2.2
2022-04-07 01:00:00,MLO,3.5
2022-04-07 02:00:00,MLO,2.0
2022-04-07 03:00:00,MLO,1.3
2022-04-07 04:00:00,MLO,1.5
2022-04-07 05:00:00,MLO,1.7
2022-04-07 06:00:00,MLO,2.6
2022-04-07 07:00:00,MLO,1.8
2022-04-07 08:00:00,MLO,1.6
2022-04-07 09:00:00,MLO,0.8
2022-04-07 10:00:00,MLO,2.3
2022-04-07 11:00:00,MLO,1.3
2022-04-07 12:00:00,MLO,1.6
2022-04-07 13:00:00,MLO,2.2
2022-04-07 14:00:00,MLO,2.5
2022-04-07 15:00:00,MLO,1.0
2022-04-07 16:00:00,MLO,2.0
2022-04-07 17:00:00,MLO,0.6
2022-04-07 18:00:00,MLO,1.3
2022-04-07 19:00:00,MLO,1.4
2022-04-07 20:00:00,MLO,2.6
2022-04-07 21:00:00,MLO,3.4
2022-04-07 22:00:00,MLO,3.6
2022-04-07 23:00:00,MLO,3.5
2022-04-08 00:00:00,MLO,3.9
2022-04-08 01:00:00,MLO,3.9
2022-04-08 02:00:00,MLO,3.2
2022-04-08 03:00:00,MLO,2.0
2022-04-08 04:00:00,MLO,1.4
2022-04-08 05:00:00,MLO,1.2
2022-04-08 06:00:00,MLO,2.1
2022-04-08 07:00:00,MLO,3.7
2022-04-08 08:00:00,MLO,4.5
2022-04-08 09:00:00,MLO,1.7
2022-04-08 10:00:00,MLO,1.7
2022-04-08 11:00:00,MLO,1.6
2022-04-08 12:00:00,MLO,2.5
2022-04-08 13:00:00,MLO,2.7
2022-04-08 14:00:00,MLO,2.2
2022-04-08 15:00:00,MLO,1.5
2022-04-08 16:00:00,MLO,2.1
2022-04-08 17:00:00,MLO,0.3
2022-04-08 18:00:00,MLO,1.5
2022-04-08 19:00:00,MLO,2.3
2022-04-08 20:00:00,MLO,3.3
2022-04-08 21:00:00,MLO,3.2
2022-04-08 22:00:00,MLO,3.7
2022-04-08 23:00:00,MLO,3.1
2022-04-09 00:00:00,MLO,2.8
2022-04-09 01:00:00,MLO,2.1
2022-04-09 02:00:00,MLO,1.5
2022-04-09 03:00:00,MLO,1.6
2022-04-09 04:00:00,MLO,0.8
2022-04-09 05:00:00,MLO,1.5
2022-04-09 06:00:00,MLO,3.0
2022-04-09 07:00:00,MLO,1.9
2022-04-09 08:00:00,MLO,1.3
2022-04-09 09:00:00,MLO,2.4
2022-04-09 10:00:00,MLO,2.4
2022-04-09 11:00:00,MLO,2.4
2022-04-09 12:00:00,MLO,2.6
2022-04-09 13:00:00,MLO,1.8
2022-04-09 14:00:00,MLO,4.4
2022-04-09 15:00:00,MLO,3.7
2022-04-09 16:00:00,MLO,5.2
2022-04-09 17:00:00,MLO,1.4
2022-04-09 18:00:00,MLO,0.5
2022-04-09 19:00:00,MLO,2.1
2022-04-09 20:00:00,MLO,2.9
2022-04-09 21:00:00,MLO,3.8
2022-04-09 22:00:00,MLO,4.6
2022-04-09 23:00:00,MLO,4.3
2022-04-10 00:00:00,MLO,4.8
2022-04-10 01:00:00,MLO,4.4
2022-04-10 02:00:00,MLO,3.3
2022-04-10 03:00:00,MLO,2.7
2022-04-10 04:00:00,MLO,2.7
2022-04-10 05:00:00,MLO,3.5
2022-04-10 06:00:00,MLO,4.4
2022-04-10 07:00:00,MLO,4.8
2022-04-10 08:00:00,MLO,2.8
2022-04-10 09:00:00,MLO,2.4
2022-04-10 10:00:00,MLO,4.5
2022-04-10 11:00:00,MLO,5.4
2022-04-10 12:00:00,MLO,5.1
2022-04-10 13:00:00,MLO,5.5
2022-04-10 14:00:00,MLO,7.5
2022-04-10 15:00:00,MLO,7.5
2022-04-10 16:00:00,MLO,7.0
2022-04-10 17:00:00,MLO,4.1
2022-04-10 18:00:00,MLO,2.1
2022-04-10 19:00:00,MLO,3.0
2022-04-10 20:00:00,MLO,4.0
2022-04-10 21:00:00,MLO,4.4
2022-04-10 22:00:00,MLO,4.8
2022-04-10 23:00:00,MLO,5.8
2022-04-11 00:00:00,MLO,5.1
2022-04-11 01:00:00,MLO,5.1
2022-04-11 02:00:00,MLO,4.8
2022-04-11 03:00:00,MLO,4.0
2022-04-11 04:00:00,MLO,0.9
2022-04-11 05:00:00,MLO,0.8
2022-04-11 06:00:00,MLO,3.0
2022-04-11 07:00:00,MLO,3.4
2022-04-11 08:00:00,MLO,3.4
2022-04-11 09:00:00,MLO,2.9
2022-04-11 10:00:00,MLO,2.9
2022-04-11 11:00:00,MLO,2.9
2022-04-11 12:00:00,MLO,3.1
2022-04-11 13:00:00,MLO,3.0
2022-04-11 14:00:00,MLO,3.4
2022-04-11 15:00:00,MLO,3.7
2022-04-11 16:00:00,MLO,3.5
2022-04-11 17:00:00,MLO,2.5
2022-04-11 18:00:00,MLO,2.6
2022-04-11 19:00:00,MLO,4.1
2022-04-11 20:00:00,MLO,5.0
2022-04-11 21:00:00,MLO,4.5
2022-04-11 22:00:00,MLO,5.1
2022-04-11 23:00:00,MLO,5.0
2022-04-12 00:00:00,MLO,5.0
2022-04-12 01:00:00,MLO,5.2
2022-04-12 02:00:00,MLO,4.9
2022-04-12 03:00:00,MLO,4.7
2022-04-12 04:00:00,MLO,4.2
2022-04-12 05:00:00,MLO,3.2
2022-04-12 06:00:00,MLO,3.7
2022-04-12 07:00:00,MLO,4.2
2022-04-12 08:00:00,MLO,3.9
2022-04-12 09:00:00,MLO,4.2
2022-04-12 10:00:00,MLO,4.2
2022-04-12 11:00:00,MLO,3.9
2022-04-12 12:00:00,MLO,4.1
2022-04-12 13:00:00,MLO,5.0
2022-04-12 14:00:00,MLO,5.1
2022-04-12 15:00:00,MLO,4.2
2022-04-12 16:00:00,MLO,3.6
2022-04-12 17:00:00,MLO,3.6
2022-04-12 18:00:00,MLO,3.8
2022-04-12 19:00:00,MLO,4.4
2022-04-12 20:00:00,MLO,4.5
2022-04-12 21:00:00,MLO,4.6
2022-04-12 22:00:00,MLO,4.5
2022-04-12 23:00:00,MLO,4.6
2022-04-13 00:00:00,MLO,4.8
2022-04-13 01:00:00,MLO,4.7
2022-04-13 02:00:00,MLO,4.1
2022-04-13 03:00:00,MLO,2.6
2022-04-13 04:00:00,MLO,2.1
2022-04-13 05:00:00,MLO,1.6
2022-04-13 06:00:00,MLO,2.8
2022-04-13 07:00:00,MLO,2.7
2022-04-13 08:00:00,MLO,3.1
2022-04-13 09:00:00,MLO,3.3
2022-04-13 10:00:00,MLO,1.9
2022-04-13 11:00:00,MLO,3.8
2022-04-13 12:00:00,MLO,3.7
2022-04-13 13:00:00,MLO,2.2
2022-04-13 14:00:00,MLO,2.6
2022-04-13 15:00:00,MLO,2.1
2022-04-13 16:00:00,MLO,1.5
2022-04-13 17:00:00,MLO,1.5
2022-04-13 18:00:00,MLO,2.4
2022-04-13 19:00:00,MLO,2.7
2022-04-13 20:00:00,MLO,3.6
2022-04-13 21:00:00,MLO,4.2
2022-04-13 22:00:00,MLO,5.3
2022-04-13 23:00:00,MLO,5.6
2022-04-14 00:00:00,MLO,4.3
2022-04-14 01:00:00,MLO,4.7
2022-04-14 02:00:00,MLO,4.2
2022-04-14 03:00:00,MLO,4.4
2022-04-14 04:00:00,MLO,3.7
2022-04-14 05:00:00,MLO,1.5
2022-04-14 06:00:00,MLO,2.9
2022-04-14 07:00:00,MLO,5.0
2022-04-14 08:00:00,MLO,2.2
2022-04-14 09:00:00,MLO,1.0
2022-04-14 10:00:00,MLO,1.3
2022-04-14 11:00:00,MLO,1.9
2022-04-14 12:00:00,MLO,1.7
2022-04-14 13:00:00,MLO,2.1
2022-04-14 14:00:00,MLO,2.7
2022-04-14 15:00:00,MLO,3.6
2022-04-14 16:00:00,MLO,5.8
2022-04-14 17:00:00,MLO,0.8
2022-04-14 18:00:00,MLO,2.6
2022-04-14 19:00:00,MLO,2.3
2022-04-14 20:00:00,MLO,3.2
2022-04-14 21:00:00,MLO,3.6
2022-04-14 22:00:00,MLO,4.1
2022-04-14 23:00:00,MLO,3.9
2022-04-15 00:00:00,MLO,3.7
2022-04-15 01:00:00,MLO,3.6
2022-04-15 02:00:00,MLO,2.9
2022-04-15 03:00:00,MLO,1.7
2022-04-15 04:00:00,MLO,2.3
2022-04-15 05:00:00,MLO,3.2
2022-04-15 06:00:00,MLO,2.7
2022-04-15 07:00:00,MLO,1.3
2022-04-15 08:00:00,MLO,2.2
2022-04-15 09:00:00,MLO,5.3
2022-04-15 10:00:00,MLO,3.2
2022-04-15 11:00:00,MLO,1.4
2022-04-15 12:00:00,MLO,2.2
2022-04-15 13:00:00,MLO,2.3
2022-04-15 14:00:00,MLO,2.4
2022-04-15 15:00:00,MLO,2.8
2022-04-15 16:00:00,MLO,1.8
2022-04-15 17:00:00,MLO,1.5
2022-04-15 18:00:00,MLO,4.0
2022-04-15 19:00:00,MLO,4.4
2022-04-15 20:00:00,MLO,4.2
2022-04-15 21:00:00,MLO,3.1
2022-04-15 22:00:00,MLO,5.7
2022-04-15 23:00:00,MLO,6.7
2022-04-16 00:00:00,MLO,5.6
2022-04-16 01:00:00,MLO,6.0
2022-04-16 02:00:00,MLO,6.9
2022-04-16 03:00:00,MLO,4.6
2022-04-16 04:00:00,MLO,2.7
2022-04-16 05:00:00,MLO,3.9
2022-04-16 06:00:00,MLO,3.5
2022-04-16 07:00:00,MLO,0.4
2022-04-16 08:00:00,MLO,1.8
2022-04-16 09:00:00,MLO,6.9
2022-04-16 10:00:00,MLO,1.9
2022-04-16 11:00:00,MLO,1.3
2022-04-16 12:00:00,MLO,2.2
2022-04-16 13:00:00,MLO,4.6
2022-04-16 14:00:00,MLO,1.3
2022-04-16 15:00:00,MLO,1.3
2022-04-16 16:00:00,MLO,3.8
2022-04-16 17:00:00,MLO,2.2
2022-04-16 18:00:00,MLO,7.4
2022-04-16 19:00:00,MLO,2.1
2022-04-16 20:00:00,MLO,1.5
2022-04-16 21:00:00,MLO,2.7
2022-04-16 22:00:00,MLO,3.4
2022-04-16 23:00:00,MLO,3.0
2022-04-17 00:00:00,MLO,2.4
2022-04-17 01:00:00,MLO,1.9
2022-04-17 02:00:00,MLO,2.3
2022-04-17 03:00:00,MLO,3.1
2022-04-17 04:00:00,MLO,2.0
2022-04-17 05:00:00,MLO,2.8
2022-04-17 06:00:00,MLO,1.9
2022-04-17 07:00:00,MLO,2.4
2022-04-17 08:00:00,MLO,1.6
2022-04-17 09:00:00,MLO,3.3
2022-04-17 10:00:00,MLO,5.0
2022-04-17 11:00:00,MLO,4.4
2022-04-17 12:00:00,MLO,3.8
2022-04-17 13:00:00,MLO,2.8
2022-04-17 14:00:00,MLO,1.2
2022-04-17 15:00:00,MLO,1.2
2022-04-17 16:00:00,MLO,3.7
2022-04-17 17:00:00,MLO,3.8
2022-04-17 18:00:00,MLO,2.0
2022-04-17 19:00:00,MLO,2.533333333333333
2022-04-17 20:00:00,MLO,3.0666666666666664
2022-04-17 21:00:00,MLO,3.6
2022-04-17 22:00:00,MLO,3.2
2022-04-17 23:00:00,MLO,2.8
2022-04-18 00:00:00,MLO,2.9
2022-04-18 01:00:00,MLO,3.4
2022-04-18 02:00:00,MLO,4.0
2022-04-18 03:00:00,MLO,1.7
2022-04-18 04:00:00,MLO,1.1
2022-04-18 05:00:00,MLO,1.4
2022-04-18 06:00:00,MLO,2.4
2022-04-18 07:00:00,MLO,1.5
2022-04-18 08:00:00,MLO,1.4
2022-04-18 09:00:00,MLO,2.0
2022-04-18 10:00:00,MLO,1.7
2022-04-18 11:00:00,MLO,1.8
2022-04-18 12:00:00,MLO,1.2
2022-04-18 13:00:00,MLO,2.6
2022-04-18 14:00:00,MLO,1.5
2022-04-18 15:00:00,MLO,1.9
2022-04-18 16:00:00,MLO,1.6
2022-04-18 17:00:00,MLO,1.5
2022-04-18 18:00:00,MLO,1.2
2022-04-18 19:00:00,MLO,2.0
2022-04-18 20:00:00,MLO,2.2
2022-04-18 21:00:00,MLO,2.1
2022-04-18 22:00:00,MLO,2.7
2022-04-18 23:00:00,MLO,2.2
2022-04-19 00:00:00,MLO,2.2
2022-04-19 01:00:00,MLO,1.7
2022-04-19 02:00:00,MLO,2.7
2022-04-19 03:00:00,MLO,2.4
2022-04-19 04:00:00,MLO,1.2
2022-04-19 05:00:00,MLO,1.9
2022-04-19 06:00:00,MLO,2.2
2022-04-19 07:00:00,MLO,1.9
2022-04-19 08:00:00,MLO,3.2
2022-04-19 09:00:00,MLO,1.8
2022-04-19 10:00:00,MLO,1.9
2022-04-19 11:00:00,MLO,3.1
2022-04-19 12:00:00,MLO,1.3
2022-04-19 13:00:00,MLO,1.6
2022-04-19 14:00:00,MLO,1.7
2022-04-19 15:00:00,MLO,1.6
2022-04-19 16:00:00,MLO,2.4
2022-04-19 17:00:00,MLO,0.3
2022-04-19 18:00:00,MLO,1.1
2022-04-19 19:00:00,MLO,2.2
2022-04-19 20:00:00,MLO,2.7
2022-04-19 21:00:00,MLO,2.5
2022-04-19 22:00:00,MLO,2.8
2022-04-19 23:00:00,MLO,3.3
2022-04-20 00:00:00,MLO,3.5
2022-04-20 01:00:00,MLO,2.5
2022-04-20 02:00:00,MLO,2.1
2022-04-20 03:00:00,MLO,1.9
2022-04-20 04:00:00,MLO,0.9
2022-04-20 05:00:00,MLO,1.0
2022-04-20 06:00:00,MLO,1.0
2022-04-20 07:00:00,MLO,3.7
2022-04-20 08:00:00,MLO,4.1
2022-04-20 09:00:00,MLO,3.1
2022-04-20 10:00:00,MLO,2.5
2022-04-20 11:00:00,MLO,4.3
2022-04-20 12:00:00,MLO,3.3
2022-04-20 13:00:00,MLO,2.6
2022-04-20 14:00:00,MLO,4.1
2022-04-20 15:00:00,MLO,5.3
2022-04-20 16:00:00,MLO,5.4
2022-04-20 17:00:00,MLO,3.4
2022-04-20 18:00:00,MLO,1.9
2022-04-20 19:00:00,MLO,2.1
2022-04-20 20:00:00,MLO,2.6
2022-04-20 21:00:00,MLO,3.2
2022-04-20 22:00:00,MLO,3.5
2022-04-20 23:00:00,MLO,3.7
2022-04-21 00:00:00,MLO,3.3
2022-04-21 01:00:00,MLO,3.2
2022-04-21 02:00:00,MLO,2.8
2022-04-21 03:00:00,MLO,2.8
2022-04-21 04:00:00,MLO,1.8
2022-04-21 05:00:00,MLO,2.2
2022-04-21 06:00:00,MLO,0.6
2022-04-21 07:00:00,MLO,1.7
2022-04-21 08:00:00,MLO,2.1
2022-04-21 09:00:00,MLO,2.4
2022-04-21 10:00:00,MLO,2.7
2022-04-21 11:00:00,MLO,2.6
2022-04-21 12:00:00,MLO,3.6
2022-04-21 13:00:00,MLO,3.8
2022-04-21 14:00:00,MLO,3.8
2022-04-21 15:00:00,MLO,3.5
2022-04-21 16:00:00,MLO,1.4
2022-04-21 17:00:00,MLO,0.3
2022-04-21 18:00:00,MLO,1.1
2022-04-21 19:00:00,MLO,2.0
2022-04-21 20:00:00,MLO,3.1
2022-04-21 21:00:00,MLO,3.7
2022-04-21 22:00:00,MLO,4.4
2022-04-21 23:00:00,MLO,3.5
2022-04-22 00:00:00,MLO,4.5
2022-04-22 01:00:00,MLO,4.5
2022-04-22 02:00:00,MLO,4.2
2022-04-22 03:00:00,MLO,3.6
2022-04-22 04:00:00,MLO,1.8
2022-04-22 05:00:00,MLO,2.7
2022-04-22 06:00:00,MLO,2.6
2022-04-22 07:00:00,MLO,2.5
2022-04-22 08:00:00,MLO,2.8
2022-04-22 09:00:00,MLO,2.3
2022-04-22 10:00:00,MLO,2.2
2022-04-22 11:00:00,MLO,2.3
2022-04-22 12:00:00,MLO,2.2
2022-04-22 13:00:00,MLO,2.6
2022-04-22 14:00:00,MLO,3.0
2022-04-22 15:00:00,MLO,2.1
2022-04-22 16:00:00,MLO,2.2
2022-04-22 17:00:00,MLO,2.4
2022-04-22 18:00:00,MLO,2.6
2022-04-22 19:00:00,MLO,4.3
2022-04-22 20:00:00,MLO,4.5
2022-04-22 21:00:00,MLO,4.5
2022-04-22 22:00:00,MLO,5.0
2022-04-22 23:00:00,MLO,4.1
2022-04-23 00:00:00,MLO,4.4
2022-04-23 01:00:00,MLO,4.1
2022-04-23 02:00:00,MLO,4.9
2022-04-23 03:00:00,MLO,4.4
2022-04-23 04:00:00,MLO,3.8
2022-04-23 05:00:00,MLO,3.4
2022-04-23 06:00:00,MLO,4.8
2022-04-23 07:00:00,MLO,5.2
2022-04-23 08:00:00,MLO,5.6
2022-04-23 09:00:00,MLO,5.7
2022-04-23 10:00:00,MLO,5.3
2022-04-23 11:00:00,MLO,4.9
2022-04-23 12:00:00,MLO,5.6
2022-04-23 13:00:00,MLO,5.5
2022-04-23 14:00:00,MLO,5.7
2022-04-23 15:00:00,MLO,6.2
2022-04-23 16:00:00,MLO,5.9
2022-04-23 17:00:00,MLO,5.1
2022-04-23 18:00:00,MLO,5.9
2022-04-23 19:00:00,MLO,6.8
2022-04-23 20:00:00,MLO,6.7
2022-04-23 21:00:00,MLO,7.4
2022-04-23 22:00:00,MLO,7.3
2022-04-23 23:00:00,MLO,7.8
2022-04-24 00:00:00,MLO,8.1
2022-04-24 01:00:00,MLO,6.5
2022-04-24 02:00:00,MLO,5.7
2022-04-24 03:00:00,MLO,4.9
2022-04-24 04:00:00,MLO,4.6
2022-04-24 05:00:00,MLO,5.0
2022-04-24 06:00:00,MLO,5.0
2022-04-24 07:00:00,MLO,5.2
2022-04-24 08:00:00,MLO,6.2
2022-04-24 09:00:00,MLO,6.7
2022-04-24 10:00:00,MLO,6.0
2022-04-24 11:00:00,MLO,5.9
2022-04-24 12:00:00,MLO,5.7
2022-04-24 13:00:00,MLO,5.6
2022-04-24 14:00:00,MLO,5.1
2022-04-24 15:00:00,MLO,5.4
2022-04-24 16:00:00,MLO,5.1
2022-04-24 17:00:00,MLO,3.8
2022-04-24 18:00:00,MLO,4.0
2022-04-24 19:00:00,MLO,5.1
2022-04-24 20:00:00,MLO,6.5
2022-04-24 21:00:00,MLO,7.1
2022-04-24 22:00:00,MLO,6.6
2022-04-24 23:00:00,MLO,7.2
2022-04-25 00:00:00,MLO,7.0
2022-04-25 01:00:00,MLO,6.2
2022-04-25 02:00:00,MLO,5.2
2022-04-25 03:00:00,MLO,4.9
2022-04-25 04:00:00,MLO,4.0
2022-04-25 05:00:00,MLO,3.4
2022-04-25 06:00:00,MLO,3.6
2022-04-25 07:00:00,MLO,3.9
2022-04-25 08:00:00,MLO,4.1
2022-04-25 09:00:00,MLO,4.7
2022-04-25 10:00:00,MLO,4.4
2022-04-25 11:00:00,MLO,4.3
2022-04-25 12:00:00,MLO,4.5
2022-04-25 13:00:00,MLO,4.9
2022-04-25 14:00:00,MLO,5.0
2022-04-25 15:00:00,MLO,5.2
2022-04-25 16:00:00,MLO,5.3
2022-04-25 17:00:00,MLO,5.8
2022-04-25 18:00:00,MLO,6.8
2022-04-25 19:00:00,MLO,7.2
2022-04-25 20:00:00,MLO,7.4
2022-04-25 21:00:00,MLO,7.2
2022-04-25 22:00:00,MLO,7.3
2022-04-25 23:00:00,MLO,7.2
2022-04-26 00:00:00,MLO,6.8
2022-04-26 01:00:00,MLO,6.7
2022-04-26 02:00:00,MLO,6.2
2022-04-26 03:00:00,MLO,6.6
2022-04-26 04:00:00,MLO,6.6
2022-04-26 05:00:00,MLO,5.5
2022-04-26 06:00:00,MLO,5.7
2022-04-26 07:00:00,MLO,5.6
2022-04-26 08:00:00,MLO,5.5
2022-04-26 09:00:00,MLO,4.8
2022-04-26 10:00:00,MLO,4.4
2022-04-26 11:00:00,MLO,4.3
2022-04-26 12:00:00,MLO,4.4
2022-04-26 13:00:00,MLO,4.1
2022-04-26 14:00:00,MLO,3.8
2022-04-26 15:00:00,MLO,3.7
2022-04-26 16:00:00,MLO,3.8
2022-04-26 17:00:00,MLO,3.3
2022-04-26 18:00:00,MLO,3.8
2022-04-26 19:00:00,MLO,4.2
2022-04-26 20:00:00,MLO,5.6
2022-04-26 21:00:00,MLO,6.0
2022-04-26 22:00:00,MLO,6.3
2022-04-26 23:00:00,MLO,5.3
2022-04-27 00:00:00,MLO,6.2
2022-04-27 01:00:00,MLO,5.3
2022-04-27 02:00:00,MLO,5.5
2022-04-27 03:00:00,MLO,4.3
2022-04-27 04:00:00,MLO,3.8
2022-04-27 05:00:00,MLO,4.2
2022-04-27 06:00:00,MLO,3.9
2022-04-27 07:00:00,MLO,3.6
2022-04-27 08:00:00,MLO,3.9
2022-04-27 09:00:00,MLO,3.9
2022-04-27 10:00:00,MLO,3.5
2022-04-27 11:00:00,MLO,3.8
2022-04-27 12:00:00,MLO,4.0
2022-04-27 13:00:00,MLO,3.9
2022-04-27 14:00:00,MLO,3.9
2022-04-27 15:00:00,MLO,4.1
2022-04-27 16:00:00,MLO,4.8
2022-04-27 17:00:00,MLO,3.1
2022-04-27 18:00:00,MLO,3.2
2022-04-27 19:00:00,MLO,4.7
2022-04-27 20:00:00,MLO,5.0
2022-04-27 21:00:00,MLO,5.7
2022-04-27 22:00:00,MLO,4.8
2022-04-27 23:00:00,MLO,5.1
2022-04-28 00:00:00,MLO,4.6
2022-04-28 01:00:00,MLO,4.2
2022-04-28 02:00:00,MLO,3.3
2022-04-28 03:00:00,MLO,3.3
2022-04-28 04:00:00,MLO,1.9
2022-04-28 05:00:00,MLO,0.4
2022-04-28 06:00:00,MLO,1.1
2022-04-28 07:00:00,MLO,1.3
2022-04-28 08:00:00,MLO,2.2
2022-04-28 09:00:00,MLO,2.7
2022-04-28 10:00:00,MLO,2.9
2022-04-28 11:00:00,MLO,3.6
2022-04-28 12:00:00,MLO,4.1
2022-04-28 13:00:00,MLO,3.7
2022-04-28 14:00:00,MLO,4.4
2022-04-28 15:00:00,MLO,3.4
2022-04-28 16:00:00,MLO,3.6
2022-04-28 17:00:00,MLO,2.9
2022-04-28 18:00:00,MLO,3.2
2022-04-28 19:00:00,MLO,3.5
2022-04-28 20:00:00,MLO,4.1
2022-04-28 21:00:00,MLO,4.4
2022-04-28 22:00:00,MLO,4.6
2022-04-28 23:00:00,MLO,4.5
2022-04-29 00:00:00,MLO,3.6
2022-04-29 01:00:00,MLO,4.4
2022-04-29 02:00:00,MLO,3.2
2022-04-29 03:00:00,MLO,3.6
2022-04-29 04:00:00,MLO,2.9
2022-04-29 05:00:00,MLO,1.8
2022-04-29 06:00:00,MLO,2.8
2022-04-29 07:00:00,MLO,2.9
2022-04-29 08:00:00,MLO,2.2
2022-04-29 09:00:00,MLO,2.6
2022-04-29 10:00:00,MLO,3.6
2022-04-29 11:00:00,MLO,3.3
2022-04-29 12:00:00,MLO,3.1
2022-04-29 13:00:00,MLO,3.5
2022-04-29 14:00:00,MLO,3.0
2022-04-29 15:00:00,MLO,3.1
2022-04-29 16:00:00,MLO,2.9
2022-04-29 17:00:00,MLO,1.9
2022-04-29 18:00:00,MLO,2.5
2022-04-29 19:00:00,MLO,3.8
2022-04-29 20:00:00,MLO,4.4
2022-04-29 21:00:00,MLO,4.2
2022-04-29 22:00:00,MLO,4.1
2022-04-29 23:00:00,MLO,4.6
2022-04-30 00:00:00,MLO,3.8
2022-04-30 01:00:00,MLO,3.9
2022-04-30 02:00:00,MLO,2.7
2022-04-30 03:00:00,MLO,2.3
2022-04-30 04:00:00,MLO,1.7
2022-04-30 05:00:00,MLO,1.1
2022-04-30 06:00:00,MLO,2.0
2022-04-30 07:00:00,MLO,2.1
2022-04-30 08:00:00,MLO,2.0
2022-04-30 09:00:00,MLO,2.3
2022-04-30 10:00:00,MLO,3.1
2022-04-30 11:00:00,MLO,2.7
2022-04-30 12:00:00,MLO,3.2
2022-04-30 13:00:00,MLO,3.2
2022-04-30 14:00:00,MLO,3.4
2022-04-30 15:00:00,MLO,3.0
2022-04-30 16:00:00,MLO,2.5
2022-04-30 17:00:00,MLO,1.6
2022-04-30 18:00:00,MLO,2.4
2022-04-30 19:00:00,MLO,2.9
2022-04-30 20:00:00,MLO,3.7
2022-04-30 21:00:00,MLO,3.6
2022-04-30 22:00:00,MLO,3.2
2022-04-30 23:00:00,MLO,4.7
2022-05-01 00:00:00,MLO,3.9
2022-05-01 01:00:00,MLO,2.6
2022-05-01 02:00:00,MLO,3.2
2022-05-01 03:00:00,MLO,1.6
2022-05-01 04:00:00,MLO,1.1
2022-05-01 05:00:00,MLO,0.5
2022-05-01 06:00:00,MLO,0.5
2022-05-01 07:00:00,MLO,1.0
2022-05-01 08:00:00,MLO,1.4
2022-05-01 09:00:00,MLO,1.8
2022-05-01 10:00:00,MLO,1.6
2022-05-01 11:00:00,MLO,1.3
2022-05-01 12:00:00,MLO,1.8
2022-05-01 13:00:00,MLO,1.3
2022-05-01 14:00:00,MLO,1.2
2022-05-01 15:00:00,MLO,3.0
2022-05-01 16:00:00,MLO,5.7
2022-05-01 17:00:00,MLO,2.7
2022-05-01 18:00:00,MLO,3.8
2022-05-01 19:00:00,MLO,1.0
2022-05-01 20:00:00,MLO,1.8
2022-05-01 21:00:00,MLO,2.6
2022-05-01 22:00:00,MLO,2.2
2022-05-01 23:00:00,MLO,3.9
2022-05-02 00:00:00,MLO,3.1
2022-05-02 01:00:00,MLO,2.5
2022-05-02 02:00:00,MLO,3.0
2022-05-02 03:00:00,MLO,2.6
2022-05-02 04:00:00,MLO,1.7
2022-05-02 05:00:00,MLO,1.9
2022-05-02 06:00:00,MLO,3.1
2022-05-02 07:00:00,MLO,4.0
2022-05-02 08:00:00,MLO,6.3
2022-05-02 09:00:00,MLO,7.7
2022-05-02 10:00:00,MLO,7.2
2022-05-02 11:00:00,MLO,4.9
2022-05-02 12:00:00,MLO,4.8
2022-05-02 13:00:00,MLO,4.0
2022-05-02 14:00:00,MLO,3.5
2022-05-02 15:00:00,MLO,2.7
2022-05-02 16:00:00,MLO,1.2
2022-05-02 17:00:00,MLO,2.8
2022-05-02 18:00:00,MLO,2.0
2022-05-02 19:00:00,MLO,3.2
2022-05-02 20:00:00,MLO,2.9
2022-05-02 21:00:00,MLO,3.6
2022-05-02 22:00:00,MLO,1.3
2022-05-02 23:00:00,MLO,2.6
2022-05-03 00:00:00,MLO,1.5
2022-05-03 01:00:00,MLO,2.9
2022-05-03 02:00:00,MLO,4.4
2022-05-03 03:00:00,MLO,2.0
2022-05-03 04:00:00,MLO,1.4
2022-05-03 05:00:00,MLO,2.6
2022-05-03 06:00:00,MLO,2.7
2022-05-03 07:00:00,MLO,3.8
2022-05-03 08:00:00,MLO,0.3
2022-05-03 09:00:00,MLO,2.8
2022-05-03 10:00:00,MLO,1.8
2022-05-03 11:00:00,MLO,2.1
2022-05-03 12:00:00,MLO,0.6
2022-05-03 13:00:00,MLO,2.6
2022-05-03 14:00:00,MLO,2.6
2022-05-03 15:00:00,MLO,2.7
2022-05-03 16:00:00,MLO,4.0
2022-05-03 17:00:00,MLO,3.5
2022-05-03 18:00:00,MLO,4.6
2022-05-03 19:00:00,MLO,3.5
2022-05-03 20:00:00,MLO,3.8
2022-05-03 21:00:00,MLO,3.3
2022-05-03 22:00:00,MLO,4.0
2022-05-03 23:00:00,MLO,4.0
2022-05-04 00:00:00,MLO,3.0
2022-05-04 01:00:00,MLO,4.1
2022-05-04 02:00:00,MLO,5.1
2022-05-04 03:00:00,MLO,3.6
2022-05-04 04:00:00,MLO,3.7
2022-05-04 05:00:00,MLO,5.7
2022-05-04 06:00:00,MLO,4.5
2022-05-04 07:00:00,MLO,3.3
2022-05-04 08:00:00,MLO,4.7
2022-05-04 09:00:00,MLO,5.1
2022-05-04 10:00:00,MLO,3.4
2022-05-04 11:00:00,MLO,4.7
2022-05-04 12:00:00,MLO,1.8
2022-05-04 13:00:00,MLO,2.4
2022-05-04 14:00:00,MLO,3.6
2022-05-04 15:00:00,MLO,2.9
2022-05-04 16:00:00,MLO,2.5
2022-05-04 17:00:00,MLO,0.9
2022-05-04 18:00:00,MLO,1.2
2022-05-04 19:00:00,MLO,2.0
2022-05-04 20:00:00,MLO,0.8
2022-05-04 21:00:00,MLO,7.3
2022-05-04 22:00:00,MLO,1.4
2022-05-04 23:00:00,MLO,2.5
2022-05-05 00:00:00,MLO,2.7
2022-05-05 01:00:00,MLO,3.2
2022-05-05 02:00:00,MLO,3.3
2022-05-05 03:00:00,MLO,2.1
2022-05-05 04:00:00,MLO,0.7
2022-05-05 05:00:00,MLO,0.5
2022-05-05 06:00:00,MLO,1.3
2022-05-05 07:00:00,MLO,1.0
2022-05-05 08:00:00,MLO,2.5
2022-05-05 09:00:00,MLO,3.9
2022-05-05 10:00:00,MLO,5.5
2022-05-05 11:00:00,MLO,5.6
2022-05-05 12:00:00,MLO,2.3
2022-05-05 13:00:00,MLO,2.5
2022-05-05 14:00:00,MLO,1.3
2022-05-05 15:00:00,MLO,2.9
2022-05-05 16:00:00,MLO,0.7
2022-05-05 17:00:00,MLO,1.1
2022-05-05 18:00:00,MLO,1.0
2022-05-05 19:00:00,MLO,0.9
2022-05-05 20:00:00,MLO,1.5
2022-05-05 21:00:00,MLO,1.4
2022-05-05 22:00:00,MLO,2.5
2022-05-05 23:00:00,MLO,1.3
2022-05-06 00:00:00,MLO,0.2
2022-05-06 01:00:00,MLO,2.2
2022-05-06 02:00:00,MLO,6.0
2022-05-06 03:00:00,MLO,10.1
2022-05-06 04:00:00,MLO,8.0
2022-05-06 05:00:00,MLO,9.5
2022-05-06 06:00:00,MLO,3.4
2022-05-06 07:00:00,MLO,7.6
2022-05-06 08:00:00,MLO,7.6
2022-05-06 09:00:00,MLO,2.2
2022-05-06 10:00:00,MLO,2.6
2022-05-06 11:00:00,MLO,7.0
2022-05-06 12:00:00,MLO,5.0
2022-05-06 13:00:00,MLO,1.5
2022-05-06 14:00:00,MLO,2.5
2022-05-06 15:00:00,MLO,1.5
2022-05-06 16:00:00,MLO,1.2
2022-05-06 17:00:00,MLO,3.4
2022-05-06 18:00:00,MLO,1.6
2022-05-06 19:00:00,MLO,2.5
2022-05-06 20:00:00,MLO,3.5
2022-05-06 21:00:00,MLO,2.9
2022-05-06 22:00:00,MLO,3.1
2022-05-06 23:00:00,MLO,2.0
2022-05-07 00:00:00,MLO,2.0
2022-05-07 01:00:00,MLO,2.5
2022-05-07 02:00:00,MLO,2.6
2022-05-07 03:00:00,MLO,1.5
2022-05-07 04:00:00,MLO,0.6
2022-05-07 05:00:00,MLO,0.8
2022-05-07 06:00:00,MLO,2.0
2022-05-07 07:00:00,MLO,2.8
2022-05-07 08:00:00,MLO,3.4
2022-05-07 09:00:00,MLO,2.7
2022-05-07 10:00:00,MLO,5.5
2022-05-07 11:00:00,MLO,4.5
2022-05-07 12:00:00,MLO,4.0
2022-05-07 13:00:00,MLO,4.2
2022-05-07 14:00:00,MLO,1.1
2022-05-07 15:00:00,MLO,1.2
2022-05-07 16:00:00,MLO,0.9
2022-05-07 17:00:00,MLO,1.3
2022-05-07 18:00:00,MLO,2.6
2022-05-07 19:00:00,MLO,3.3
2022-05-07 20:00:00,MLO,4.7
2022-05-07 21:00:00,MLO,5.5
2022-05-07 22:00:00,MLO,6.4
2022-05-07 23:00:00,MLO,6.1
2022-05-08 00:00:00,MLO,5.6
2022-05-08 01:00:00,MLO,5.8
2022-05-08 02:00:00,MLO,6.1
2022-05-08 03:00:00,MLO,2.2
2022-05-08 04:00:00,MLO,3.5
2022-05-08 05:00:00,MLO,5.0
2022-05-08 06:00:00,MLO,4.1
2022-05-08 07:00:00,MLO,5.4
2022-05-08 08:00:00,MLO,5.2
2022-05-08 09:00:00,MLO,5.2
2022-05-08 10:00:00,MLO,5.2
2022-05-08 11:00:00,MLO,5.3
2022-05-08 12:00:00,MLO,5.2
2022-05-08 13:00:00,MLO,5.3
2022-05-08 14:00:00,MLO,5.4
2022-05-08 15:00:00,MLO,5.7
2022-05-08 16:00:00,MLO,5.1
2022-05-08 17:00:00,MLO,5.7
2022-05-08 18:00:00,MLO,6.6
2022-05-08 19:00:00,MLO,6.3
2022-05-08 20:00:00,MLO,5.5
2022-05-08 21:00:00,MLO,5.7
2022-05-08 22:00:00,MLO,6.2
2022-05-08 23:00:00,MLO,6.2
2022-05-09 00:00:00,MLO,6.0
2022-05-09 01:00:00,MLO,5.9
2022-05-09 02:00:00,MLO,5.5
2022-05-09 03:00:00,MLO,4.8
2022-05-09 04:00:00,MLO,4.7
2022-05-09 05:00:00,MLO,4.1
2022-05-09 06:00:00,MLO,4.3
2022-05-09 07:00:00,MLO,4.6
2022-05-09 08:00:00,MLO,4.7
2022-05-09 09:00:00,MLO,5.1
2022-05-09 10:00:00,MLO,2.9
2022-05-09 11:00:00,MLO,2.1
2022-05-09 12:00:00,MLO,2.4
2022-05-09 13:00:00,MLO,2.3
2022-05-09 14:00:00,MLO,3.0
2022-05-09 15:00:00,MLO,3.8
2022-05-09 16:00:00,MLO,3.4
2022-05-09 17:00:00,MLO,1.5
2022-05-09 18:00:00,MLO,2.2
2022-05-09 19:00:00,MLO,3.0
2022-05-09 20:00:00,MLO,4.2
2022-05-09 21:00:00,MLO,4.2
2022-05-09 22:00:00,MLO,4.5
2022-05-09 23:00:00,MLO,5.3
2022-05-10 00:00:00,MLO,5.7
2022-05-10 01:00:00,MLO,5.0
2022-05-10 02:00:00,MLO,4.9
2022-05-10 03:00:00,MLO,5.3
2022-05-10 04:00:00,MLO,4.6
2022-05-10 05:00:00,MLO,4.3
2022-05-10 06:00:00,MLO,4.5
2022-05-10 07:00:00,MLO,4.7
2022-05-10 08:00:00,MLO,5.3
2022-05-10 09:00:00,MLO,6.0
2022-05-10 10:00:00,MLO,6.1
2022-05-10 11:00:00,MLO,5.5
2022-05-10 12:00:00,MLO,4.7
2022-05-10 13:00:00,MLO,4.9
2022-05-10 14:00:00,MLO,4.6
2022-05-10 15:00:00,MLO,5.1
2022-05-10 16:00:00,MLO,5.2
2022-05-10 17:00:00,MLO,3.8
2022-05-10 18:00:00,MLO,3.7
2022-05-10 19:00:00,MLO,4.2
2022-05-10 20:00:00,MLO,4.1
2022-05-10 21:00:00,MLO,5.0
2022-05-10 22:00:00,MLO,6.9
2022-05-10 23:00:00,MLO,7.5
2022-05-11 00:00:00,MLO,6.9
2022-05-11 01:00:00,MLO,6.6
2022-05-11 02:00:00,MLO,6.1
2022-05-11 03:00:00,MLO,5.9
2022-05-11 04:00:00,MLO,6.3
2022-05-11 05:00:00,MLO,6.5
2022-05-11 06:00:00,MLO,6.8
2022-05-11 07:00:00,MLO,7.1
2022-05-11 08:00:00,MLO,6.9
2022-05-11 09:00:00,MLO,6.9
2022-05-11 10:00:00,MLO,7.6
2022-05-11 11:00:00,MLO,7.1
2022-05-11 12:00:00,MLO,8.1
2022-05-11 13:00:00,MLO,8.7
2022-05-11 14:00:00,MLO,8.8
2022-05-11 15:00:00,MLO,7.6
2022-05-11 16:00:00,MLO,7.4
2022-05-11 17:00:00,MLO,5.7
2022-05-11 18:00:00,MLO,5.6
2022-05-11 19:00:00,MLO,5.4
2022-05-11 20:00:00,MLO,3.6
2022-05-11 21:00:00,MLO,3.5
2022-05-11 22:00:00,MLO,4.3
2022-05-11 23:00:00,MLO,4.4
2022-05-12 00:00:00,MLO,5.2
2022-05-12 01:00:00,MLO,5.6
2022-05-12 02:00:00,MLO,5.2
2022-05-12 03:00:00,MLO,4.3
2022-05-12 04:00:00,MLO,3.0
2022-05-12 05:00:00,MLO,3.0
2022-05-12 06:00:00,MLO,3.9
2022-05-12 07:00:00,MLO,3.9
2022-05-12 08:00:00,MLO,5.5
2022-05-12 09:00:00,MLO,6.9
2022-05-12 10:00:00,MLO,6.9
2022-05-12 11:00:00,MLO,7.2
2022-05-12 12:00:00,MLO,7.7
2022-05-12 13:00:00,MLO,7.8
2022-05-12 14:00:00,MLO,6.8
2022-05-12 15:00:00,MLO,8.3
2022-05-12 16:00:00,MLO,6.8
2022-05-12 17:00:00,MLO,7.1
2022-05-12 18:00:00,MLO,7.6
2022-05-12 19:00:00,MLO,6.7
2022-05-12 20:00:00,MLO,4.9
2022-05-12 21:00:00,MLO,3.5
2022-05-12 22:00:00,MLO,3.1
2022-05-12 23:00:00,MLO,4.0
2022-05-13 00:00:00,MLO,4.6
2022-05-13 01:00:00,MLO,3.6
2022-05-13 02:00:00,MLO,0.6
2022-05-13 03:00:00,MLO,5.2
2022-05-13 04:00:00,MLO,7.1
2022-05-13 05:00:00,MLO,7.3
2022-05-13 06:00:00,MLO,8.2
2022-05-13 07:00:00,MLO,7.6
2022-05-13 08:00:00,MLO,7.8
2022-05-13 09:00:00,MLO,7.9
2022-05-13 10:00:00,MLO,7.6
2022-05-13 11:00:00,MLO,8.1
2022-05-13 12:00:00,MLO,6.9
2022-05-13 13:00:00,MLO,4.9
2022-05-13 14:00:00,MLO,5.2
2022-05-13 15:00:00,MLO,6.9
2022-05-13 16:00:00,MLO,5.7
2022-05-13 17:00:00,MLO,4.7
2022-05-13 18:00:00,MLO,5.0
2022-05-13 19:00:00,MLO,5.0
2022-05-13 20:00:00,MLO,4.4
2022-05-13 21:00:00,MLO,4.4
2022-05-13 22:00:00,MLO,5.5
2022-05-13 23:00:00,MLO,5.1
2022-05-14 00:00:00,MLO,5.1
2022-05-14 01:00:00,MLO,4.4
2022-05-14 02:00:00,MLO,6.4
2022-05-14 03:00:00,MLO,6.9
2022-05-14 04:00:00,MLO,6.8
2022-05-14 05:00:00,MLO,6.2
2022-05-14 06:00:00,MLO,7.2
2022-05-14 07:00:00,MLO,8.0
2022-05-14 08:00:00,MLO,8.5
2022-05-14 09:00:00,MLO,9.4
2022-05-14 10:00:00,MLO,8.9
2022-05-14 11:00:00,MLO,7.4
2022-05-14 12:00:00,MLO,5.0
2022-05-14 13:00:00,MLO,2.7
2022-05-14 14:00:00,MLO,3.1
2022-05-14 15:00:00,MLO,3.0
2022-05-14 16:00:00,MLO,1.6
2022-05-14 17:00:00,MLO,2.7
2022-05-14 18:00:00,MLO,4.8
2022-05-14 19:00:00,MLO,6.0
2022-05-14 20:00:00,MLO,4.5
2022-05-14 21:00:00,MLO,5.5
2022-05-14 22:00:00,MLO,8.7
2022-05-14 23:00:00,MLO,8.0
2022-05-15 00:00:00,MLO,7.1
2022-05-15 01:00:00,MLO,6.7
2022-05-15 02:00:00,MLO,6.3
2022-05-15 03:00:00,MLO,5.1
2022-05-15 04:00:00,MLO,4.0
2022-05-15 05:00:00,MLO,5.6
2022-05-15 06:00:00,MLO,6.6
2022-05-15 07:00:00,MLO,6.6
2022-05-15 08:00:00,MLO,7.2
2022-05-15 09:00:00,MLO,8.2
2022-05-15 10:00:00,MLO,7.5
2022-05-15 11:00:00,MLO,7.2
2022-05-15 12:00:00,MLO,6.5
2022-05-15 13:00:00,MLO,2.4
2022-05-15 14:00:00,MLO,5.0
2022-05-15 15:00:00,MLO,5.7
2022-05-15 16:00:00,MLO,2.3
2022-05-15 17:00:00,MLO,1.2
2022-05-15 18:00:00,MLO,1.9
2022-05-15 19:00:00,MLO,2.7
2022-05-15 20:00:00,MLO,4.4
2022-05-15 21:00:00,MLO,5.2
2022-05-15 22:00:00,MLO,4.9
2022-05-15 23:00:00,MLO,4.9
2022-05-16 00:00:00,MLO,5.7
2022-05-16 01:00:00,MLO,4.5
2022-05-16 02:00:00,MLO,3.4
2022-05-16 03:00:00,MLO,2.3
2022-05-16 04:00:00,MLO,1.6
2022-05-16 05:00:00,MLO,1.5
2022-05-16 06:00:00,MLO,1.7
2022-05-16 07:00:00,MLO,2.6
2022-05-16 08:00:00,MLO,3.2
2022-05-16 09:00:00,MLO,4.6
2022-05-16 10:00:00,MLO,4.8
2022-05-16 11:00:00,MLO,3.2
2022-05-16 12:00:00,MLO,2.4
2022-05-16 13:00:00,MLO,2.7
2022-05-16 14:00:00,MLO,2.6
2022-05-16 15:00:00,MLO,1.8
2022-05-16 16:00:00,MLO,2.2
2022-05-16 17:00:00,MLO,2.3
2022-05-16 18:00:00,MLO,3.9
2022-05-16 19:00:00,MLO,5.2
2022-05-16 20:00:00,MLO,4.8
2022-05-16 21:00:00,MLO,4.9
2022-05-16 22:00:00,MLO,4.6
2022-05-16 23:00:00,MLO,4.3
2022-05-17 00:00:00,MLO,4.1
2022-05-17 01:00:00,MLO,3.1
2022-05-17 02:00:00,MLO,2.8
2022-05-17 03:00:00,MLO,3.0
2022-05-17 04:00:00,MLO,2.0
2022-05-17 05:00:00,MLO,0.7
2022-05-17 06:00:00,MLO,1.0
2022-05-17 07:00:00,MLO,2.0
2022-05-17 08:00:00,MLO,1.9
2022-05-17 09:00:00,MLO,1.3
2022-05-17 10:00:00,MLO,1.5
2022-05-17 11:00:00,MLO,0.9
2022-05-17 12:00:00,MLO,1.8
2022-05-17 13:00:00,MLO,2.6
2022-05-17 14:00:00,MLO,2.2
2022-05-17 15:00:00,MLO,2.7
2022-05-17 16:00:00,MLO,1.7
2022-05-17 17:00:00,MLO,2.0
2022-05-17 18:00:00,MLO,2.6
2022-05-17 19:00:00,MLO,2.6
2022-05-17 20:00:00,MLO,3.0
2022-05-17 21:00:00,MLO,3.8
2022-05-17 22:00:00,MLO,4.3
2022-05-17 23:00:00,MLO,3.3
2022-05-18 00:00:00,MLO,4.2
2022-05-18 01:00:00,MLO,2.9
2022-05-18 02:00:00,MLO,1.9
2022-05-18 03:00:00,MLO,5.7
2022-05-18 04:00:00,MLO,7.6
2022-05-18 05:00:00,MLO,7.595261845386533
2022-05-18 06:00:00,MLO,7.590523690773067
2022-05-18 07:00:00,MLO,7.585785536159601
2022-05-18 08:00:00,MLO,7.581047381546134
2022-05-18 09:00:00,MLO,7.576309226932668
2022-05-18 10:00:00,MLO,7.571571072319202
2022-05-18 11:00:00,MLO,7.566832917705735
2022-05-18 12:00:00,MLO,7.562094763092269
2022-05-18 13:00:00,MLO,7.557356608478803
2022-05-18 14:00:00,MLO,7.552618453865336
2022-05-18 15:00:00,MLO,7.54788029925187
2022-05-18 16:00:00,MLO,7.543142144638404
2022-05-18 17:00:00,MLO,7.538403990024937
2022-05-18 18:00:00,MLO,7.533665835411471
2022-05-18 19:00:00,MLO,7.528927680798005
2022-05-18 20:00:00,MLO,7.524189526184538
2022-05-18 21:00:00,MLO,7.519451371571072
2022-05-18 22:00:00,MLO,7.514713216957606
2022-05-18 23:00:00,MLO,7.5099750623441395
2022-05-19 00:00:00,MLO,7.505236907730673
2022-05-19 01:00:00,MLO,7.500498753117206
2022-05-19 02:00:00,MLO,7.4957605985037405
2022-05-19 03:00:00,MLO,7.491022443890274
2022-05-19 04:00:00,MLO,7.486284289276807
2022-05-19 05:00:00,MLO,7.481546134663342
2022-05-19 06:00:00,MLO,7.476807980049875
2022-05-19 07:00:00,MLO,7.472069825436408
2022-05-19 08:00:00,MLO,7.467331670822943
2022-05-19 09:00:00,MLO,7.462593516209476
2022-05-19 10:00:00,MLO,7.4578553615960095
2022-05-19 11:00:00,MLO,7.453117206982544
2022-05-19 12:00:00,MLO,7.448379052369077
2022-05-19 13:00:00,MLO,7.4436408977556106
2022-05-19 14:00:00,MLO,7.438902743142144
2022-05-19 15:00:00,MLO,7.434164588528678
2022-05-19 16:00:00,MLO,7.429426433915212
2022-05-19 17:00:00,MLO,7.424688279301745
2022-05-19 18:00:00,MLO,7.419950124688279
2022-05-19 19:00:00,MLO,7.415211970074813
2022-05-19 20:00:00,MLO,7.410473815461346
2022-05-19 21:00:00,MLO,7.40573566084788
2022-05-19 22:00:00,MLO,7.400997506234414
2022-05-19 23:00:00,MLO,7.396259351620947
2022-05-20 00:00:00,MLO,7.3915211970074814
2022-05-20 01:00:00,MLO,7.386783042394015
2022-05-20 02:00:00,MLO,7.382044887780548
2022-05-20 03:00:00,MLO,7.377306733167082
2022-05-20 04:00:00,MLO,7.372568578553616
2022-05-20 05:00:00,MLO,7.367830423940149
2022-05-20 06:00:00,MLO,7.363092269326683
2022-05-20 07:00:00,MLO,7.358354114713217
2022-05-20 08:00:00,MLO,7.35361596009975
2022-05-20 09:00:00,MLO,7.348877805486284
2022-05-20 10:00:00,MLO,7.344139650872818
2022-05-20 11:00:00,MLO,7.3394014962593515
2022-05-20 12:00:00,MLO,7.334663341645885
2022-05-20 13:00:00,MLO,7.329925187032419
2022-05-20 14:00:00,MLO,7.3251870324189525
2022-05-20 15:00:00,MLO,7.320448877805486
2022-05-20 16:00:00,MLO,7.315710723192019
2022-05-20 17:00:00,MLO,7.310972568578554
2022-05-20 18:00:00,MLO,7.306234413965087
2022-05-20 19:00:00,MLO,7.30149625935162
2022-05-20 20:00:00,MLO,7.296758104738155
2022-05-20 21:00:00,MLO,7.292019950124688
2022-05-20 22:00:00,MLO,7.2872817955112215
2022-05-20 23:00:00,MLO,7.282543640897756
2022-05-21 00:00:00,MLO,7.277805486284289
2022-05-21 01:00:00,MLO,7.2730673316708225
2022-05-21 02:00:00,MLO,7.268329177057356
2022-05-21 03:00:00,MLO,7.26359102244389
2022-05-21 04:00:00,MLO,7.258852867830424
2022-05-21 05:00:00,MLO,7.254114713216957
2022-05-21 06:00:00,MLO,7.249376558603491
2022-05-21 07:00:00,MLO,7.244638403990025
2022-05-21 08:00:00,MLO,7.239900249376558
2022-05-21 09:00:00,MLO,7.235162094763092
2022-05-21 10:00:00,MLO,7.230423940149626
2022-05-21 11:00:00,MLO,7.225685785536159
2022-05-21 12:00:00,MLO,7.2209476309226925
2022-05-21 13:00:00,MLO,7.216209476309227
2022-05-21 14:00:00,MLO,7.21147132169576
2022-05-21 15:00:00,MLO,7.206733167082294
2022-05-21 16:00:00,MLO,7.201995012468828
2022-05-21 17:00:00,MLO,7.197256857855361
2022-05-21 18:00:00,MLO,7.192518703241895
2022-05-21 19:00:00,MLO,7.187780548628429
2022-05-21 20:00:00,MLO,7.183042394014962
2022-05-21 21:00:00,MLO,7.178304239401496
2022-05-21 22:00:00,MLO,7.17356608478803
2022-05-21 23:00:00,MLO,7.168827930174563
2022-05-22 00:00:00,MLO,7.164089775561097
2022-05-22 01:00:00,MLO,7.15935162094763
2022-05-22 02:00:00,MLO,7.1546134663341645
2022-05-22 03:00:00,MLO,7.149875311720698
2022-05-22 04:00:00,MLO,7.145137157107231
2022-05-22 05:00:00,MLO,7.140399002493766
2022-05-22 06:00:00,MLO,7.135660847880299
2022-05-22 07:00:00,MLO,7.130922693266832
2022-05-22 08:00:00,MLO,7.126184538653367
2022-05-22 09:00:00,MLO,7.1214463840399
2022-05-22 10:00:00,MLO,7.116708229426433
2022-05-22 11:00:00,MLO,7.111970074812968
2022-05-22 12:00:00,MLO,7.107231920199501
2022-05-22 13:00:00,MLO,7.1024937655860345
2022-05-22 14:00:00,MLO,7.097755610972568
2022-05-22 15:00:00,MLO,7.093017456359102
2022-05-22 16:00:00,MLO,7.088279301745636
2022-05-22 17:00:00,MLO,7.083541147132169
2022-05-22 18:00:00,MLO,7.078802992518703
2022-05-22 19:00:00,MLO,7.074064837905237
2022-05-22 20:00:00,MLO,7.06932668329177
2022-05-22 21:00:00,MLO,7.064588528678304
2022-05-22 22:00:00,MLO,7.059850374064838
2022-05-22 23:00:00,MLO,7.055112219451371
2022-05-23 00:00:00,MLO,7.050374064837905
2022-05-23 01:00:00,MLO,7.045635910224439
2022-05-23 02:00:00,MLO,7.040897755610972
2022-05-23 03:00:00,MLO,7.036159600997506
2022-05-23 04:00:00,MLO,7.03142144638404
2022-05-23 05:00:00,MLO,7.026683291770573
2022-05-23 06:00:00,MLO,7.021945137157107
2022-05-23 07:00:00,MLO,7.017206982543641
2022-05-23 08:00:00,MLO,7.012468827930174
2022-05-23 09:00:00,MLO,7.007730673316708
2022-05-23 10:00:00,MLO,7.002992518703242
2022-05-23 11:00:00,MLO,6.998254364089775
2022-05-23 12:00:00,MLO,6.993516209476309
2022-05-23 13:00:00,MLO,6.988778054862843
2022-05-23 14:00:00,MLO,6.9840399002493765
2022-05-23 15:00:00,MLO,6.97930174563591
2022-05-23 16:00:00,MLO,6.974563591022443
2022-05-23 17:00:00,MLO,6.969825436408978
2022-05-23 18:00:00,MLO,6.965087281795511
2022-05-23 19:00:00,MLO,6.960349127182044
2022-05-23 20:00:00,MLO,6.955610972568579
2022-05-23 21:00:00,MLO,6.950872817955112
2022-05-23 22:00:00,MLO,6.946134663341645
2022-05-23 23:00:00,MLO,6.94139650872818
2022-05-24 00:00:00,MLO,6.936658354114713
2022-05-24 01:00:00,MLO,6.9319201995012465
2022-05-24 02:00:00,MLO,6.927182044887781
2022-05-24 03:00:00,MLO,6.922443890274314
2022-05-24 04:00:00,MLO,6.917705735660848
2022-05-24 05:00:00,MLO,6.912967581047381
2022-05-24 06:00:00,MLO,6.908229426433915
2022-05-24 07:00:00,MLO,6.903491271820449
2022-05-24 08:00:00,MLO,6.898753117206982
2022-05-24 09:00:00,MLO,6.894014962593516
2022-05-24 10:00:00,MLO,6.88927680798005
2022-05-24 11:00:00,MLO,6.884538653366583
2022-05-24 12:00:00,MLO,6.879800498753117
2022-05-24 13:00:00,MLO,6.875062344139651
2022-05-24 14:00:00,MLO,6.870324189526184
2022-05-24 15:00:00,MLO,6.8655860349127185
2022-05-24 16:00:00,MLO,6.860847880299252
2022-05-24 17:00:00,MLO,6.856109725685785
2022-05-24 18:00:00,MLO,6.851371571072319
2022-05-24 19:00:00,MLO,6.846633416458853
2022-05-24 20:00:00,MLO,6.841895261845386
2022-05-24 21:00:00,MLO,6.83715710723192
2022-05-24 22:00:00,MLO,6.832418952618454
2022-05-24 23:00:00,MLO,6.827680798004987
2022-05-25 00:00:00,MLO,6.822942643391521
2022-05-25 01:00:00,MLO,6.818204488778055
2022-05-25 02:00:00,MLO,6.8134663341645885
2022-05-25 03:00:00,MLO,6.808728179551122
2022-05-25 04:00:00,MLO,6.803990024937656
2022-05-25 05:00:00,MLO,6.7992518703241895
2022-05-25 06:00:00,MLO,6.794513715710723
2022-05-25 07:00:00,MLO,6.789775561097256
2022-05-25 08:00:00,MLO,6.785037406483791
2022-05-25 09:00:00,MLO,6.780299251870324
2022-05-25 10:00:00,MLO,6.775561097256857
2022-05-25 11:00:00,MLO,6.770822942643392
2022-05-25 12:00:00,MLO,6.766084788029925
2022-05-25 13:00:00,MLO,6.7613466334164585
2022-05-25 14:00:00,MLO,6.756608478802993
2022-05-25 15:00:00,MLO,6.751870324189526
2022-05-25 16:00:00,MLO,6.7471321695760595
2022-05-25 17:00:00,MLO,6.742394014962594
2022-05-25 18:00:00,MLO,6.737655860349127
2022-05-25 19:00:00,MLO,6.732917705735661
2022-05-25 20:00:00,MLO,6.728179551122194
2022-05-25 21:00:00,MLO,6.723441396508728
2022-05-25 22:00:00,MLO,6.718703241895262
2022-05-25 23:00:00,MLO,6.713965087281795
2022-05-26 00:00:00,MLO,6.709226932668329
2022-05-26 01:00:00,MLO,6.704488778054863
2022-05-26 02:00:00,MLO,6.699750623441396
2022-05-26 03:00:00,MLO,6.69501246882793
2022-05-26 04:00:00,MLO,6.690274314214464
2022-05-26 05:00:00,MLO,6.685536159600997
2022-05-26 06:00:00,MLO,6.6807980049875315
2022-05-26 07:00:00,MLO,6.676059850374065
2022-05-26 08:00:00,MLO,6.671321695760598
2022-05-26 09:00:00,MLO,6.666583541147132
2022-05-26 10:00:00,MLO,6.661845386533666
2022-05-26 11:00:00,MLO,6.657107231920199
2022-05-26 12:00:00,MLO,6.652369077306733
2022-05-26 13:00:00,MLO,6.647630922693267
2022-05-26 14:00:00,MLO,6.6428927680798004
2022-05-26 15:00:00,MLO,6.638154613466334
2022-05-26 16:00:00,MLO,6.633416458852867
2022-05-26 17:00:00,MLO,6.6286783042394015
2022-05-26 18:00:00,MLO,6.623940149625935
2022-05-26 19:00:00,MLO,6.619201995012469
2022-05-26 20:00:00,MLO,6.614463840399003
2022-05-26 21:00:00,MLO,6.609725685785536
2022-05-26 22:00:00,MLO,6.604987531172069
2022-05-26 23:00:00,MLO,6.600249376558604
2022-05-27 00:00:00,MLO,6.595511221945137
2022-05-27 01:00:00,MLO,6.5907730673316705
2022-05-27 02:00:00,MLO,6.586034912718205
2022-05-27 03:00:00,MLO,6.581296758104738
2022-05-27 04:00:00,MLO,6.5765586034912715
2022-05-27 05:00:00,MLO,6.571820448877805
2022-05-27 06:00:00,MLO,6.567082294264339
2022-05-27 07:00:00,MLO,6.562344139650873
2022-05-27 08:00:00,MLO,6.557605985037407
2022-05-27 09:00:00,MLO,6.55286783042394
2022-05-27 10:00:00,MLO,6.548129675810474
2022-05-27 11:00:00,MLO,6.543391521197007
2022-05-27 12:00:00,MLO,6.538653366583541
2022-05-27 13:00:00,MLO,6.533915211970075
2022-05-27 14:00:00,MLO,6.529177057356608
2022-05-27 15:00:00,MLO,6.524438902743142
2022-05-27 16:00:00,MLO,6.519700748129676
2022-05-27 17:00:00,MLO,6.514962593516209
2022-05-27 18:00:00,MLO,6.510224438902743
2022-05-27 19:00:00,MLO,6.505486284289277
2022-05-27 20:00:00,MLO,6.50074812967581
2022-05-27 21:00:00,MLO,6.496009975062345
2022-05-27 22:00:00,MLO,6.491271820448878
2022-05-27 23:00:00,MLO,6.486533665835411
2022-05-28 00:00:00,MLO,6.481795511221945
2022-05-28 01:00:00,MLO,6.477057356608479
2022-05-28 02:00:00,MLO,6.472319201995012
2022-05-28 03:00:00,MLO,6.467581047381546
2022-05-28 04:00:00,MLO,6.46284289276808
2022-05-28 05:00:00,MLO,6.4581047381546135
2022-05-28 06:00:00,MLO,6.453366583541147
2022-05-28 07:00:00,MLO,6.44862842892768
2022-05-28 08:00:00,MLO,6.443890274314215
2022-05-28 09:00:00,MLO,6.439152119700748
2022-05-28 10:00:00,MLO,6.434413965087282
2022-05-28 11:00:00,MLO,6.429675810473816
2022-05-28 12:00:00,MLO,6.424937655860349
2022-05-28 13:00:00,MLO,6.420199501246882
2022-05-28 14:00:00,MLO,6.415461346633417
2022-05-28 15:00:00,MLO,6.41072319201995
2022-05-28 16:00:00,MLO,6.4059850374064835
2022-05-28 17:00:00,MLO,6.401246882793018
2022-05-28 18:00:00,MLO,6.396508728179551
2022-05-28 19:00:00,MLO,6.391770573566085
2022-05-28 20:00:00,MLO,6.387032418952618
2022-05-28 21:00:00,MLO,6.382294264339152
2022-05-28 22:00:00,MLO,6.377556109725686
2022-05-28 23:00:00,MLO,6.37281795511222
2022-05-29 00:00:00,MLO,6.368079800498753
2022-05-29 01:00:00,MLO,6.363341645885287
2022-05-29 02:00:00,MLO,6.35860349127182
2022-05-29 03:00:00,MLO,6.353865336658354
2022-05-29 04:00:00,MLO,6.349127182044888
2022-05-29 05:00:00,MLO,6.344389027431421
2022-05-29 06:00:00,MLO,6.3396508728179555
2022-05-29 07:00:00,MLO,6.334912718204489
2022-05-29 08:00:00,MLO,6.330174563591022
2022-05-29 09:00:00,MLO,6.325436408977556
2022-05-29 10:00:00,MLO,6.32069825436409
2022-05-29 11:00:00,MLO,6.315960099750623
2022-05-29 12:00:00,MLO,6.311221945137158
2022-05-29 13:00:00,MLO,6.306483790523691
2022-05-29 14:00:00,MLO,6.301745635910224
2022-05-29 15:00:00,MLO,6.297007481296758
2022-05-29 16:00:00,MLO,6.292269326683292
2022-05-29 17:00:00,MLO,6.2875311720698255
2022-05-29 18:00:00,MLO,6.282793017456359
2022-05-29 19:00:00,MLO,6.278054862842893
2022-05-29 20:00:00,MLO,6.2733167082294266
2022-05-29 21:00:00,MLO,6.26857855361596
2022-05-29 22:00:00,MLO,6.263840399002493
2022-05-29 23:00:00,MLO,6.259102244389028
2022-05-30 00:00:00,MLO,6.254364089775561
2022-05-30 01:00:00,MLO,6.249625935162095
2022-05-30 02:00:00,MLO,6.244887780548629
2022-05-30 03:00:00,MLO,6.240149625935162
2022-05-30 04:00:00,MLO,6.2354114713216955
2022-05-30 05:00:00,MLO,6.230673316708229
2022-05-30 06:00:00,MLO,6.225935162094763
2022-05-30 07:00:00,MLO,6.221197007481297
2022-05-30 08:00:00,MLO,6.216458852867831
2022-05-30 09:00:00,MLO,6.211720698254364
2022-05-30 10:00:00,MLO,6.206982543640898
2022-05-30 11:00:00,MLO,6.202244389027431
2022-05-30 12:00:00,MLO,6.197506234413965
2022-05-30 13:00:00,MLO,6.192768079800499
2022-05-30 14:00:00,MLO,6.188029925187033
2022-05-30 15:00:00,MLO,6.183291770573566
2022-05-30 16:00:00,MLO,6.1785536159601
2022-05-30 17:00:00,MLO,6.173815461346633
2022-05-30 18:00:00,MLO,6.169077306733167
2022-05-30 19:00:00,MLO,6.164339152119701
2022-05-30 20:00:00,MLO,6.159600997506234
2022-05-30 21:00:00,MLO,6.1548628428927685
2022-05-30 22:00:00,MLO,6.150124688279302
2022-05-30 23:00:00,MLO,6.145386533665835
2022-05-31 00:00:00,MLO,6.140648379052369
2022-05-31 01:00:00,MLO,6.135910224438903
2022-05-31 02:00:00,MLO,6.131172069825436
2022-05-31 03:00:00,MLO,6.12643391521197
2022-05-31 04:00:00,MLO,6.121695760598504
2022-05-31 05:00:00,MLO,6.1169576059850375
2022-05-31 06:00:00,MLO,6.112219451371571
2022-05-31 07:00:00,MLO,6.107481296758104
2022-05-31 08:00:00,MLO,6.1027431421446385
2022-05-31 09:00:00,MLO,6.098004987531172
2022-05-31 10:00:00,MLO,6.093266832917706
2022-05-31 11:00:00,MLO,6.08852867830424
2022-05-31 12:00:00,MLO,6.083790523690773
2022-05-31 13:00:00,MLO,6.079052369077306
2022-05-31 14:00:00,MLO,6.074314214463841
2022-05-31 15:00:00,MLO,6.069576059850374
2022-05-31 16:00:00,MLO,6.0648379052369075
2022-05-31 17:00:00,MLO,6.060099750623442
2022-05-31 18:00:00,MLO,6.055361596009975
2022-05-31 19:00:00,MLO,6.0506234413965085
2022-05-31 20:00:00,MLO,6.045885286783042
2022-05-31 21:00:00,MLO,6.041147132169576
2022-05-31 22:00:00,MLO,6.03640897755611
2022-05-31 23:00:00,MLO,6.031670822942644
2022-06-01 00:00:00,MLO,6.026932668329177
2022-06-01 01:00:00,MLO,6.022194513715711
2022-06-01 02:00:00,MLO,6.017456359102244
2022-06-01 03:00:00,MLO,6.012718204488778
2022-06-01 04:00:00,MLO,6.007980049875312
2022-06-01 05:00:00,MLO,6.003241895261845
2022-06-01 06:00:00,MLO,5.998503740648379
2022-06-01 07:00:00,MLO,5.993765586034913
2022-06-01 08:00:00,MLO,5.989027431421446
2022-06-01 09:00:00,MLO,5.98428927680798
2022-06-01 10:00:00,MLO,5.979551122194514
2022-06-01 11:00:00,MLO,5.974812967581047
2022-06-01 12:00:00,MLO,5.970074812967582
2022-06-01 13:00:00,MLO,5.965336658354115
2022-06-01 14:00:00,MLO,5.960598503740648
2022-06-01 15:00:00,MLO,5.955860349127182
2022-06-01 16:00:00,MLO,5.951122194513716
2022-06-01 17:00:00,MLO,5.946384039900249
2022-06-01 18:00:00,MLO,5.941645885286783
2022-06-01 19:00:00,MLO,5.936907730673317
2022-06-01 20:00:00,MLO,5.9321695760598505
2022-06-01 21:00:00,MLO,5.927431421446384
2022-06-01 22:00:00,MLO,5.922693266832917
2022-06-01 23:00:00,MLO,5.917955112219452
2022-06-02 00:00:00,MLO,5.913216957605985
2022-06-02 01:00:00,MLO,5.908478802992519
2022-06-02 02:00:00,MLO,5.903740648379053
2022-06-02 03:00:00,MLO,5.899002493765586
2022-06-02 04:00:00,MLO,5.8942643391521194
2022-06-02 05:00:00,MLO,5.889526184538654
2022-06-02 06:00:00,MLO,5.884788029925187
2022-06-02 07:00:00,MLO,5.8800498753117205
2022-06-02 08:00:00,MLO,5.875311720698255
2022-06-02 09:00:00,MLO,5.870573566084788
2022-06-02 10:00:00,MLO,5.865835411471322
2022-06-02 11:00:00,MLO,5.861097256857855
2022-06-02 12:00:00,MLO,5.856359102244389
2022-06-02 13:00:00,MLO,5.851620947630923
2022-06-02 14:00:00,MLO,5.846882793017457
2022-06-02 15:00:00,MLO,5.84214463840399
2022-06-02 16:00:00,MLO,5.837406483790524
2022-06-02 17:00:00,MLO,5.832668329177057
2022-06-02 18:00:00,MLO,5.827930174563591
2022-06-02 19:00:00,MLO,5.823192019950125
2022-06-02 20:00:00,MLO,5.818453865336658
2022-06-02 21:00:00,MLO,5.8137157107231925
2022-06-02 22:00:00,MLO,5.808977556109726
2022-06-02 23:00:00,MLO,5.804239401496259
2022-06-03 00:00:00,MLO,5.799501246882793
2022-06-03 01:00:00,MLO,5.794763092269327
2022-06-03 02:00:00,MLO,5.79002493765586
2022-06-03 03:00:00,MLO,5.785286783042395
2022-06-03 04:00:00,MLO,5.780548628428928
2022-06-03 05:00:00,MLO,5.775810473815461
2022-06-03 06:00:00,MLO,5.771072319201995
2022-06-03 07:00:00,MLO,5.766334164588529
2022-06-03 08:00:00,MLO,5.7615960099750625
2022-06-03 09:00:00,MLO,5.756857855361596
2022-06-03 10:00:00,MLO,5.75211970074813
2022-06-03 11:00:00,MLO,5.747381546134664
2022-06-03 12:00:00,MLO,5.742643391521197
2022-06-03 13:00:00,MLO,5.73790523690773
2022-06-03 14:00:00,MLO,5.733167082294265
2022-06-03 15:00:00,MLO,5.728428927680798
2022-06-03 16:00:00,MLO,5.723690773067332
2022-06-03 17:00:00,MLO,5.718952618453866
2022-06-03 18:00:00,MLO,5.714214463840399
2022-06-03 19:00:00,MLO,5.7094763092269325
2022-06-03 20:00:00,MLO,5.704738154613467
2022-06-03 21:00:00,MLO,5.7
2022-06-03 22:00:00,MLO,5.2
2022-06-03 23:00:00,MLO,4.9
2022-06-04 00:00:00,MLO,5.2
2022-06-04 01:00:00,MLO,4.8
2022-06-04 02:00:00,MLO,4.3
2022-06-04 03:00:00,MLO,4.2
2022-06-04 04:00:00,MLO,3.5
2022-06-04 05:00:00,MLO,3.8
2022-06-04 06:00:00,MLO,3.9
2022-06-04 07:00:00,MLO,3.9
2022-06-04 08:00:00,MLO,4.3
2022-06-04 09:00:00,MLO,4.9
2022-06-04 10:00:00,MLO,5.3
2022-06-04 11:00:00,MLO,5.4
2022-06-04 12:00:00,MLO,5.2
2022-06-04 13:00:00,MLO,4.9
2022-06-04 14:00:00,MLO,4.1
2022-06-04 15:00:00,MLO,4.5
2022-06-04 16:00:00,MLO,3.2
2022-06-04 17:00:00,MLO,2.7
2022-06-04 18:00:00,MLO,3.1
2022-06-04 19:00:00,MLO,3.0
2022-06-04 20:00:00,MLO,3.9
2022-06-04 21:00:00,MLO,4.5
2022-06-04 22:00:00,MLO,5.4
2022-06-04 23:00:00,MLO,5.5
2022-06-05 00:00:00,MLO,5.6
2022-06-05 01:00:00,MLO,5.1
2022-06-05 02:00:00,MLO,4.7
2022-06-05 03:00:00,MLO,6.5
2022-06-05 04:00:00,MLO,4.7
2022-06-05 05:00:00,MLO,2.7
2022-06-05 06:00:00,MLO,2.9
2022-06-05 07:00:00,MLO,3.2
2022-06-05 08:00:00,MLO,3.1
2022-06-05 09:00:00,MLO,3.6
2022-06-05 10:00:00,MLO,4.5
2022-06-05 11:00:00,MLO,3.4
2022-06-05 12:00:00,MLO,5.4
2022-06-05 13:00:00,MLO,1.5
2022-06-05 14:00:00,MLO,1.6
2022-06-05 15:00:00,MLO,1.8
2022-06-05 16:00:00,MLO,1.5
2022-06-05 17:00:00,MLO,0.9
2022-06-05 18:00:00,MLO,3.2
2022-06-05 19:00:00,MLO,4.7
2022-06-05 20:00:00,MLO,4.7
2022-06-05 21:00:00,MLO,6.0
2022-06-05 22:00:00,MLO,5.6
2022-06-05 23:00:00,MLO,5.7
2022-06-06 00:00:00,MLO,5.6
2022-06-06 01:00:00,MLO,5.0
2022-06-06 02:00:00,MLO,3.7
2022-06-06 03:00:00,MLO,4.1
2022-06-06 04:00:00,MLO,3.1
2022-06-06 05:00:00,MLO,3.1
2022-06-06 06:00:00,MLO,3.3
2022-06-06 07:00:00,MLO,3.9
2022-06-06 08:00:00,MLO,4.2
2022-06-06 09:00:00,MLO,4.5
2022-06-06 10:00:00,MLO,4.6
2022-06-06 11:00:00,MLO,5.3
2022-06-06 12:00:00,MLO,5.3
2022-06-06 13:00:00,MLO,5.1
2022-06-06 14:00:00,MLO,5.9
2022-06-06 15:00:00,MLO,6.1
2022-06-06 16:00:00,MLO,4.7
2022-06-06 17:00:00,MLO,0.5
2022-06-06 18:00:00,MLO,3.5
2022-06-06 19:00:00,MLO,6.6
2022-06-06 20:00:00,MLO,7.8
2022-06-06 21:00:00,MLO,7.8
2022-06-06 22:00:00,MLO,6.9
2022-06-06 23:00:00,MLO,6.9
2022-06-07 00:00:00,MLO,7.3
2022-06-07 01:00:00,MLO,6.1
2022-06-07 02:00:00,MLO,4.6
2022-06-07 03:00:00,MLO,5.1
2022-06-07 04:00:00,MLO,4.1
2022-06-07 05:00:00,MLO,3.8
2022-06-07 06:00:00,MLO,3.9
2022-06-07 07:00:00,MLO,4.3
2022-06-07 08:00:00,MLO,5.8
2022-06-07 09:00:00,MLO,6.1
2022-06-07 10:00:00,MLO,6.9
2022-06-07 11:00:00,MLO,7.1
2022-06-07 12:00:00,MLO,5.4
2022-06-07 13:00:00,MLO,7.5
2022-06-07 14:00:00,MLO,7.7
2022-06-07 15:00:00,MLO,8.7
2022-06-07 16:00:00,MLO,9.0
2022-06-07 17:00:00,MLO,8.4
2022-06-07 18:00:00,MLO,6.3
2022-06-07 19:00:00,MLO,5.1
2022-06-07 20:00:00,MLO,5.1
2022-06-07 21:00:00,MLO,6.1
2022-06-07 22:00:00,MLO,5.3
2022-06-07 23:00:00,MLO,5.8
2022-06-08 00:00:00,MLO,5.6
2022-06-08 01:00:00,MLO,5.1
2022-06-08 02:00:00,MLO,6.1
2022-06-08 03:00:00,MLO,7.4
2022-06-08 04:00:00,MLO,7.9
2022-06-08 05:00:00,MLO,8.0
2022-06-08 06:00:00,MLO,8.3
2022-06-08 07:00:00,MLO,8.4
2022-06-08 08:00:00,MLO,8.3
2022-06-08 09:00:00,MLO,8.5
2022-06-08 10:00:00,MLO,6.4
2022-06-08 11:00:00,MLO,7.2
2022-06-08 12:00:00,MLO,6.7
2022-06-08 13:00:00,MLO,6.0
2022-06-08 14:00:00,MLO,6.5
2022-06-08 15:00:00,MLO,6.4
2022-06-08 16:00:00,MLO,5.9
2022-06-08 17:00:00,MLO,5.9
2022-06-08 18:00:00,MLO,6.5
2022-06-08 19:00:00,MLO,6.5
2022-06-08 20:00:00,MLO,6.2
2022-06-08 21:00:00,MLO,6.8
2022-06-08 22:00:00,MLO,7.2
2022-06-08 23:00:00,MLO,5.8
2022-06-09 00:00:00,MLO,5.8
2022-06-09 01:00:00,MLO,6.3
2022-06-09 02:00:00,MLO,5.9
2022-06-09 03:00:00,MLO,5.1
2022-06-09 04:00:00,MLO,4.3
2022-06-09 05:00:00,MLO,3.3
2022-06-09 06:00:00,MLO,3.6
2022-06-09 07:00:00,MLO,3.9
2022-06-09 08:00:00,MLO,3.9
2022-06-09 09:00:00,MLO,4.2
2022-06-09 10:00:00,MLO,4.1
2022-06-09 11:00:00,MLO,4.9
2022-06-09 12:00:00,MLO,4.8
2022-06-09 13:00:00,MLO,4.9
2022-06-09 14:00:00,MLO,6.1
2022-06-09 15:00:00,MLO,7.4
2022-06-09 16:00:00,MLO,2.9
2022-06-09 17:00:00,MLO,1.2
2022-06-09 18:00:00,MLO,2.4
2022-06-09 19:00:00,MLO,3.6
2022-06-09 20:00:00,MLO,3.8
2022-06-09 21:00:00,MLO,6.1
2022-06-09 22:00:00,MLO,8.6
2022-06-09 23:00:00,MLO,8.5
2022-06-10 00:00:00,MLO,7.3
2022-06-10 01:00:00,MLO,6.0
2022-06-10 02:00:00,MLO,3.0
2022-06-10 03:00:00,MLO,3.9
2022-06-10 04:00:00,MLO,3.8
2022-06-10 05:00:00,MLO,0.9
2022-06-10 06:00:00,MLO,0.5
2022-06-10 07:00:00,MLO,1.8
2022-06-10 08:00:00,MLO,0.6
2022-06-10 09:00:00,MLO,3.9
2022-06-10 10:00:00,MLO,2.6
2022-06-10 11:00:00,MLO,2.2
2022-06-10 12:00:00,MLO,5.0
2022-06-10 13:00:00,MLO,2.7
2022-06-10 14:00:00,MLO,1.9
2022-06-10 15:00:00,MLO,3.6
2022-06-10 16:00:00,MLO,0.8
2022-06-10 17:00:00,MLO,2.8
2022-06-10 18:00:00,MLO,1.5
2022-06-10 19:00:00,MLO,2.1
2022-06-10 20:00:00,MLO,3.0
2022-06-10 21:00:00,MLO,3.7
2022-06-10 22:00:00,MLO,4.3
2022-06-10 23:00:00,MLO,5.2
2022-06-11 00:00:00,MLO,6.1
2022-06-11 01:00:00,MLO,6.6
2022-06-11 02:00:00,MLO,5.9
2022-06-11 03:00:00,MLO,5.8
2022-06-11 04:00:00,MLO,4.6
2022-06-11 05:00:00,MLO,5.0
2022-06-11 06:00:00,MLO,4.8
2022-06-11 07:00:00,MLO,4.5
2022-06-11 08:00:00,MLO,5.0
2022-06-11 09:00:00,MLO,5.5
2022-06-11 10:00:00,MLO,5.0
2022-06-11 11:00:00,MLO,3.2
2022-06-11 12:00:00,MLO,4.5
2022-06-11 13:00:00,MLO,3.9
2022-06-11 14:00:00,MLO,3.2
2022-06-11 15:00:00,MLO,7.1
2022-06-11 16:00:00,MLO,10.2
2022-06-11 17:00:00,MLO,9.7
2022-06-11 18:00:00,MLO,6.4
2022-06-11 19:00:00,MLO,7.3
2022-06-11 20:00:00,MLO,6.0
2022-06-11 21:00:00,MLO,6.7
2022-06-11 22:00:00,MLO,5.6
2022-06-11 23:00:00,MLO,6.0
2022-06-12 00:00:00,MLO,5.9
2022-06-12 01:00:00,MLO,2.4
2022-06-12 02:00:00,MLO,5.2
2022-06-12 03:00:00,MLO,9.1
2022-06-12 04:00:00,MLO,10.2
2022-06-12 05:00:00,MLO,11.7
2022-06-12 06:00:00,MLO,13.9
2022-06-12 07:00:00,MLO,14.5
2022-06-12 08:00:00,MLO,14.4
2022-06-12 09:00:00,MLO,14.7
2022-06-12 10:00:00,MLO,14.3
2022-06-12 11:00:00,MLO,12.8
2022-06-12 12:00:00,MLO,14.0
2022-06-12 13:00:00,MLO,14.8
2022-06-12 14:00:00,MLO,14.8
2022-06-12 15:00:00,MLO,14.0
2022-06-12 16:00:00,MLO,11.9
2022-06-12 17:00:00,MLO,12.7
2022-06-12 18:00:00,MLO,12.4
2022-06-12 19:00:00,MLO,12.6
2022-06-12 20:00:00,MLO,12.3
2022-06-12 21:00:00,MLO,10.6
2022-06-12 22:00:00,MLO,10.9
2022-06-12 23:00:00,MLO,10.3
2022-06-13 00:00:00,MLO,9.8
2022-06-13 01:00:00,MLO,10.3
2022-06-13 02:00:00,MLO,11.8
2022-06-13 03:00:00,MLO,12.8
2022-06-13 04:00:00,MLO,13.4
2022-06-13 05:00:00,MLO,14.2
2022-06-13 06:00:00,MLO,14.0
2022-06-13 07:00:00,MLO,14.6
2022-06-13 08:00:00,MLO,13.7
2022-06-13 09:00:00,MLO,13.2
2022-06-13 10:00:00,MLO,11.8
2022-06-13 11:00:00,MLO,11.4
2022-06-13 12:00:00,MLO,12.2
2022-06-13 13:00:00,MLO,9.8
2022-06-13 14:00:00,MLO,10.4
2022-06-13 15:00:00,MLO,10.9
2022-06-13 16:00:00,MLO,10.0
2022-06-13 17:00:00,MLO,10.4
2022-06-13 18:00:00,MLO,10.3
2022-06-13 19:00:00,MLO,11.2
2022-06-13 20:00:00,MLO,10.7
2022-06-13 21:00:00,MLO,10.0
2022-06-13 22:00:00,MLO,8.1
2022-06-13 23:00:00,MLO,7.7
2022-06-14 00:00:00,MLO,7.2
2022-06-14 01:00:00,MLO,7.0
2022-06-14 02:00:00,MLO,6.8
2022-06-14 03:00:00,MLO,7.6
2022-06-14 04:00:00,MLO,8.0
2022-06-14 05:00:00,MLO,8.5
2022-06-14 06:00:00,MLO,8.9
2022-06-14 07:00:00,MLO,9.5
2022-06-14 08:00:00,MLO,10.0
2022-06-14 09:00:00,MLO,10.2
2022-06-14 10:00:00,MLO,10.9
2022-06-14 11:00:00,MLO,11.5
2022-06-14 12:00:00,MLO,11.4
2022-06-14 13:00:00,MLO,10.9
2022-06-14 14:00:00,MLO,9.8
2022-06-14 15:00:00,MLO,10.0
2022-06-14 16:00:00,MLO,9.3
2022-06-14 17:00:00,MLO,9.5
2022-06-14 18:00:00,MLO,9.8
2022-06-14 19:00:00,MLO,10.2
2022-06-14 20:00:00,MLO,10.1
2022-06-14 21:00:00,MLO,9.6
2022-06-14 22:00:00,MLO,9.6
2022-06-14 23:00:00,MLO,9.9
2022-06-15 00:00:00,MLO,9.8
2022-06-15 01:00:00,MLO,9.5
2022-06-15 02:00:00,MLO,9.7
2022-06-15 03:00:00,MLO,9.7
2022-06-15 04:00:00,MLO,10.2
2022-06-15 05:00:00,MLO,9.7
2022-06-15 06:00:00,MLO,9.1
2022-06-15 07:00:00,MLO,9.5
2022-06-15 08:00:00,MLO,10.0
2022-06-15 09:00:00,MLO,9.9
2022-06-15 10:00:00,MLO,9.7
2022-06-15 11:00:00,MLO,10.1
2022-06-15 12:00:00,MLO,9.8
2022-06-15 13:00:00,MLO,10.0
2022-06-15 14:00:00,MLO,9.5
2022-06-15 15:00:00,MLO,9.3
2022-06-15 16:00:00,MLO,9.2
2022-06-15 17:00:00,MLO,9.9
2022-06-15 18:00:00,MLO,9.8
2022-06-15 19:00:00,MLO,9.0
2022-06-15 20:00:00,MLO,8.3
2022-06-15 21:00:00,MLO,7.7
2022-06-15 22:00:00,MLO,7.1
2022-06-15 23:00:00,MLO,7.3
2022-06-16 00:00:00,MLO,7.1
2022-06-16 01:00:00,MLO,7.2
2022-06-16 02:00:00,MLO,6.8
2022-06-16 03:00:00,MLO,7.2
2022-06-16 04:00:00,MLO,6.9
2022-06-16 05:00:00,MLO,6.0
2022-06-16 06:00:00,MLO,6.0
2022-06-16 07:00:00,MLO,6.3
2022-06-16 08:00:00,MLO,6.6
2022-06-16 09:00:00,MLO,6.8
2022-06-16 10:00:00,MLO,5.8
2022-06-16 11:00:00,MLO,5.3
2022-06-16 12:00:00,MLO,5.6
2022-06-16 13:00:00,MLO,7.5
2022-06-16 14:00:00,MLO,7.4
2022-06-16 15:00:00,MLO,6.1
2022-06-16 16:00:00,MLO,7.6
2022-06-16 17:00:00,MLO,8.0
2022-06-16 18:00:00,MLO,8.2
2022-06-16 19:00:00,MLO,6.8
2022-06-16 20:00:00,MLO,5.3
2022-06-16 21:00:00,MLO,6.9
2022-06-16 22:00:00,MLO,7.7
2022-06-16 23:00:00,MLO,8.0
2022-06-17 00:00:00,MLO,7.6
2022-06-17 01:00:00,MLO,7.2
2022-06-17 02:00:00,MLO,5.8
2022-06-17 03:00:00,MLO,5.6
2022-06-17 04:00:00,MLO,4.0
2022-06-17 05:00:00,MLO,3.0
2022-06-17 06:00:00,MLO,0.9
2022-06-17 07:00:00,MLO,1.0
2022-06-17 08:00:00,MLO,1.2
2022-06-17 09:00:00,MLO,0.9
2022-06-17 10:00:00,MLO,1.3
2022-06-17 11:00:00,MLO,1.9
2022-06-17 12:00:00,MLO,2.4
2022-06-17 13:00:00,MLO,2.4
2022-06-17 14:00:00,MLO,2.0
2022-06-17 15:00:00,MLO,2.4
2022-06-17 16:00:00,MLO,1.3
2022-06-17 17:00:00,MLO,0.8
2022-06-17 18:00:00,MLO,1.7
2022-06-17 19:00:00,MLO,2.3
2022-06-17 20:00:00,MLO,2.9
2022-06-17 21:00:00,MLO,3.8
2022-06-17 22:00:00,MLO,4.5
2022-06-17 23:00:00,MLO,4.6
2022-06-18 00:00:00,MLO,4.8
2022-06-18 01:00:00,MLO,4.7
2022-06-18 02:00:00,MLO,6.4
2022-06-18 03:00:00,MLO,4.1
2022-06-18 04:00:00,MLO,1.9
2022-06-18 05:00:00,MLO,0.4
2022-06-18 06:00:00,MLO,1.6
2022-06-18 07:00:00,MLO,1.3
2022-06-18 08:00:00,MLO,1.2
2022-06-18 09:00:00,MLO,1.9
2022-06-18 10:00:00,MLO,3.0
2022-06-18 11:00:00,MLO,3.6
2022-06-18 12:00:00,MLO,6.4
2022-06-18 13:00:00,MLO,3.0
2022-06-18 14:00:00,MLO,1.0
2022-06-18 15:00:00,MLO,1.4
2022-06-18 16:00:00,MLO,0.6
2022-06-18 17:00:00,MLO,1.4
2022-06-18 18:00:00,MLO,2.0
2022-06-18 19:00:00,MLO,3.0
2022-06-18 20:00:00,MLO,3.6
2022-06-18 21:00:00,MLO,3.8
2022-06-18 22:00:00,MLO,3.7
2022-06-18 23:00:00,MLO,3.9
2022-06-19 00:00:00,MLO,4.6
2022-06-19 01:00:00,MLO,4.3
2022-06-19 02:00:00,MLO,4.1
2022-06-19 03:00:00,MLO,3.0
2022-06-19 04:00:00,MLO,1.8
2022-06-19 05:00:00,MLO,1.1
2022-06-19 06:00:00,MLO,0.7
2022-06-19 07:00:00,MLO,0.8
2022-06-19 08:00:00,MLO,1.8
2022-06-19 09:00:00,MLO,1.5
2022-06-19 10:00:00,MLO,1.2
2022-06-19 11:00:00,MLO,1.5
2022-06-19 12:00:00,MLO,1.0
2022-06-19 13:00:00,MLO,2.3
2022-06-19 14:00:00,MLO,1.2
2022-06-19 15:00:00,MLO,1.7
2022-06-19 16:00:00,MLO,1.5
2022-06-19 17:00:00,MLO,1.3
2022-06-19 18:00:00,MLO,2.6
2022-06-19 19:00:00,MLO,3.9
2022-06-19 20:00:00,MLO,4.9
2022-06-19 21:00:00,MLO,5.3
2022-06-19 22:00:00,MLO,5.9
2022-06-19 23:00:00,MLO,6.3
2022-06-20 00:00:00,MLO,6.2
2022-06-20 01:00:00,MLO,5.9
2022-06-20 02:00:00,MLO,5.6
2022-06-20 03:00:00,MLO,5.1
2022-06-20 04:00:00,MLO,5.3
2022-06-20 05:00:00,MLO,2.0
2022-06-20 06:00:00,MLO,0.3
2022-06-20 07:00:00,MLO,3.3
2022-06-20 08:00:00,MLO,6.1
2022-06-20 09:00:00,MLO,4.1
2022-06-20 10:00:00,MLO,2.7
2022-06-20 11:00:00,MLO,7.3
2022-06-20 12:00:00,MLO,8.4
2022-06-20 13:00:00,MLO,9.1
2022-06-20 14:00:00,MLO,7.4
2022-06-20 15:00:00,MLO,6.6
2022-06-20 16:00:00,MLO,6.2
2022-06-20 17:00:00,MLO,5.9
2022-06-20 18:00:00,MLO,3.8
2022-06-20 19:00:00,MLO,3.9
2022-06-20 20:00:00,MLO,6.5
2022-06-20 21:00:00,MLO,6.8
2022-06-20 22:00:00,MLO,4.6
2022-06-20 23:00:00,MLO,4.6
2022-06-21 00:00:00,MLO,3.7
2022-06-21 01:00:00,MLO,2.9
2022-06-21 02:00:00,MLO,6.6
2022-06-21 03:00:00,MLO,6.3
2022-06-21 04:00:00,MLO,6.9
2022-06-21 05:00:00,MLO,7.4
2022-06-21 06:00:00,MLO,8.2
2022-06-21 07:00:00,MLO,8.8
2022-06-21 08:00:00,MLO,8.7
2022-06-21 09:00:00,MLO,7.5
2022-06-21 10:00:00,MLO,7.0
2022-06-21 11:00:00,MLO,6.5
2022-06-21 12:00:00,MLO,6.9
2022-06-21 13:00:00,MLO,7.2
2022-06-21 14:00:00,MLO,6.8
2022-06-21 15:00:00,MLO,6.9
2022-06-21 16:00:00,MLO,9.2
2022-06-21 17:00:00,MLO,8.8
2022-06-21 18:00:00,MLO,7.6
2022-06-21 19:00:00,MLO,7.7
2022-06-21 20:00:00,MLO,6.7
2022-06-21 21:00:00,MLO,6.6
2022-06-21 22:00:00,MLO,5.8
2022-06-21 23:00:00,MLO,5.3
2022-06-22 00:00:00,MLO,4.7
2022-06-22 01:00:00,MLO,1.2
2022-06-22 02:00:00,MLO,4.1
2022-06-22 03:00:00,MLO,3.1
2022-06-22 04:00:00,MLO,4.4
2022-06-22 05:00:00,MLO,7.3
2022-06-22 06:00:00,MLO,11.4
2022-06-22 07:00:00,MLO,10.8
2022-06-22 08:00:00,MLO,11.8
2022-06-22 09:00:00,MLO,11.9
2022-06-22 10:00:00,MLO,11.5
2022-06-22 11:00:00,MLO,10.8
2022-06-22 12:00:00,MLO,11.0
2022-06-22 13:00:00,MLO,10.4
2022-06-22 14:00:00,MLO,9.2
2022-06-22 15:00:00,MLO,7.6
2022-06-22 16:00:00,MLO,6.2
2022-06-22 17:00:00,MLO,7.0
2022-06-22 18:00:00,MLO,6.2
2022-06-22 19:00:00,MLO,6.6
2022-06-22 20:00:00,MLO,4.6
2022-06-22 21:00:00,MLO,4.6
2022-06-22 22:00:00,MLO,5.7
2022-06-22 23:00:00,MLO,6.7
2022-06-23 00:00:00,MLO,7.4
2022-06-23 01:00:00,MLO,7.7
2022-06-23 02:00:00,MLO,6.7
2022-06-23 03:00:00,MLO,6.2
2022-06-23 04:00:00,MLO,6.0
2022-06-23 05:00:00,MLO,4.9
2022-06-23 06:00:00,MLO,3.3
2022-06-23 07:00:00,MLO,3.8
2022-06-23 08:00:00,MLO,5.5
2022-06-23 09:00:00,MLO,5.5
2022-06-23 10:00:00,MLO,5.5
2022-06-23 11:00:00,MLO,6.4
2022-06-23 12:00:00,MLO,6.5
2022-06-23 13:00:00,MLO,6.4
2022-06-23 14:00:00,MLO,6.8
2022-06-23 15:00:00,MLO,5.8
2022-06-23 16:00:00,MLO,4.8
2022-06-23 17:00:00,MLO,2.4
2022-06-23 18:00:00,MLO,5.7
2022-06-23 19:00:00,MLO,6.2
2022-06-23 20:00:00,MLO,4.5
2022-06-23 21:00:00,MLO,4.7
2022-06-23 22:00:00,MLO,5.0
2022-06-23 23:00:00,MLO,4.4
2022-06-24 00:00:00,MLO,4.2
2022-06-24 01:00:00,MLO,3.8
2022-06-24 02:00:00,MLO,4.1
2022-06-24 03:00:00,MLO,3.3
2022-06-24 04:00:00,MLO,3.6
2022-06-24 05:00:00,MLO,3.7
2022-06-24 06:00:00,MLO,4.3
2022-06-24 07:00:00,MLO,4.6
2022-06-24 08:00:00,MLO,4.3
2022-06-24 09:00:00,MLO,4.6
2022-06-24 10:00:00,MLO,4.1
2022-06-24 11:00:00,MLO,4.5
2022-06-24 12:00:00,MLO,4.1
2022-06-24 13:00:00,MLO,4.0
2022-06-24 14:00:00,MLO,3.8
2022-06-24 15:00:00,MLO,2.6
2022-06-24 16:00:00,MLO,3.0
2022-06-24 17:00:00,MLO,3.0
2022-06-24 18:00:00,MLO,3.7
2022-06-24 19:00:00,MLO,4.6
2022-06-24 20:00:00,MLO,5.4
2022-06-24 21:00:00,MLO,4.6
2022-06-24 22:00:00,MLO,5.1
2022-06-24 23:00:00,MLO,5.1
2022-06-25 00:00:00,MLO,4.8
2022-06-25 01:00:00,MLO,4.3
2022-06-25 02:00:00,MLO,4.0
2022-06-25 03:00:00,MLO,3.9
2022-06-25 04:00:00,MLO,2.5
2022-06-25 05:00:00,MLO,1.9
2022-06-25 06:00:00,MLO,2.4
2022-06-25 07:00:00,MLO,1.5
2022-06-25 08:00:00,MLO,1.6
2022-06-25 09:00:00,MLO,1.9
2022-06-25 10:00:00,MLO,1.8
2022-06-25 11:00:00,MLO,1.9
2022-06-25 12:00:00,MLO,1.3
2022-06-25 13:00:00,MLO,2.2
2022-06-25 14:00:00,MLO,1.6
2022-06-25 15:00:00,MLO,2.8
2022-06-25 16:00:00,MLO,3.0
2022-06-25 17:00:00,MLO,2.0
2022-06-25 18:00:00,MLO,3.4
2022-06-25 19:00:00,MLO,4.0
2022-06-25 20:00:00,MLO,4.9
2022-06-25 21:00:00,MLO,5.5
2022-06-25 22:00:00,MLO,5.6
2022-06-25 23:00:00,MLO,5.7
2022-06-26 00:00:00,MLO,5.5
2022-06-26 01:00:00,MLO,5.4
2022-06-26 02:00:00,MLO,4.7
2022-06-26 03:00:00,MLO,3.8
2022-06-26 04:00:00,MLO,3.2
2022-06-26 05:00:00,MLO,3.1
2022-06-26 06:00:00,MLO,2.0
2022-06-26 07:00:00,MLO,2.8
2022-06-26 08:00:00,MLO,2.2
2022-06-26 09:00:00,MLO,4.2
2022-06-26 10:00:00,MLO,5.2
2022-06-26 11:00:00,MLO,3.0
2022-06-26 12:00:00,MLO,1.6
2022-06-26 13:00:00,MLO,1.8
2022-06-26 14:00:00,MLO,7.2
2022-06-26 15:00:00,MLO,5.9
2022-06-26 16:00:00,MLO,5.0
2022-06-26 17:00:00,MLO,2.1
2022-06-26 18:00:00,MLO,3.3
2022-06-26 19:00:00,MLO,4.5
2022-06-26 20:00:00,MLO,5.1
2022-06-26 21:00:00,MLO,5.8
2022-06-26 22:00:00,MLO,5.8
2022-06-26 23:00:00,MLO,5.8
2022-06-27 00:00:00,MLO,6.0
2022-06-27 01:00:00,MLO,5.7
2022-06-27 02:00:00,MLO,5.9
2022-06-27 03:00:00,MLO,4.8
2022-06-27 04:00:00,MLO,3.5
2022-06-27 05:00:00,MLO,3.6
2022-06-27 06:00:00,MLO,2.0
2022-06-27 07:00:00,MLO,1.6
2022-06-27 08:00:00,MLO,2.8
2022-06-27 09:00:00,MLO,1.6
2022-06-27 10:00:00,MLO,2.3
2022-06-27 11:00:00,MLO,2.1
2022-06-27 12:00:00,MLO,3.8
2022-06-27 13:00:00,MLO,2.5
2022-06-27 14:00:00,MLO,2.0
2022-06-27 15:00:00,MLO,2.6
2022-06-27 16:00:00,MLO,2.5
2022-06-27 17:00:00,MLO,0.9
2022-06-27 18:00:00,MLO,3.7
2022-06-27 19:00:00,MLO,3.7
2022-06-27 20:00:00,MLO,3.6
2022-06-27 21:00:00,MLO,7.5
2022-06-27 22:00:00,MLO,8.3
2022-06-27 23:00:00,MLO,6.5
2022-06-28 00:00:00,MLO,5.3
2022-06-28 01:00:00,MLO,6.9
2022-06-28 02:00:00,MLO,7.2
2022-06-28 03:00:00,MLO,4.5
2022-06-28 04:00:00,MLO,3.8
2022-06-28 05:00:00,MLO,4.7
2022-06-28 06:00:00,MLO,6.0
2022-06-28 07:00:00,MLO,7.5
2022-06-28 08:00:00,MLO,7.5
2022-06-28 09:00:00,MLO,7.6
2022-06-28 10:00:00,MLO,8.4
2022-06-28 11:00:00,MLO,8.7
2022-06-28 12:00:00,MLO,8.7
2022-06-28 13:00:00,MLO,7.8
2022-06-28 14:00:00,MLO,7.7
2022-06-28 15:00:00,MLO,8.9
2022-06-28 16:00:00,MLO,7.6
2022-06-28 17:00:00,MLO,6.3
2022-06-28 18:00:00,MLO,7.1
2022-06-28 19:00:00,MLO,7.0
2022-06-28 20:00:00,MLO,6.3
2022-06-28 21:00:00,MLO,6.0
2022-06-28 22:00:00,MLO,5.9
2022-06-28 23:00:00,MLO,6.1
2022-06-29 00:00:00,MLO,6.5
2022-06-29 01:00:00,MLO,6.6
2022-06-29 02:00:00,MLO,6.1
2022-06-29 03:00:00,MLO,4.5
2022-06-29 04:00:00,MLO,3.5
2022-06-29 05:00:00,MLO,3.8
2022-06-29 06:00:00,MLO,8.2
2022-06-29 07:00:00,MLO,8.0
2022-06-29 08:00:00,MLO,6.2
2022-06-29 09:00:00,MLO,6.2
2022-06-29 10:00:00,MLO,6.6
2022-06-29 11:00:00,MLO,6.3
2022-06-29 12:00:00,MLO,5.6
2022-06-29 13:00:00,MLO,6.7
2022-06-29 14:00:00,MLO,6.8
2022-06-29 15:00:00,MLO,6.6
2022-06-29 16:00:00,MLO,6.2
2022-06-29 17:00:00,MLO,6.4
2022-06-29 18:00:00,MLO,6.9
2022-06-29 19:00:00,MLO,6.6
2022-06-29 20:00:00,MLO,6.0
2022-06-29 21:00:00,MLO,3.2
2022-06-29 22:00:00,MLO,3.5
2022-06-29 23:00:00,MLO,5.1
2022-06-30 00:00:00,MLO,4.2
2022-06-30 01:00:00,MLO,4.1
2022-06-30 02:00:00,MLO,3.7
2022-06-30 03:00:00,MLO,5.9
2022-06-30 04:00:00,MLO,8.0
2022-06-30 05:00:00,MLO,8.7
2022-06-30 06:00:00,MLO,11.1
2022-06-30 07:00:00,MLO,13.4
2022-06-30 08:00:00,MLO,14.5
2022-06-30 09:00:00,MLO,14.0
2022-06-30 10:00:00,MLO,10.7
2022-06-30 11:00:00,MLO,9.9
2022-06-30 12:00:00,MLO,8.8
2022-06-30 13:00:00,MLO,9.6
2022-06-30 14:00:00,MLO,10.6
2022-06-30 15:00:00,MLO,12.3
2022-06-30 16:00:00,MLO,15.0
2022-06-30 17:00:00,MLO,15.0
2022-06-30 18:00:00,MLO,16.1
2022-06-30 19:00:00,MLO,16.0
2022-06-30 20:00:00,MLO,16.4
2022-06-30 21:00:00,MLO,12.0
2022-06-30 22:00:00,MLO,9.7
2022-06-30 23:00:00,MLO,11.6
2022-07-01 00:00:00,MLO,10.6
2022-07-01 01:00:00,MLO,11.7
2022-07-01 02:00:00,MLO,10.6
2022-07-01 03:00:00,MLO,6.0
2022-07-01 04:00:00,MLO,2.0
2022-07-01 05:00:00,MLO,10.1
2022-07-01 06:00:00,MLO,15.8
2022-07-01 07:00:00,MLO,15.5
2022-07-01 08:00:00,MLO,14.2
2022-07-01 09:00:00,MLO,13.1
2022-07-01 10:00:00,MLO,10.4
2022-07-01 11:00:00,MLO,8.6
2022-07-01 12:00:00,MLO,8.4
2022-07-01 13:00:00,MLO,10.2
2022-07-01 14:00:00,MLO,11.4
2022-07-01 15:00:00,MLO,11.4
2022-07-01 16:00:00,MLO,11.2
2022-07-01 17:00:00,MLO,9.2
2022-07-01 18:00:00,MLO,10.0
2022-07-01 19:00:00,MLO,10.8
2022-07-01 20:00:00,MLO,10.6
2022-07-01 21:00:00,MLO,9.5
2022-07-01 22:00:00,MLO,8.4
2022-07-01 23:00:00,MLO,8.2
2022-07-02 00:00:00,MLO,8.7
2022-07-02 01:00:00,MLO,9.6
2022-07-02 02:00:00,MLO,9.1
2022-07-02 03:00:00,MLO,9.0
2022-07-02 04:00:00,MLO,8.7
2022-07-02 05:00:00,MLO,9.4
2022-07-02 06:00:00,MLO,9.7
2022-07-02 07:00:00,MLO,9.6
2022-07-02 08:00:00,MLO,8.7
2022-07-02 09:00:00,MLO,9.8
2022-07-02 10:00:00,MLO,10.3
2022-07-02 11:00:00,MLO,10.8
2022-07-02 12:00:00,MLO,11.0
2022-07-02 13:00:00,MLO,10.7
2022-07-02 14:00:00,MLO,12.1
2022-07-02 15:00:00,MLO,12.2
2022-07-02 16:00:00,MLO,11.5
2022-07-02 17:00:00,MLO,11.4
2022-07-02 18:00:00,MLO,12.0
2022-07-02 19:00:00,MLO,10.7
2022-07-02 20:00:00,MLO,7.2
2022-07-02 21:00:00,MLO,7.3
2022-07-02 22:00:00,MLO,7.9
2022-07-02 23:00:00,MLO,7.4
2022-07-03 00:00:00,MLO,8.2
2022-07-03 01:00:00,MLO,9.5
2022-07-03 02:00:00,MLO,9.8
2022-07-03 03:00:00,MLO,11.6
2022-07-03 04:00:00,MLO,11.9
2022-07-03 05:00:00,MLO,11.8
2022-07-03 06:00:00,MLO,15.6
2022-07-03 07:00:00,MLO,15.9
2022-07-03 08:00:00,MLO,15.9
2022-07-03 09:00:00,MLO,15.8
2022-07-03 10:00:00,MLO,15.7
2022-07-03 11:00:00,MLO,16.2
2022-07-03 12:00:00,MLO,14.9
2022-07-03 13:00:00,MLO,10.9
2022-07-03 14:00:00,MLO,2.4
2022-07-03 15:00:00,MLO,2.6
2022-07-03 16:00:00,MLO,2.4
2022-07-03 17:00:00,MLO,1.4
2022-07-03 18:00:00,MLO,4.6
2022-07-03 19:00:00,MLO,4.9
2022-07-03 20:00:00,MLO,1.0
2022-07-03 21:00:00,MLO,3.5
2022-07-03 22:00:00,MLO,3.8
2022-07-03 23:00:00,MLO,6.5
2022-07-04 00:00:00,MLO,6.7
2022-07-04 01:00:00,MLO,5.4
2022-07-04 02:00:00,MLO,4.8
2022-07-04 03:00:00,MLO,4.0
2022-07-04 04:00:00,MLO,5.4
2022-07-04 05:00:00,MLO,6.4
2022-07-04 06:00:00,MLO,6.5
2022-07-04 07:00:00,MLO,5.6
2022-07-04 08:00:00,MLO,5.7
2022-07-04 09:00:00,MLO,5.5
2022-07-04 10:00:00,MLO,5.5
2022-07-04 11:00:00,MLO,5.8
2022-07-04 12:00:00,MLO,5.5
2022-07-04 13:00:00,MLO,5.5
2022-07-04 14:00:00,MLO,6.1
2022-07-04 15:00:00,MLO,6.4
2022-07-04 16:00:00,MLO,6.0
2022-07-04 17:00:00,MLO,6.0
2022-07-04 18:00:00,MLO,6.2
2022-07-04 19:00:00,MLO,6.3
2022-07-04 20:00:00,MLO,7.7
2022-07-04 21:00:00,MLO,7.3
2022-07-04 22:00:00,MLO,7.4
2022-07-04 23:00:00,MLO,6.7
2022-07-05 00:00:00,MLO,6.8
2022-07-05 01:00:00,MLO,7.6
2022-07-05 02:00:00,MLO,8.6
2022-07-05 03:00:00,MLO,8.2
2022-07-05 04:00:00,MLO,8.1
2022-07-05 05:00:00,MLO,7.8
2022-07-05 06:00:00,MLO,5.5
2022-07-05 07:00:00,MLO,1.7
2022-07-05 08:00:00,MLO,6.6
2022-07-05 09:00:00,MLO,7.9
2022-07-05 10:00:00,MLO,2.4
2022-07-05 11:00:00,MLO,2.8
2022-07-05 12:00:00,MLO,1.8
2022-07-05 13:00:00,MLO,2.6
2022-07-05 14:00:00,MLO,2.6
2022-07-05 15:00:00,MLO,3.0
2022-07-05 16:00:00,MLO,3.6
2022-07-05 17:00:00,MLO,2.5
2022-07-05 18:00:00,MLO,2.1
2022-07-05 19:00:00,MLO,3.2
2022-07-05 20:00:00,MLO,3.9
2022-07-05 21:00:00,MLO,4.6
2022-07-05 22:00:00,MLO,5.3
2022-07-05 23:00:00,MLO,5.8
2022-07-06 00:00:00,MLO,4.7
2022-07-06 01:00:00,MLO,4.2
2022-07-06 02:00:00,MLO,3.1
2022-07-06 03:00:00,MLO,2.9
2022-07-06 04:00:00,MLO,2.7
2022-07-06 05:00:00,MLO,3.2
2022-07-06 06:00:00,MLO,1.1
2022-07-06 07:00:00,MLO,2.6
2022-07-06 08:00:00,MLO,1.6
2022-07-06 09:00:00,MLO,1.6
2022-07-06 10:00:00,MLO,0.9
2022-07-06 11:00:00,MLO,1.2
2022-07-06 12:00:00,MLO,2.1
2022-07-06 13:00:00,MLO,2.1
2022-07-06 14:00:00,MLO,2.5
2022-07-06 15:00:00,MLO,2.0
2022-07-06 16:00:00,MLO,1.9
2022-07-06 17:00:00,MLO,2.2
2022-07-06 18:00:00,MLO,2.0
2022-07-06 19:00:00,MLO,3.7
2022-07-06 20:00:00,MLO,3.6
2022-07-06 21:00:00,MLO,4.1
2022-07-06 22:00:00,MLO,4.5
2022-07-06 23:00:00,MLO,4.6
2022-07-07 00:00:00,MLO,4.5
2022-07-07 01:00:00,MLO,4.0
2022-07-07 02:00:00,MLO,3.5
2022-07-07 03:00:00,MLO,2.8
2022-07-07 04:00:00,MLO,2.1
2022-07-07 05:00:00,MLO,0.4
2022-07-07 06:00:00,MLO,0.5
2022-07-07 07:00:00,MLO,1.3
2022-07-07 08:00:00,MLO,1.3
2022-07-07 09:00:00,MLO,3.0
2022-07-07 10:00:00,MLO,2.6
2022-07-07 11:00:00,MLO,2.4
2022-07-07 12:00:00,MLO,2.5
2022-07-07 13:00:00,MLO,3.1
2022-07-07 14:00:00,MLO,2.9
2022-07-07 15:00:00,MLO,2.8
2022-07-07 16:00:00,MLO,2.4
2022-07-07 17:00:00,MLO,1.1
2022-07-07 18:00:00,MLO,2.2
2022-07-07 19:00:00,MLO,3.1
2022-07-07 20:00:00,MLO,3.2
2022-07-07 21:00:00,MLO,4.1
2022-07-07 22:00:00,MLO,4.5
2022-07-07 23:00:00,MLO,4.1
2022-07-08 00:00:00,MLO,4.3
2022-07-08 01:00:00,MLO,3.5
2022-07-08 02:00:00,MLO,3.0
2022-07-08 03:00:00,MLO,2.5
2022-07-08 04:00:00,MLO,1.9
2022-07-08 05:00:00,MLO,0.9
2022-07-08 06:00:00,MLO,3.3
2022-07-08 07:00:00,MLO,2.9
2022-07-08 08:00:00,MLO,1.4
2022-07-08 09:00:00,MLO,5.2
2022-07-08 10:00:00,MLO,6.0
2022-07-08 11:00:00,MLO,6.6
2022-07-08 12:00:00,MLO,6.9
2022-07-08 13:00:00,MLO,7.2
2022-07-08 14:00:00,MLO,6.2
2022-07-08 15:00:00,MLO,5.7
2022-07-08 16:00:00,MLO,5.6
2022-07-08 17:00:00,MLO,4.1
2022-07-08 18:00:00,MLO,3.6
2022-07-08 19:00:00,MLO,2.6
2022-07-08 20:00:00,MLO,3.3
2022-07-08 21:00:00,MLO,3.9
2022-07-08 22:00:00,MLO,4.7
2022-07-08 23:00:00,MLO,5.6
2022-07-09 00:00:00,MLO,6.1
2022-07-09 01:00:00,MLO,4.7
2022-07-09 02:00:00,MLO,4.5
2022-07-09 03:00:00,MLO,4.2
2022-07-09 04:00:00,MLO,3.6
2022-07-09 05:00:00,MLO,3.3
2022-07-09 06:00:00,MLO,3.8
2022-07-09 07:00:00,MLO,4.6
2022-07-09 08:00:00,MLO,6.3
2022-07-09 09:00:00,MLO,6.2
2022-07-09 10:00:00,MLO,7.0
2022-07-09 11:00:00,MLO,7.7
2022-07-09 12:00:00,MLO,7.2
2022-07-09 13:00:00,MLO,6.8
2022-07-09 14:00:00,MLO,6.5
2022-07-09 15:00:00,MLO,6.1
2022-07-09 16:00:00,MLO,7.0
2022-07-09 17:00:00,MLO,1.8
2022-07-09 18:00:00,MLO,4.1
2022-07-09 19:00:00,MLO,5.1
2022-07-09 20:00:00,MLO,4.6
2022-07-09 21:00:00,MLO,4.8
2022-07-09 22:00:00,MLO,1.1
2022-07-09 23:00:00,MLO,2.3
2022-07-10 00:00:00,MLO,3.0
2022-07-10 01:00:00,MLO,4.1
2022-07-10 02:00:00,MLO,3.1
2022-07-10 03:00:00,MLO,4.1
2022-07-10 04:00:00,MLO,3.8
2022-07-10 05:00:00,MLO,2.5
2022-07-10 06:00:00,MLO,2.7
2022-07-10 07:00:00,MLO,4.3
2022-07-10 08:00:00,MLO,5.3
2022-07-10 09:00:00,MLO,5.0
2022-07-10 10:00:00,MLO,6.1
2022-07-10 11:00:00,MLO,6.3
2022-07-10 12:00:00,MLO,6.6
2022-07-10 13:00:00,MLO,7.8
2022-07-10 14:00:00,MLO,8.7
2022-07-10 15:00:00,MLO,6.9
2022-07-10 16:00:00,MLO,6.9
2022-07-10 17:00:00,MLO,6.7
2022-07-10 18:00:00,MLO,7.6
2022-07-10 19:00:00,MLO,6.7
2022-07-10 20:00:00,MLO,6.9
2022-07-10 21:00:00,MLO,7.7
2022-07-10 22:00:00,MLO,7.1
2022-07-10 23:00:00,MLO,6.7
2022-07-11 00:00:00,MLO,6.5
2022-07-11 01:00:00,MLO,6.7
2022-07-11 02:00:00,MLO,6.3
2022-07-11 03:00:00,MLO,6.2
2022-07-11 04:00:00,MLO,5.6
2022-07-11 05:00:00,MLO,5.5
2022-07-11 06:00:00,MLO,5.6
2022-07-11 07:00:00,MLO,5.8
2022-07-11 08:00:00,MLO,5.6
2022-07-11 09:00:00,MLO,5.6
2022-07-11 10:00:00,MLO,4.1
2022-07-11 11:00:00,MLO,3.2
2022-07-11 12:00:00,MLO,3.2
2022-07-11 13:00:00,MLO,2.8
2022-07-11 14:00:00,MLO,2.5
2022-07-11 15:00:00,MLO,4.9
2022-07-11 16:00:00,MLO,4.8
2022-07-11 17:00:00,MLO,3.3
2022-07-11 18:00:00,MLO,3.9
2022-07-11 19:00:00,MLO,4.8
2022-07-11 20:00:00,MLO,5.7
2022-07-11 21:00:00,MLO,6.2
2022-07-11 22:00:00,MLO,6.2
2022-07-11 23:00:00,MLO,7.3
2022-07-12 00:00:00,MLO,6.4
2022-07-12 01:00:00,MLO,6.3
2022-07-12 02:00:00,MLO,6.2
2022-07-12 03:00:00,MLO,5.2
2022-07-12 04:00:00,MLO,5.2
2022-07-12 05:00:00,MLO,5.2
2022-07-12 06:00:00,MLO,4.1
2022-07-12 07:00:00,MLO,4.1
2022-07-12 08:00:00,MLO,4.3
2022-07-12 09:00:00,MLO,4.8
2022-07-12 10:00:00,MLO,5.1
2022-07-12 11:00:00,MLO,4.7
2022-07-12 12:00:00,MLO,4.3
2022-07-12 13:00:00,MLO,5.2
2022-07-12 14:00:00,MLO,4.9
2022-07-12 15:00:00,MLO,4.8
2022-07-12 16:00:00,MLO,4.9
2022-07-12 17:00:00,MLO,1.5
2022-07-12 18:00:00,MLO,2.0
2022-07-12 19:00:00,MLO,2.7
2022-07-12 20:00:00,MLO,3.5
2022-07-12 21:00:00,MLO,3.9
2022-07-12 22:00:00,MLO,4.6
2022-07-12 23:00:00,MLO,4.4
2022-07-13 00:00:00,MLO,3.6
2022-07-13 01:00:00,MLO,2.9
2022-07-13 02:00:00,MLO,0.9
2022-07-13 03:00:00,MLO,3.5
2022-07-13 04:00:00,MLO,4.8
2022-07-13 05:00:00,MLO,7.0
2022-07-13 06:00:00,MLO,8.4
2022-07-13 07:00:00,MLO,9.2
2022-07-13 08:00:00,MLO,10.4
2022-07-13 09:00:00,MLO,9.0
2022-07-13 10:00:00,MLO,7.5
2022-07-13 11:00:00,MLO,6.2
2022-07-13 12:00:00,MLO,4.0
2022-07-13 13:00:00,MLO,3.3
2022-07-13 14:00:00,MLO,2.9
2022-07-13 15:00:00,MLO,1.4
2022-07-13 16:00:00,MLO,4.3
2022-07-13 17:00:00,MLO,8.0
2022-07-13 18:00:00,MLO,8.8
2022-07-13 19:00:00,MLO,8.8
2022-07-13 20:00:00,MLO,6.5
2022-07-13 21:00:00,MLO,7.1
2022-07-13 22:00:00,MLO,7.8
2022-07-13 23:00:00,MLO,7.1
2022-07-14 00:00:00,MLO,6.7
2022-07-14 01:00:00,MLO,5.8
2022-07-14 02:00:00,MLO,5.6
2022-07-14 03:00:00,MLO,6.1
2022-07-14 04:00:00,MLO,6.9
2022-07-14 05:00:00,MLO,7.8
2022-07-14 06:00:00,MLO,7.9
2022-07-14 07:00:00,MLO,9.3
2022-07-14 08:00:00,MLO,9.0
2022-07-14 09:00:00,MLO,9.3
2022-07-14 10:00:00,MLO,8.4
2022-07-14 11:00:00,MLO,7.8
2022-07-14 12:00:00,MLO,7.6
2022-07-14 13:00:00,MLO,7.6
2022-07-14 14:00:00,MLO,7.1
2022-07-14 15:00:00,MLO,6.7
2022-07-14 16:00:00,MLO,6.3
2022-07-14 17:00:00,MLO,6.6
2022-07-14 18:00:00,MLO,6.8
2022-07-14 19:00:00,MLO,5.2
2022-07-14 20:00:00,MLO,3.9
2022-07-14 21:00:00,MLO,4.0
2022-07-14 22:00:00,MLO,3.1
2022-07-14 23:00:00,MLO,2.6
2022-07-15 00:00:00,MLO,4.8
2022-07-15 01:00:00,MLO,5.1
2022-07-15 02:00:00,MLO,3.1
2022-07-15 03:00:00,MLO,3.5
2022-07-15 04:00:00,MLO,2.7
2022-07-15 05:00:00,MLO,1.4
2022-07-15 06:00:00,MLO,2.9
2022-07-15 07:00:00,MLO,1.3
2022-07-15 08:00:00,MLO,1.4
2022-07-15 09:00:00,MLO,1.1
2022-07-15 10:00:00,MLO,1.9
2022-07-15 11:00:00,MLO,3.0
2022-07-15 12:00:00,MLO,2.6
2022-07-15 13:00:00,MLO,3.6
2022-07-15 14:00:00,MLO,2.7
2022-07-15 15:00:00,MLO,1.5
2022-07-15 16:00:00,MLO,3.0
2022-07-15 17:00:00,MLO,0.6
2022-07-15 18:00:00,MLO,2.1
2022-07-15 19:00:00,MLO,3.3
2022-07-15 20:00:00,MLO,3.7
2022-07-15 21:00:00,MLO,4.7
2022-07-15 22:00:00,MLO,5.8
2022-07-15 23:00:00,MLO,6.1
2022-07-16 00:00:00,MLO,6.0
2022-07-16 01:00:00,MLO,2.3
2022-07-16 02:00:00,MLO,4.5
2022-07-16 03:00:00,MLO,6.3
2022-07-16 04:00:00,MLO,6.8
2022-07-16 05:00:00,MLO,6.3
2022-07-16 06:00:00,MLO,5.6
2022-07-16 07:00:00,MLO,5.8
2022-07-16 08:00:00,MLO,6.1
2022-07-16 09:00:00,MLO,7.5
2022-07-16 10:00:00,MLO,8.2
2022-07-16 11:00:00,MLO,8.5
2022-07-16 12:00:00,MLO,7.9
2022-07-16 13:00:00,MLO,7.9
2022-07-16 14:00:00,MLO,9.1
2022-07-16 15:00:00,MLO,7.7
2022-07-16 16:00:00,MLO,7.9
2022-07-16 17:00:00,MLO,9.2
2022-07-16 18:00:00,MLO,8.9
2022-07-16 19:00:00,MLO,10.0
2022-07-16 20:00:00,MLO,10.8
2022-07-16 21:00:00,MLO,11.9
2022-07-16 22:00:00,MLO,13.3
2022-07-16 23:00:00,MLO,14.6
2022-07-17 00:00:00,MLO,13.6
2022-07-17 01:00:00,MLO,13.1
2022-07-17 02:00:00,MLO,15.7
2022-07-17 03:00:00,MLO,16.2
2022-07-17 04:00:00,MLO,15.8
2022-07-17 05:00:00,MLO,15.9
2022-07-17 06:00:00,MLO,16.2
2022-07-17 07:00:00,MLO,14.9
2022-07-17 08:00:00,MLO,9.5
2022-07-17 09:00:00,MLO,12.3
2022-07-17 10:00:00,MLO,12.5
2022-07-17 11:00:00,MLO,12.1
2022-07-17 12:00:00,MLO,11.5
2022-07-17 13:00:00,MLO,10.1
2022-07-17 14:00:00,MLO,10.5
2022-07-17 15:00:00,MLO,11.2
2022-07-17 16:00:00,MLO,11.1
2022-07-17 17:00:00,MLO,9.3
2022-07-17 18:00:00,MLO,8.2
2022-07-17 19:00:00,MLO,8.1
2022-07-17 20:00:00,MLO,8.1
2022-07-17 21:00:00,MLO,8.6
2022-07-17 22:00:00,MLO,9.5
2022-07-17 23:00:00,MLO,9.2
2022-07-18 00:00:00,MLO,8.4
2022-07-18 01:00:00,MLO,7.6
2022-07-18 02:00:00,MLO,6.9
2022-07-18 03:00:00,MLO,7.0
2022-07-18 04:00:00,MLO,6.6
2022-07-18 05:00:00,MLO,7.1
2022-07-18 06:00:00,MLO,7.6
2022-07-18 07:00:00,MLO,8.7
2022-07-18 08:00:00,MLO,9.9
2022-07-18 09:00:00,MLO,8.7
2022-07-18 10:00:00,MLO,8.3
2022-07-18 11:00:00,MLO,7.8
2022-07-18 12:00:00,MLO,8.8
2022-07-18 13:00:00,MLO,8.4
2022-07-18 14:00:00,MLO,8.9
2022-07-18 15:00:00,MLO,8.9
2022-07-18 16:00:00,MLO,7.7
2022-07-18 17:00:00,MLO,6.8
2022-07-18 18:00:00,MLO,6.6
2022-07-18 19:00:00,MLO,6.4
2022-07-18 20:00:00,MLO,6.0
2022-07-18 21:00:00,MLO,5.3
2022-07-18 22:00:00,MLO,6.1
2022-07-18 23:00:00,MLO,6.0
2022-07-19 00:00:00,MLO,5.8
2022-07-19 01:00:00,MLO,5.5
2022-07-19 02:00:00,MLO,5.4
2022-07-19 03:00:00,MLO,4.0
2022-07-19 04:00:00,MLO,3.9
2022-07-19 05:00:00,MLO,4.8
2022-07-19 06:00:00,MLO,5.7
2022-07-19 07:00:00,MLO,6.7
2022-07-19 08:00:00,MLO,7.3
2022-07-19 09:00:00,MLO,7.6
2022-07-19 10:00:00,MLO,7.8
2022-07-19 11:00:00,MLO,7.4
2022-07-19 12:00:00,MLO,7.0
2022-07-19 13:00:00,MLO,7.0
2022-07-19 14:00:00,MLO,6.8
2022-07-19 15:00:00,MLO,6.5
2022-07-19 16:00:00,MLO,6.8
2022-07-19 17:00:00,MLO,6.5
2022-07-19 18:00:00,MLO,6.5
2022-07-19 19:00:00,MLO,5.8
2022-07-19 20:00:00,MLO,5.0
2022-07-19 21:00:00,MLO,5.5
2022-07-19 22:00:00,MLO,5.7
2022-07-19 23:00:00,MLO,6.1
2022-07-20 00:00:00,MLO,6.1
2022-07-20 01:00:00,MLO,6.0
2022-07-20 02:00:00,MLO,5.5
2022-07-20 03:00:00,MLO,5.5
2022-07-20 04:00:00,MLO,5.8
2022-07-20 05:00:00,MLO,5.6
2022-07-20 06:00:00,MLO,5.6
2022-07-20 07:00:00,MLO,5.9
2022-07-20 08:00:00,MLO,6.0
2022-07-20 09:00:00,MLO,6.4
2022-07-20 10:00:00,MLO,6.7
2022-07-20 11:00:00,MLO,6.7
2022-07-20 12:00:00,MLO,7.2
2022-07-20 13:00:00,MLO,8.0
2022-07-20 14:00:00,MLO,8.1
2022-07-20 15:00:00,MLO,8.1
2022-07-20 16:00:00,MLO,6.6
2022-07-20 17:00:00,MLO,0.9
2022-07-20 18:00:00,MLO,2.4
2022-07-20 19:00:00,MLO,6.0
2022-07-20 20:00:00,MLO,4.8
2022-07-20 21:00:00,MLO,5.3
2022-07-20 22:00:00,MLO,6.5
2022-07-20 23:00:00,MLO,7.5
2022-07-21 00:00:00,MLO,7.0
2022-07-21 01:00:00,MLO,7.4
2022-07-21 02:00:00,MLO,7.1
2022-07-21 03:00:00,MLO,5.6
2022-07-21 04:00:00,MLO,3.2
2022-07-21 05:00:00,MLO,4.6
2022-07-21 06:00:00,MLO,3.1
2022-07-21 07:00:00,MLO,0.2
2022-07-21 08:00:00,MLO,2.1
2022-07-21 09:00:00,MLO,2.5
2022-07-21 10:00:00,MLO,2.1
2022-07-21 11:00:00,MLO,0.9
2022-07-21 12:00:00,MLO,1.9
2022-07-21 13:00:00,MLO,2.1
2022-07-21 14:00:00,MLO,1.7
2022-07-21 15:00:00,MLO,2.0
2022-07-21 16:00:00,MLO,1.7
2022-07-21 17:00:00,MLO,0.9
2022-07-21 18:00:00,MLO,2.0
2022-07-21 19:00:00,MLO,3.0
2022-07-21 20:00:00,MLO,3.1
2022-07-21 21:00:00,MLO,4.5
2022-07-21 22:00:00,MLO,4.3
2022-07-21 23:00:00,MLO,3.7
2022-07-22 00:00:00,MLO,3.4
2022-07-22 01:00:00,MLO,3.0999999999999996
2022-07-22 02:00:00,MLO,2.8
2022-07-22 03:00:00,MLO,2.5
2022-07-22 04:00:00,MLO,1.7
2022-07-22 05:00:00,MLO,0.9
2022-07-22 06:00:00,MLO,0.7
2022-07-22 07:00:00,MLO,1.2
2022-07-22 08:00:00,MLO,1.7
2022-07-22 09:00:00,MLO,1.9
2022-07-22 10:00:00,MLO,1.9
2022-07-22 11:00:00,MLO,2.0
2022-07-22 12:00:00,MLO,1.4
2022-07-22 13:00:00,MLO,2.5
2022-07-22 14:00:00,MLO,2.2
2022-07-22 15:00:00,MLO,2.4
2022-07-22 16:00:00,MLO,2.3
2022-07-22 17:00:00,MLO,0.9
2022-07-22 18:00:00,MLO,1.6
2022-07-22 19:00:00,MLO,2.7
2022-07-22 20:00:00,MLO,3.5
2022-07-22 21:00:00,MLO,3.7
2022-07-22 22:00:00,MLO,3.9
2022-07-22 23:00:00,MLO,3.9
2022-07-23 00:00:00,MLO,4.3
2022-07-23 01:00:00,MLO,4.2
2022-07-23 02:00:00,MLO,3.5
2022-07-23 03:00:00,MLO,2.3
2022-07-23 04:00:00,MLO,1.8
2022-07-23 05:00:00,MLO,0.5
2022-07-23 06:00:00,MLO,0.7
2022-07-23 07:00:00,MLO,1.1
2022-07-23 08:00:00,MLO,1.4
2022-07-23 09:00:00,MLO,1.5
2022-07-23 10:00:00,MLO,1.6
2022-07-23 11:00:00,MLO,3.3
2022-07-23 12:00:00,MLO,2.8
2022-07-23 13:00:00,MLO,3.8
2022-07-23 14:00:00,MLO,4.2
2022-07-23 15:00:00,MLO,4.8
2022-07-23 16:00:00,MLO,5.1
2022-07-23 17:00:00,MLO,1.0
2022-07-23 18:00:00,MLO,2.1
2022-07-23 19:00:00,MLO,3.3
2022-07-23 20:00:00,MLO,3.4
2022-07-23 21:00:00,MLO,4.3
2022-07-23 22:00:00,MLO,3.6
2022-07-23 23:00:00,MLO,3.0
2022-07-24 00:00:00,MLO,2.8
2022-07-24 01:00:00,MLO,3.0
2022-07-24 02:00:00,MLO,2.6
2022-07-24 03:00:00,MLO,1.1
2022-07-24 04:00:00,MLO,0.7
2022-07-24 05:00:00,MLO,0.9
2022-07-24 06:00:00,MLO,1.0
2022-07-24 07:00:00,MLO,1.9
2022-07-24 08:00:00,MLO,4.2
2022-07-24 09:00:00,MLO,4.8
2022-07-24 10:00:00,MLO,4.4
2022-07-24 11:00:00,MLO,3.1
2022-07-24 12:00:00,MLO,2.6
2022-07-24 13:00:00,MLO,4.4
2022-07-24 14:00:00,MLO,4.9
2022-07-24 15:00:00,MLO,3.3
2022-07-24 16:00:00,MLO,3.5
2022-07-24 17:00:00,MLO,1.5
2022-07-24 18:00:00,MLO,1.7
2022-07-24 19:00:00,MLO,2.4
2022-07-24 20:00:00,MLO,2.9
2022-07-24 21:00:00,MLO,3.4
2022-07-24 22:00:00,MLO,3.7
2022-07-24 23:00:00,MLO,3.6
2022-07-25 00:00:00,MLO,2.9
2022-07-25 01:00:00,MLO,2.4
2022-07-25 02:00:00,MLO,3.0
2022-07-25 03:00:00,MLO,2.2
2022-07-25 04:00:00,MLO,2.2
2022-07-25 05:00:00,MLO,1.3
2022-07-25 06:00:00,MLO,1.4
2022-07-25 07:00:00,MLO,1.7
2022-07-25 08:00:00,MLO,1.5
2022-07-25 09:00:00,MLO,2.1
2022-07-25 10:00:00,MLO,3.4
2022-07-25 11:00:00,MLO,5.5
2022-07-25 12:00:00,MLO,5.9
2022-07-25 13:00:00,MLO,3.2
2022-07-25 14:00:00,MLO,3.8
2022-07-25 15:00:00,MLO,2.7
2022-07-25 16:00:00,MLO,1.9
2022-07-25 17:00:00,MLO,0.5
2022-07-25 18:00:00,MLO,1.7
2022-07-25 19:00:00,MLO,2.8
2022-07-25 20:00:00,MLO,3.7
2022-07-25 21:00:00,MLO,4.7
2022-07-25 22:00:00,MLO,6.5
2022-07-25 23:00:00,MLO,6.1
2022-07-26 00:00:00,MLO,7.6
2022-07-26 01:00:00,MLO,6.4
2022-07-26 02:00:00,MLO,5.9
2022-07-26 03:00:00,MLO,4.6
2022-07-26 04:00:00,MLO,3.8
2022-07-26 05:00:00,MLO,3.9
2022-07-26 06:00:00,MLO,5.1
2022-07-26 07:00:00,MLO,6.1
2022-07-26 08:00:00,MLO,7.6
2022-07-26 09:00:00,MLO,7.6
2022-07-26 10:00:00,MLO,6.6
2022-07-26 11:00:00,MLO,4.9
2022-07-26 12:00:00,MLO,6.0
2022-07-26 13:00:00,MLO,5.8
2022-07-26 14:00:00,MLO,2.4
2022-07-26 15:00:00,MLO,4.3
2022-07-26 16:00:00,MLO,0.6
2022-07-26 17:00:00,MLO,1.1
2022-07-26 18:00:00,MLO,1.7
2022-07-26 19:00:00,MLO,3.1
2022-07-26 20:00:00,MLO,3.7
2022-07-26 21:00:00,MLO,4.1
2022-07-26 22:00:00,MLO,4.5
2022-07-26 23:00:00,MLO,4.3
2022-07-27 00:00:00,MLO,1.1
2022-07-27 01:00:00,MLO,1.4
2022-07-27 02:00:00,MLO,3.2
2022-07-27 03:00:00,MLO,3.5
2022-07-27 04:00:00,MLO,2.4
2022-07-27 05:00:00,MLO,1.9
2022-07-27 06:00:00,MLO,1.9
2022-07-27 07:00:00,MLO,2.6
2022-07-27 08:00:00,MLO,2.8
2022-07-27 09:00:00,MLO,2.1
2022-07-27 10:00:00,MLO,1.0
2022-07-27 11:00:00,MLO,0.8
2022-07-27 12:00:00,MLO,1.8
2022-07-27 13:00:00,MLO,1.4
2022-07-27 14:00:00,MLO,1.0
2022-07-27 15:00:00,MLO,1.4
2022-07-27 16:00:00,MLO,1.4
2022-07-27 17:00:00,MLO,0.8
2022-07-27 18:00:00,MLO,1.7
2022-07-27 19:00:00,MLO,6.1
2022-07-27 20:00:00,MLO,6.8
2022-07-27 21:00:00,MLO,5.9
2022-07-27 22:00:00,MLO,4.3
2022-07-27 23:00:00,MLO,5.1
2022-07-28 00:00:00,MLO,4.6
2022-07-28 01:00:00,MLO,5.6
2022-07-28 02:00:00,MLO,5.0
2022-07-28 03:00:00,MLO,2.9
2022-07-28 04:00:00,MLO,2.4
2022-07-28 05:00:00,MLO,1.5
2022-07-28 06:00:00,MLO,1.3
2022-07-28 07:00:00,MLO,0.2
2022-07-28 08:00:00,MLO,0.8
2022-07-28 09:00:00,MLO,0.9
2022-07-28 10:00:00,MLO,1.2
2022-07-28 11:00:00,MLO,0.8
2022-07-28 12:00:00,MLO,1.3
2022-07-28 13:00:00,MLO,1.3
2022-07-28 14:00:00,MLO,0.9
2022-07-28 15:00:00,MLO,1.7
2022-07-28 16:00:00,MLO,1.8
2022-07-28 17:00:00,MLO,1.1
2022-07-28 18:00:00,MLO,2.1
2022-07-28 19:00:00,MLO,2.7
2022-07-28 20:00:00,MLO,4.0
2022-07-28 21:00:00,MLO,4.9
2022-07-28 22:00:00,MLO,4.7
2022-07-28 23:00:00,MLO,4.3
2022-07-29 00:00:00,MLO,3.0
2022-07-29 01:00:00,MLO,3.3
2022-07-29 02:00:00,MLO,3.9
2022-07-29 03:00:00,MLO,2.1
2022-07-29 04:00:00,MLO,1.3
2022-07-29 05:00:00,MLO,1.1
2022-07-29 06:00:00,MLO,0.4
2022-07-29 07:00:00,MLO,0.3
2022-07-29 08:00:00,MLO,1.2
2022-07-29 09:00:00,MLO,1.5
2022-07-29 10:00:00,MLO,1.9
2022-07-29 11:00:00,MLO,1.7
2022-07-29 12:00:00,MLO,1.5
2022-07-29 13:00:00,MLO,1.2
2022-07-29 14:00:00,MLO,1.1
2022-07-29 15:00:00,MLO,1.8
2022-07-29 16:00:00,MLO,2.1
2022-07-29 17:00:00,MLO,2.0
2022-07-29 18:00:00,MLO,2.3
2022-07-29 19:00:00,MLO,4.8
2022-07-29 20:00:00,MLO,5.4
2022-07-29 21:00:00,MLO,4.5
2022-07-29 22:00:00,MLO,4.9
2022-07-29 23:00:00,MLO,4.3
2022-07-30 00:00:00,MLO,4.1
2022-07-30 01:00:00,MLO,4.2
2022-07-30 02:00:00,MLO,3.8
2022-07-30 03:00:00,MLO,1.8
2022-07-30 04:00:00,MLO,1.2
2022-07-30 05:00:00,MLO,0.7
2022-07-30 06:00:00,MLO,1.2
2022-07-30 07:00:00,MLO,1.0
2022-07-30 08:00:00,MLO,2.8
2022-07-30 09:00:00,MLO,2.7
2022-07-30 10:00:00,MLO,3.9
2022-07-30 11:00:00,MLO,2.3
2022-07-30 12:00:00,MLO,1.6
2022-07-30 13:00:00,MLO,1.9
2022-07-30 14:00:00,MLO,2.7
2022-07-30 15:00:00,MLO,2.2
2022-07-30 16:00:00,MLO,2.4
2022-07-30 17:00:00,MLO,2.0
2022-07-30 18:00:00,MLO,0.8
2022-07-30 19:00:00,MLO,2.8
2022-07-30 20:00:00,MLO,5.4
2022-07-30 21:00:00,MLO,6.4
2022-07-30 22:00:00,MLO,6.6
2022-07-30 23:00:00,MLO,6.8
2022-07-31 00:00:00,MLO,6.5
2022-07-31 01:00:00,MLO,5.1
2022-07-31 02:00:00,MLO,5.2
2022-07-31 03:00:00,MLO,3.4
2022-07-31 04:00:00,MLO,2.3
2022-07-31 05:00:00,MLO,1.3
2022-07-31 06:00:00,MLO,0.7
2022-07-31 07:00:00,MLO,1.1
2022-07-31 08:00:00,MLO,1.1
2022-07-31 09:00:00,MLO,1.7
2022-07-31 10:00:00,MLO,1.7
2022-07-31 11:00:00,MLO,0.8
2022-07-31 12:00:00,MLO,0.5
2022-07-31 13:00:00,MLO,0.7
2022-07-31 14:00:00,MLO,1.8
2022-07-31 15:00:00,MLO,2.3
2022-07-31 16:00:00,MLO,4.5
2022-07-31 17:00:00,MLO,6.4
2022-07-31 18:00:00,MLO,7.1
2022-07-31 19:00:00,MLO,6.4
2022-07-31 20:00:00,MLO,6.8
2022-07-31 21:00:00,MLO,7.3
2022-07-31 22:00:00,MLO,6.7
2022-07-31 23:00:00,MLO,7.2
2022-08-01 00:00:00,MLO,7.8
2022-08-01 01:00:00,MLO,6.9
2022-08-01 02:00:00,MLO,4.9
2022-08-01 03:00:00,MLO,4.1
2022-08-01 04:00:00,MLO,7.8
2022-08-01 05:00:00,MLO,10.4
2022-08-01 06:00:00,MLO,9.9
2022-08-01 07:00:00,MLO,9.0
2022-08-01 08:00:00,MLO,8.8
2022-08-01 09:00:00,MLO,9.1
2022-08-01 10:00:00,MLO,8.3
2022-08-01 11:00:00,MLO,8.4
2022-08-01 12:00:00,MLO,4.4
2022-08-01 13:00:00,MLO,7.6
2022-08-01 14:00:00,MLO,8.2
2022-08-01 15:00:00,MLO,9.1
2022-08-01 16:00:00,MLO,6.9
2022-08-01 17:00:00,MLO,4.4
2022-08-01 18:00:00,MLO,2.3
2022-08-01 19:00:00,MLO,3.1
2022-08-01 20:00:00,MLO,3.5
2022-08-01 21:00:00,MLO,3.7
2022-08-01 22:00:00,MLO,4.3
2022-08-01 23:00:00,MLO,4.0
2022-08-02 00:00:00,MLO,4.0
2022-08-02 01:00:00,MLO,4.0
2022-08-02 02:00:00,MLO,3.7
2022-08-02 03:00:00,MLO,3.5
2022-08-02 04:00:00,MLO,2.8
2022-08-02 05:00:00,MLO,1.5
2022-08-02 06:00:00,MLO,1.8
2022-08-02 07:00:00,MLO,1.7
2022-08-02 08:00:00,MLO,2.7
2022-08-02 09:00:00,MLO,5.7
2022-08-02 10:00:00,MLO,7.1
2022-08-02 11:00:00,MLO,6.2
2022-08-02 12:00:00,MLO,5.5
2022-08-02 13:00:00,MLO,4.9
2022-08-02 14:00:00,MLO,4.5
2022-08-02 15:00:00,MLO,3.9
2022-08-02 16:00:00,MLO,3.0
2022-08-02 17:00:00,MLO,3.3
2022-08-02 18:00:00,MLO,3.6
2022-08-02 19:00:00,MLO,4.1
2022-08-02 20:00:00,MLO,5.4
2022-08-02 21:00:00,MLO,6.5
2022-08-02 22:00:00,MLO,5.7
2022-08-02 23:00:00,MLO,4.9
2022-08-03 00:00:00,MLO,4.2
2022-08-03 01:00:00,MLO,4.3
2022-08-03 02:00:00,MLO,4.3
2022-08-03 03:00:00,MLO,2.8
2022-08-03 04:00:00,MLO,2.8
2022-08-03 05:00:00,MLO,1.1
2022-08-03 06:00:00,MLO,1.2
2022-08-03 07:00:00,MLO,1.4
2022-08-03 08:00:00,MLO,3.1
2022-08-03 09:00:00,MLO,3.8
2022-08-03 10:00:00,MLO,4.3
2022-08-03 11:00:00,MLO,3.5
2022-08-03 12:00:00,MLO,3.3
2022-08-03 13:00:00,MLO,4.4
2022-08-03 14:00:00,MLO,3.8
2022-08-03 15:00:00,MLO,3.4
2022-08-03 16:00:00,MLO,3.4
2022-08-03 17:00:00,MLO,2.6
2022-08-03 18:00:00,MLO,2.1
2022-08-03 19:00:00,MLO,1.8
2022-08-03 20:00:00,MLO,3.6
2022-08-03 21:00:00,MLO,2.8
2022-08-03 22:00:00,MLO,2.8
2022-08-03 23:00:00,MLO,3.1
2022-08-04 00:00:00,MLO,2.9
2022-08-04 01:00:00,MLO,2.8
2022-08-04 02:00:00,MLO,2.6
2022-08-04 03:00:00,MLO,1.5
2022-08-04 04:00:00,MLO,1.6
2022-08-04 05:00:00,MLO,1.8
2022-08-04 06:00:00,MLO,1.7
2022-08-04 07:00:00,MLO,2.2
2022-08-04 08:00:00,MLO,0.9
2022-08-04 09:00:00,MLO,3.4
2022-08-04 10:00:00,MLO,5.6
2022-08-04 11:00:00,MLO,5.6
2022-08-04 12:00:00,MLO,6.2
2022-08-04 13:00:00,MLO,2.6
2022-08-04 14:00:00,MLO,4.8
2022-08-04 15:00:00,MLO,1.2
2022-08-04 16:00:00,MLO,5.2
2022-08-04 17:00:00,MLO,3.0
2022-08-04 18:00:00,MLO,1.3
2022-08-04 19:00:00,MLO,3.1
2022-08-04 20:00:00,MLO,3.5
2022-08-04 21:00:00,MLO,3.9
2022-08-04 22:00:00,MLO,2.6
2022-08-04 23:00:00,MLO,3.2
2022-08-05 00:00:00,MLO,3.6
2022-08-05 01:00:00,MLO,3.0
2022-08-05 02:00:00,MLO,2.9
2022-08-05 03:00:00,MLO,1.5
2022-08-05 04:00:00,MLO,1.1
2022-08-05 05:00:00,MLO,0.7
2022-08-05 06:00:00,MLO,1.6
2022-08-05 07:00:00,MLO,1.8
2022-08-05 08:00:00,MLO,2.0
2022-08-05 09:00:00,MLO,2.0
2022-08-05 10:00:00,MLO,1.9
2022-08-05 11:00:00,MLO,1.6
2022-08-05 12:00:00,MLO,1.8
2022-08-05 13:00:00,MLO,2.0
2022-08-05 14:00:00,MLO,1.9
2022-08-05 15:00:00,MLO,1.2
2022-08-05 16:00:00,MLO,1.3
2022-08-05 17:00:00,MLO,1.9
2022-08-05 18:00:00,MLO,1.8
2022-08-05 19:00:00,MLO,2.6
2022-08-05 20:00:00,MLO,3.2
2022-08-05 21:00:00,MLO,3.4
2022-08-05 22:00:00,MLO,4.1
2022-08-05 23:00:00,MLO,4.3
2022-08-06 00:00:00,MLO,4.5
2022-08-06 01:00:00,MLO,4.5
2022-08-06 02:00:00,MLO,3.8
2022-08-06 03:00:00,MLO,2.7
2022-08-06 04:00:00,MLO,2.2
2022-08-06 05:00:00,MLO,1.3
2022-08-06 06:00:00,MLO,0.5
2022-08-06 07:00:00,MLO,0.4
2022-08-06 08:00:00,MLO,0.5
2022-08-06 09:00:00,MLO,1.9
2022-08-06 10:00:00,MLO,1.4
2022-08-06 11:00:00,MLO,2.1
2022-08-06 12:00:00,MLO,2.9
2022-08-06 13:00:00,MLO,1.5
2022-08-06 14:00:00,MLO,2.0
2022-08-06 15:00:00,MLO,1.9
2022-08-06 16:00:00,MLO,1.5
2022-08-06 17:00:00,MLO,0.4
2022-08-06 18:00:00,MLO,2.0
2022-08-06 19:00:00,MLO,2.6
2022-08-06 20:00:00,MLO,3.4
2022-08-06 21:00:00,MLO,4.0
2022-08-06 22:00:00,MLO,3.5
2022-08-06 23:00:00,MLO,2.8
2022-08-07 00:00:00,MLO,2.8
2022-08-07 01:00:00,MLO,2.6
2022-08-07 02:00:00,MLO,3.5
2022-08-07 03:00:00,MLO,2.1
2022-08-07 04:00:00,MLO,1.1
2022-08-07 05:00:00,MLO,0.2
2022-08-07 06:00:00,MLO,0.6
2022-08-07 07:00:00,MLO,1.3
2022-08-07 08:00:00,MLO,1.0
2022-08-07 09:00:00,MLO,2.3
2022-08-07 10:00:00,MLO,1.6
2022-08-07 11:00:00,MLO,2.6
2022-08-07 12:00:00,MLO,3.4
2022-08-07 13:00:00,MLO,2.2
2022-08-07 14:00:00,MLO,2.4
2022-08-07 15:00:00,MLO,2.4
2022-08-07 16:00:00,MLO,2.8
2022-08-07 17:00:00,MLO,0.6
2022-08-07 18:00:00,MLO,2.1
2022-08-07 19:00:00,MLO,2.6
2022-08-07 20:00:00,MLO,3.0
2022-08-07 21:00:00,MLO,4.3
2022-08-07 22:00:00,MLO,4.2
2022-08-07 23:00:00,MLO,5.0
2022-08-08 00:00:00,MLO,4.9
2022-08-08 01:00:00,MLO,4.7
2022-08-08 02:00:00,MLO,5.4
2022-08-08 03:00:00,MLO,4.7
2022-08-08 04:00:00,MLO,4.3
2022-08-08 05:00:00,MLO,3.7
2022-08-08 06:00:00,MLO,5.1
2022-08-08 07:00:00,MLO,6.3
2022-08-08 08:00:00,MLO,7.1
2022-08-08 09:00:00,MLO,7.5
2022-08-08 10:00:00,MLO,7.6
2022-08-08 11:00:00,MLO,7.8
2022-08-08 12:00:00,MLO,6.8
2022-08-08 13:00:00,MLO,7.3
2022-08-08 14:00:00,MLO,7.7
2022-08-08 15:00:00,MLO,8.6
2022-08-08 16:00:00,MLO,8.5
2022-08-08 17:00:00,MLO,3.6
2022-08-08 18:00:00,MLO,3.6
2022-08-08 19:00:00,MLO,4.9
2022-08-08 20:00:00,MLO,6.2
2022-08-08 21:00:00,MLO,0.6
2022-08-08 22:00:00,MLO,2.9
2022-08-08 23:00:00,MLO,3.7
2022-08-09 00:00:00,MLO,3.4
2022-08-09 01:00:00,MLO,1.6
2022-08-09 02:00:00,MLO,5.3
2022-08-09 03:00:00,MLO,5.9
2022-08-09 04:00:00,MLO,5.9
2022-08-09 05:00:00,MLO,5.9
2022-08-09 06:00:00,MLO,5.2
2022-08-09 07:00:00,MLO,6.0
2022-08-09 08:00:00,MLO,6.1
2022-08-09 09:00:00,MLO,5.6
2022-08-09 10:00:00,MLO,6.6
2022-08-09 11:00:00,MLO,6.6
2022-08-09 12:00:00,MLO,6.5
2022-08-09 13:00:00,MLO,6.1
2022-08-09 14:00:00,MLO,6.3
2022-08-09 15:00:00,MLO,7.1
2022-08-09 16:00:00,MLO,7.3
2022-08-09 17:00:00,MLO,8.3
2022-08-09 18:00:00,MLO,9.3
2022-08-09 19:00:00,MLO,8.5
2022-08-09 20:00:00,MLO,8.7
2022-08-09 21:00:00,MLO,8.2
2022-08-09 22:00:00,MLO,7.9
2022-08-09 23:00:00,MLO,7.7
2022-08-10 00:00:00,MLO,7.7
2022-08-10 01:00:00,MLO,7.4
2022-08-10 02:00:00,MLO,6.5
2022-08-10 03:00:00,MLO,8.6
2022-08-10 04:00:00,MLO,8.1
2022-08-10 05:00:00,MLO,7.6
2022-08-10 06:00:00,MLO,8.0
2022-08-10 07:00:00,MLO,8.3
2022-08-10 08:00:00,MLO,8.4
2022-08-10 09:00:00,MLO,9.4
2022-08-10 10:00:00,MLO,9.6
2022-08-10 11:00:00,MLO,9.9
2022-08-10 12:00:00,MLO,11.0
2022-08-10 13:00:00,MLO,11.8
2022-08-10 14:00:00,MLO,10.9
2022-08-10 15:00:00,MLO,11.2
2022-08-10 16:00:00,MLO,9.3
2022-08-10 17:00:00,MLO,11.2
2022-08-10 18:00:00,MLO,13.1
2022-08-10 19:00:00,MLO,11.4
2022-08-10 20:00:00,MLO,9.0
2022-08-10 21:00:00,MLO,8.7
2022-08-10 22:00:00,MLO,8.6
2022-08-10 23:00:00,MLO,10.1
2022-08-11 00:00:00,MLO,9.6
2022-08-11 01:00:00,MLO,9.3
2022-08-11 02:00:00,MLO,9.5
2022-08-11 03:00:00,MLO,9.7
2022-08-11 04:00:00,MLO,10.3
2022-08-11 05:00:00,MLO,11.8
2022-08-11 06:00:00,MLO,11.6
2022-08-11 07:00:00,MLO,10.8
2022-08-11 08:00:00,MLO,10.3
2022-08-11 09:00:00,MLO,9.4
2022-08-11 10:00:00,MLO,7.6
2022-08-11 11:00:00,MLO,1.3
2022-08-11 12:00:00,MLO,8.6
2022-08-11 13:00:00,MLO,9.5
2022-08-11 14:00:00,MLO,9.3
2022-08-11 15:00:00,MLO,9.3
2022-08-11 16:00:00,MLO,8.6
2022-08-11 17:00:00,MLO,6.3
2022-08-11 18:00:00,MLO,4.9
2022-08-11 19:00:00,MLO,2.0
2022-08-11 20:00:00,MLO,3.8
2022-08-11 21:00:00,MLO,4.5
2022-08-11 22:00:00,MLO,5.4
2022-08-11 23:00:00,MLO,5.6
2022-08-12 00:00:00,MLO,5.4
2022-08-12 01:00:00,MLO,4.6
2022-08-12 02:00:00,MLO,5.1
2022-08-12 03:00:00,MLO,3.8
2022-08-12 04:00:00,MLO,2.1
2022-08-12 05:00:00,MLO,0.5
2022-08-12 06:00:00,MLO,0.8
2022-08-12 07:00:00,MLO,0.9
2022-08-12 08:00:00,MLO,1.0
2022-08-12 09:00:00,MLO,0.5
2022-08-12 10:00:00,MLO,1.3
2022-08-12 11:00:00,MLO,2.8
2022-08-12 12:00:00,MLO,1.9
2022-08-12 13:00:00,MLO,1.9
2022-08-12 14:00:00,MLO,2.5
2022-08-12 15:00:00,MLO,3.4
2022-08-12 16:00:00,MLO,1.6
2022-08-12 17:00:00,MLO,1.0
2022-08-12 18:00:00,MLO,2.5
2022-08-12 19:00:00,MLO,3.3
2022-08-12 20:00:00,MLO,3.8
2022-08-12 21:00:00,MLO,4.2
2022-08-12 22:00:00,MLO,4.4
2022-08-12 23:00:00,MLO,3.7
2022-08-13 00:00:00,MLO,2.9
2022-08-13 01:00:00,MLO,2.7
2022-08-13 02:00:00,MLO,2.5
2022-08-13 03:00:00,MLO,2.6
2022-08-13 04:00:00,MLO,2.1
2022-08-13 05:00:00,MLO,0.7
2022-08-13 06:00:00,MLO,2.8
2022-08-13 07:00:00,MLO,1.3
2022-08-13 08:00:00,MLO,1.3
2022-08-13 09:00:00,MLO,7.6
2022-08-13 10:00:00,MLO,7.9
2022-08-13 11:00:00,MLO,7.7
2022-08-13 12:00:00,MLO,7.9
2022-08-13 13:00:00,MLO,8.0
2022-08-13 14:00:00,MLO,7.6
2022-08-13 15:00:00,MLO,7.5
2022-08-13 16:00:00,MLO,7.2
2022-08-13 17:00:00,MLO,2.5
2022-08-13 18:00:00,MLO,3.9
2022-08-13 19:00:00,MLO,5.0
2022-08-13 20:00:00,MLO,5.9
2022-08-13 21:00:00,MLO,5.5
2022-08-13 22:00:00,MLO,5.5
2022-08-13 23:00:00,MLO,5.4
2022-08-14 00:00:00,MLO,5.6
2022-08-14 01:00:00,MLO,5.6
2022-08-14 02:00:00,MLO,5.4
2022-08-14 03:00:00,MLO,5.5
2022-08-14 04:00:00,MLO,5.8
2022-08-14 05:00:00,MLO,4.8
2022-08-14 06:00:00,MLO,5.3
2022-08-14 07:00:00,MLO,6.3
2022-08-14 08:00:00,MLO,6.0
2022-08-14 09:00:00,MLO,5.8
2022-08-14 10:00:00,MLO,7.2
2022-08-14 11:00:00,MLO,7.2
2022-08-14 12:00:00,MLO,7.4
2022-08-14 13:00:00,MLO,7.4
2022-08-14 14:00:00,MLO,7.2
2022-08-14 15:00:00,MLO,6.6
2022-08-14 16:00:00,MLO,6.1
2022-08-14 17:00:00,MLO,3.8
2022-08-14 18:00:00,MLO,4.4
2022-08-14 19:00:00,MLO,5.0
2022-08-14 20:00:00,MLO,5.4
2022-08-14 21:00:00,MLO,5.4
2022-08-14 22:00:00,MLO,5.2
2022-08-14 23:00:00,MLO,4.5
2022-08-15 00:00:00,MLO,4.6
2022-08-15 01:00:00,MLO,4.3
2022-08-15 02:00:00,MLO,3.7
2022-08-15 03:00:00,MLO,3.8
2022-08-15 04:00:00,MLO,3.5
2022-08-15 05:00:00,MLO,3.2
2022-08-15 06:00:00,MLO,3.7
2022-08-15 07:00:00,MLO,4.2
2022-08-15 08:00:00,MLO,4.6
2022-08-15 09:00:00,MLO,4.2
2022-08-15 10:00:00,MLO,4.6
2022-08-15 11:00:00,MLO,4.6
2022-08-15 12:00:00,MLO,5.0
2022-08-15 13:00:00,MLO,5.0
2022-08-15 14:00:00,MLO,3.6
2022-08-15 15:00:00,MLO,4.8
2022-08-15 16:00:00,MLO,2.8
2022-08-15 17:00:00,MLO,0.7
2022-08-15 18:00:00,MLO,1.6
2022-08-15 19:00:00,MLO,2.3
2022-08-15 20:00:00,MLO,3.0
2022-08-15 21:00:00,MLO,3.3
2022-08-15 22:00:00,MLO,4.0
2022-08-15 23:00:00,MLO,4.4
2022-08-16 00:00:00,MLO,3.6
2022-08-16 01:00:00,MLO,3.0
2022-08-16 02:00:00,MLO,3.3
2022-08-16 03:00:00,MLO,3.3
2022-08-16 04:00:00,MLO,2.8
2022-08-16 05:00:00,MLO,0.4
2022-08-16 06:00:00,MLO,1.6
2022-08-16 07:00:00,MLO,1.5
2022-08-16 08:00:00,MLO,1.3
2022-08-16 09:00:00,MLO,0.9
2022-08-16 10:00:00,MLO,2.0
2022-08-16 11:00:00,MLO,2.7
2022-08-16 12:00:00,MLO,2.9
2022-08-16 13:00:00,MLO,3.2
2022-08-16 14:00:00,MLO,3.5
2022-08-16 15:00:00,MLO,2.3
2022-08-16 16:00:00,MLO,1.9
2022-08-16 17:00:00,MLO,0.4
2022-08-16 18:00:00,MLO,1.6
2022-08-16 19:00:00,MLO,2.5
2022-08-16 20:00:00,MLO,3.2
2022-08-16 21:00:00,MLO,4.0
2022-08-16 22:00:00,MLO,3.2
2022-08-16 23:00:00,MLO,3.5
2022-08-17 00:00:00,MLO,1.8
2022-08-17 01:00:00,MLO,4.2
2022-08-17 02:00:00,MLO,4.1
2022-08-17 03:00:00,MLO,4.0
2022-08-17 04:00:00,MLO,2.2
2022-08-17 05:00:00,MLO,0.4
2022-08-17 06:00:00,MLO,1.8
2022-08-17 07:00:00,MLO,1.2
2022-08-17 08:00:00,MLO,2.1
2022-08-17 09:00:00,MLO,1.3
2022-08-17 10:00:00,MLO,2.1
2022-08-17 11:00:00,MLO,2.1
2022-08-17 12:00:00,MLO,1.8
2022-08-17 13:00:00,MLO,2.0
2022-08-17 14:00:00,MLO,2.1
2022-08-17 15:00:00,MLO,1.6
2022-08-17 16:00:00,MLO,2.2
2022-08-17 17:00:00,MLO,0.4
2022-08-17 18:00:00,MLO,2.0
2022-08-17 19:00:00,MLO,3.1
2022-08-17 20:00:00,MLO,3.5
2022-08-17 21:00:00,MLO,3.3
2022-08-17 22:00:00,MLO,3.6
2022-08-17 23:00:00,MLO,0.9
2022-08-18 00:00:00,MLO,3.0
2022-08-18 01:00:00,MLO,2.5
2022-08-18 02:00:00,MLO,1.3
2022-08-18 03:00:00,MLO,1.7
2022-08-18 04:00:00,MLO,1.7
2022-08-18 05:00:00,MLO,0.2
2022-08-18 06:00:00,MLO,1.3
2022-08-18 07:00:00,MLO,1.9
2022-08-18 08:00:00,MLO,3.0
2022-08-18 09:00:00,MLO,3.3
2022-08-18 10:00:00,MLO,2.2
2022-08-18 11:00:00,MLO,3.1
2022-08-18 12:00:00,MLO,3.4
2022-08-18 13:00:00,MLO,3.3
2022-08-18 14:00:00,MLO,2.6
2022-08-18 15:00:00,MLO,2.4
2022-08-18 16:00:00,MLO,2.1
2022-08-18 17:00:00,MLO,0.3
2022-08-18 18:00:00,MLO,1.9
2022-08-18 19:00:00,MLO,2.9
2022-08-18 20:00:00,MLO,3.4
2022-08-18 21:00:00,MLO,4.6
2022-08-18 22:00:00,MLO,5.8
2022-08-18 23:00:00,MLO,5.9
2022-08-19 00:00:00,MLO,4.9
2022-08-19 01:00:00,MLO,5.5
2022-08-19 02:00:00,MLO,4.6
2022-08-19 03:00:00,MLO,3.8
2022-08-19 04:00:00,MLO,4.7
2022-08-19 05:00:00,MLO,5.8
2022-08-19 06:00:00,MLO,6.3
2022-08-19 07:00:00,MLO,5.9
2022-08-19 08:00:00,MLO,6.6
2022-08-19 09:00:00,MLO,6.6
2022-08-19 10:00:00,MLO,7.0
2022-08-19 11:00:00,MLO,5.7
2022-08-19 12:00:00,MLO,7.9
2022-08-19 13:00:00,MLO,8.0
2022-08-19 14:00:00,MLO,8.3
2022-08-19 15:00:00,MLO,5.9
2022-08-19 16:00:00,MLO,2.8
2022-08-19 17:00:00,MLO,0.3
2022-08-19 18:00:00,MLO,1.8
2022-08-19 19:00:00,MLO,2.0
2022-08-19 20:00:00,MLO,5.2
2022-08-19 21:00:00,MLO,6.1
2022-08-19 22:00:00,MLO,6.1
2022-08-19 23:00:00,MLO,7.6
2022-08-20 00:00:00,MLO,5.6
2022-08-20 01:00:00,MLO,5.6
2022-08-20 02:00:00,MLO,5.1
2022-08-20 03:00:00,MLO,4.6
2022-08-20 04:00:00,MLO,4.1
2022-08-20 05:00:00,MLO,4.5
2022-08-20 06:00:00,MLO,4.2
2022-08-20 07:00:00,MLO,5.6
2022-08-20 08:00:00,MLO,5.4
2022-08-20 09:00:00,MLO,4.8
2022-08-20 10:00:00,MLO,4.8
2022-08-20 11:00:00,MLO,4.7
2022-08-20 12:00:00,MLO,5.8
2022-08-20 13:00:00,MLO,5.8
2022-08-20 14:00:00,MLO,4.7
2022-08-20 15:00:00,MLO,4.6
2022-08-20 16:00:00,MLO,7.4
2022-08-20 17:00:00,MLO,2.8
2022-08-20 18:00:00,MLO,1.3
2022-08-20 19:00:00,MLO,2.2
2022-08-20 20:00:00,MLO,3.2
2022-08-20 21:00:00,MLO,4.0
2022-08-20 22:00:00,MLO,4.1
2022-08-20 23:00:00,MLO,7.4
2022-08-21 00:00:00,MLO,9.0
2022-08-21 01:00:00,MLO,8.3
2022-08-21 02:00:00,MLO,6.5
2022-08-21 03:00:00,MLO,5.6
2022-08-21 04:00:00,MLO,5.7
2022-08-21 05:00:00,MLO,6.9
2022-08-21 06:00:00,MLO,8.1
2022-08-21 07:00:00,MLO,8.0
2022-08-21 08:00:00,MLO,7.3
2022-08-21 09:00:00,MLO,7.6
2022-08-21 10:00:00,MLO,9.2
2022-08-21 11:00:00,MLO,8.0
2022-08-21 12:00:00,MLO,5.8
2022-08-21 13:00:00,MLO,5.4
2022-08-21 14:00:00,MLO,5.7
2022-08-21 15:00:00,MLO,5.7
2022-08-21 16:00:00,MLO,5.2
2022-08-21 17:00:00,MLO,4.3
2022-08-21 18:00:00,MLO,4.8
2022-08-21 19:00:00,MLO,5.5
2022-08-21 20:00:00,MLO,5.7
2022-08-21 21:00:00,MLO,6.0
2022-08-21 22:00:00,MLO,7.1
2022-08-21 23:00:00,MLO,5.5
2022-08-22 00:00:00,MLO,5.2
2022-08-22 01:00:00,MLO,5.5
2022-08-22 02:00:00,MLO,5.0
2022-08-22 03:00:00,MLO,5.7
2022-08-22 04:00:00,MLO,5.1
2022-08-22 05:00:00,MLO,5.0
2022-08-22 06:00:00,MLO,5.3
2022-08-22 07:00:00,MLO,5.2
2022-08-22 08:00:00,MLO,4.8
2022-08-22 09:00:00,MLO,5.2
2022-08-22 10:00:00,MLO,6.2
2022-08-22 11:00:00,MLO,6.4
2022-08-22 12:00:00,MLO,6.0
2022-08-22 13:00:00,MLO,6.9
2022-08-22 14:00:00,MLO,6.9
2022-08-22 15:00:00,MLO,4.5
2022-08-22 16:00:00,MLO,5.5
2022-08-22 17:00:00,MLO,0.7
2022-08-22 18:00:00,MLO,1.6
2022-08-22 19:00:00,MLO,2.6
2022-08-22 20:00:00,MLO,3.1
2022-08-22 21:00:00,MLO,4.0
2022-08-22 22:00:00,MLO,4.8
2022-08-22 23:00:00,MLO,4.7
2022-08-23 00:00:00,MLO,3.3
2022-08-23 01:00:00,MLO,1.3
2022-08-23 02:00:00,MLO,2.4
2022-08-23 03:00:00,MLO,2.0
2022-08-23 04:00:00,MLO,1.0
2022-08-23 05:00:00,MLO,0.6
2022-08-23 06:00:00,MLO,1.8
2022-08-23 07:00:00,MLO,1.1
2022-08-23 08:00:00,MLO,1.4
2022-08-23 09:00:00,MLO,1.8
2022-08-23 10:00:00,MLO,1.5
2022-08-23 11:00:00,MLO,4.2
2022-08-23 12:00:00,MLO,3.9
2022-08-23 13:00:00,MLO,6.9
2022-08-23 14:00:00,MLO,2.8
2022-08-23 15:00:00,MLO,3.1
2022-08-23 16:00:00,MLO,2.1
2022-08-23 17:00:00,MLO,1.3
2022-08-23 18:00:00,MLO,2.2
2022-08-23 19:00:00,MLO,2.9
2022-08-23 20:00:00,MLO,3.5
2022-08-23 21:00:00,MLO,3.8
2022-08-23 22:00:00,MLO,3.6
2022-08-23 23:00:00,MLO,2.8
2022-08-24 00:00:00,MLO,3.1
2022-08-24 01:00:00,MLO,3.1
2022-08-24 02:00:00,MLO,3.2
2022-08-24 03:00:00,MLO,2.6
2022-08-24 04:00:00,MLO,2.3
2022-08-24 05:00:00,MLO,1.0
2022-08-24 06:00:00,MLO,1.2
2022-08-24 07:00:00,MLO,1.4
2022-08-24 08:00:00,MLO,1.2
2022-08-24 09:00:00,MLO,1.8
2022-08-24 10:00:00,MLO,1.6
2022-08-24 11:00:00,MLO,2.2
2022-08-24 12:00:00,MLO,1.8
2022-08-24 13:00:00,MLO,1.9
2022-08-24 14:00:00,MLO,1.9
2022-08-24 15:00:00,MLO,2.6
2022-08-24 16:00:00,MLO,2.5
2022-08-24 17:00:00,MLO,0.6
2022-08-24 18:00:00,MLO,2.3
2022-08-24 19:00:00,MLO,3.0
2022-08-24 20:00:00,MLO,3.7
2022-08-24 21:00:00,MLO,3.8
2022-08-24 22:00:00,MLO,3.5
2022-08-24 23:00:00,MLO,3.3
2022-08-25 00:00:00,MLO,3.6
2022-08-25 01:00:00,MLO,3.0
2022-08-25 02:00:00,MLO,2.4
2022-08-25 03:00:00,MLO,2.1
2022-08-25 04:00:00,MLO,1.9
2022-08-25 05:00:00,MLO,3.3
2022-08-25 06:00:00,MLO,3.3
2022-08-25 07:00:00,MLO,2.0
2022-08-25 08:00:00,MLO,2.3
2022-08-25 09:00:00,MLO,3.5
2022-08-25 10:00:00,MLO,2.3
2022-08-25 11:00:00,MLO,4.0
2022-08-25 12:00:00,MLO,4.7
2022-08-25 13:00:00,MLO,5.0
2022-08-25 14:00:00,MLO,4.5
2022-08-25 15:00:00,MLO,4.4
2022-08-25 16:00:00,MLO,4.3
2022-08-25 17:00:00,MLO,2.5
2022-08-25 18:00:00,MLO,1.5
2022-08-25 19:00:00,MLO,2.7
2022-08-25 20:00:00,MLO,2.9
2022-08-25 21:00:00,MLO,3.0
2022-08-25 22:00:00,MLO,3.4
2022-08-25 23:00:00,MLO,3.7
2022-08-26 00:00:00,MLO,3.7
2022-08-26 01:00:00,MLO,2.6
2022-08-26 02:00:00,MLO,2.5
2022-08-26 03:00:00,MLO,2.0
2022-08-26 04:00:00,MLO,1.7
2022-08-26 05:00:00,MLO,0.9
2022-08-26 06:00:00,MLO,0.3
2022-08-26 07:00:00,MLO,0.6
2022-08-26 08:00:00,MLO,0.5
2022-08-26 09:00:00,MLO,1.2
2022-08-26 10:00:00,MLO,1.6
2022-08-26 11:00:00,MLO,1.3
2022-08-26 12:00:00,MLO,3.3
2022-08-26 13:00:00,MLO,4.3
2022-08-26 14:00:00,MLO,5.7
2022-08-26 15:00:00,MLO,5.5
2022-08-26 16:00:00,MLO,3.6
2022-08-26 17:00:00,MLO,6.3
2022-08-26 18:00:00,MLO,1.2
2022-08-26 19:00:00,MLO,2.2
2022-08-26 20:00:00,MLO,2.8
2022-08-26 21:00:00,MLO,3.5
2022-08-26 22:00:00,MLO,3.8
2022-08-26 23:00:00,MLO,4.4
2022-08-27 00:00:00,MLO,5.0
2022-08-27 01:00:00,MLO,4.0
2022-08-27 02:00:00,MLO,2.1
2022-08-27 03:00:00,MLO,2.3
2022-08-27 04:00:00,MLO,7.2
2022-08-27 05:00:00,MLO,3.7
2022-08-27 06:00:00,MLO,2.3
2022-08-27 07:00:00,MLO,5.3
2022-08-27 08:00:00,MLO,3.3
2022-08-27 09:00:00,MLO,2.1
2022-08-27 10:00:00,MLO,2.7
2022-08-27 11:00:00,MLO,2.2
2022-08-27 12:00:00,MLO,2.1
2022-08-27 13:00:00,MLO,2.0
2022-08-27 14:00:00,MLO,2.6
2022-08-27 15:00:00,MLO,2.8
2022-08-27 16:00:00,MLO,2.5
2022-08-27 17:00:00,MLO,0.9
2022-08-27 18:00:00,MLO,1.6
2022-08-27 19:00:00,MLO,2.7
2022-08-27 20:00:00,MLO,3.3
2022-08-27 21:00:00,MLO,4.0
2022-08-27 22:00:00,MLO,3.7
2022-08-27 23:00:00,MLO,4.7
2022-08-28 00:00:00,MLO,3.7
2022-08-28 01:00:00,MLO,2.5
2022-08-28 02:00:00,MLO,1.9
2022-08-28 03:00:00,MLO,1.0
2022-08-28 04:00:00,MLO,1.1
2022-08-28 05:00:00,MLO,0.4
2022-08-28 06:00:00,MLO,1.8
2022-08-28 07:00:00,MLO,0.8
2022-08-28 08:00:00,MLO,1.3
2022-08-28 09:00:00,MLO,1.4
2022-08-28 10:00:00,MLO,1.6
2022-08-28 11:00:00,MLO,1.0
2022-08-28 12:00:00,MLO,1.8
2022-08-28 13:00:00,MLO,1.6
2022-08-28 14:00:00,MLO,1.8
2022-08-28 15:00:00,MLO,1.6
2022-08-28 16:00:00,MLO,1.6
2022-08-28 17:00:00,MLO,0.4
2022-08-28 18:00:00,MLO,1.4
2022-08-28 19:00:00,MLO,2.2
2022-08-28 20:00:00,MLO,3.3
2022-08-28 21:00:00,MLO,3.4
2022-08-28 22:00:00,MLO,3.6
2022-08-28 23:00:00,MLO,2.5
2022-08-29 00:00:00,MLO,1.6
2022-08-29 01:00:00,MLO,2.0
2022-08-29 02:00:00,MLO,2.4
2022-08-29 03:00:00,MLO,2.5
2022-08-29 04:00:00,MLO,1.6
2022-08-29 05:00:00,MLO,0.7
2022-08-29 06:00:00,MLO,1.2
2022-08-29 07:00:00,MLO,0.9
2022-08-29 08:00:00,MLO,1.4
2022-08-29 09:00:00,MLO,1.3
2022-08-29 10:00:00,MLO,2.1
2022-08-29 11:00:00,MLO,3.1
2022-08-29 12:00:00,MLO,2.2
2022-08-29 13:00:00,MLO,1.6
2022-08-29 14:00:00,MLO,3.2
2022-08-29 15:00:00,MLO,6.4
2022-08-29 16:00:00,MLO,4.8
2022-08-29 17:00:00,MLO,4.6
2022-08-29 18:00:00,MLO,3.3
2022-08-29 19:00:00,MLO,3.6
2022-08-29 20:00:00,MLO,2.9
2022-08-29 21:00:00,MLO,3.7
2022-08-29 22:00:00,MLO,4.0
2022-08-29 23:00:00,MLO,3.6
2022-08-30 00:00:00,MLO,3.0
2022-08-30 01:00:00,MLO,3.3
2022-08-30 02:00:00,MLO,2.6
2022-08-30 03:00:00,MLO,1.9
2022-08-30 04:00:00,MLO,1.3
2022-08-30 05:00:00,MLO,2.2
2022-08-30 06:00:00,MLO,1.2
2022-08-30 07:00:00,MLO,0.4
2022-08-30 08:00:00,MLO,1.0
2022-08-30 09:00:00,MLO,1.4
2022-08-30 10:00:00,MLO,1.1
2022-08-30 11:00:00,MLO,2.2
2022-08-30 12:00:00,MLO,2.8
2022-08-30 13:00:00,MLO,3.3
2022-08-30 14:00:00,MLO,3.8
2022-08-30 15:00:00,MLO,2.9
2022-08-30 16:00:00,MLO,3.2
2022-08-30 17:00:00,MLO,2.0
2022-08-30 18:00:00,MLO,1.9
2022-08-30 19:00:00,MLO,2.3
2022-08-30 20:00:00,MLO,2.6
2022-08-30 21:00:00,MLO,3.4
2022-08-30 22:00:00,MLO,3.8
2022-08-30 23:00:00,MLO,3.8
2022-08-31 00:00:00,MLO,3.5
2022-08-31 01:00:00,MLO,2.7
2022-08-31 02:00:00,MLO,2.1
2022-08-31 03:00:00,MLO,2.1
2022-08-31 04:00:00,MLO,1.2
2022-08-31 05:00:00,MLO,2.1
2022-08-31 06:00:00,MLO,1.2
2022-08-31 07:00:00,MLO,1.3
2022-08-31 08:00:00,MLO,1.3
2022-08-31 09:00:00,MLO,1.5
2022-08-31 10:00:00,MLO,1.8
2022-08-31 11:00:00,MLO,2.1
2022-08-31 12:00:00,MLO,2.1
2022-08-31 13:00:00,MLO,2.3
2022-08-31 14:00:00,MLO,3.0
2022-08-31 15:00:00,MLO,2.8
2022-08-31 16:00:00,MLO,1.7
2022-08-31 17:00:00,MLO,1.3
2022-08-31 18:00:00,MLO,1.3
2022-08-31 19:00:00,MLO,2.2
2022-08-31 20:00:00,MLO,3.0
2022-08-31 21:00:00,MLO,3.4
2022-08-31 22:00:00,MLO,3.2
2022-08-31 23:00:00,MLO,3.8
2022-09-01 00:00:00,MLO,3.3
2022-09-01 01:00:00,MLO,3.2
2022-09-01 02:00:00,MLO,3.5
2022-09-01 03:00:00,MLO,4.0
2022-09-01 04:00:00,MLO,3.9
2022-09-01 05:00:00,MLO,4.0
2022-09-01 06:00:00,MLO,3.9
2022-09-01 07:00:00,MLO,4.4
2022-09-01 08:00:00,MLO,4.9
2022-09-01 09:00:00,MLO,5.3
2022-09-01 10:00:00,MLO,5.3
2022-09-01 11:00:00,MLO,4.7
2022-09-01 12:00:00,MLO,5.0
2022-09-01 13:00:00,MLO,4.7
2022-09-01 14:00:00,MLO,4.8
2022-09-01 15:00:00,MLO,5.1
2022-09-01 16:00:00,MLO,4.4
2022-09-01 17:00:00,MLO,3.0
2022-09-01 18:00:00,MLO,3.4
2022-09-01 19:00:00,MLO,3.9
2022-09-01 20:00:00,MLO,4.8
2022-09-01 21:00:00,MLO,5.5
2022-09-01 22:00:00,MLO,5.4
2022-09-01 23:00:00,MLO,5.9
2022-09-02 00:00:00,MLO,5.7
2022-09-02 01:00:00,MLO,5.1
2022-09-02 02:00:00,MLO,5.2
2022-09-02 03:00:00,MLO,4.8
2022-09-02 04:00:00,MLO,4.8
2022-09-02 05:00:00,MLO,4.2
2022-09-02 06:00:00,MLO,4.1
2022-09-02 07:00:00,MLO,4.4
2022-09-02 08:00:00,MLO,4.7
2022-09-02 09:00:00,MLO,5.0
2022-09-02 10:00:00,MLO,2.9
2022-09-02 11:00:00,MLO,2.4
2022-09-02 12:00:00,MLO,2.1
2022-09-02 13:00:00,MLO,1.8
2022-09-02 14:00:00,MLO,1.5
2022-09-02 15:00:00,MLO,1.8
2022-09-02 16:00:00,MLO,1.3
2022-09-02 17:00:00,MLO,0.5
2022-09-02 18:00:00,MLO,1.5
2022-09-02 19:00:00,MLO,2.6
2022-09-02 20:00:00,MLO,3.4
2022-09-02 21:00:00,MLO,3.8
2022-09-02 22:00:00,MLO,4.3
2022-09-02 23:00:00,MLO,4.5
2022-09-03 00:00:00,MLO,3.6
2022-09-03 01:00:00,MLO,3.6
2022-09-03 02:00:00,MLO,2.8
2022-09-03 03:00:00,MLO,1.9
2022-09-03 04:00:00,MLO,1.1
2022-09-03 05:00:00,MLO,0.3
2022-09-03 06:00:00,MLO,0.5
2022-09-03 07:00:00,MLO,1.3
2022-09-03 08:00:00,MLO,1.0
2022-09-03 09:00:00,MLO,1.7
2022-09-03 10:00:00,MLO,1.7
2022-09-03 11:00:00,MLO,1.4
2022-09-03 12:00:00,MLO,1.6
2022-09-03 13:00:00,MLO,1.8
2022-09-03 14:00:00,MLO,1.8
2022-09-03 15:00:00,MLO,2.3
2022-09-03 16:00:00,MLO,1.9
2022-09-03 17:00:00,MLO,0.3
2022-09-03 18:00:00,MLO,1.7
2022-09-03 19:00:00,MLO,2.7
2022-09-03 20:00:00,MLO,5.4
2022-09-03 21:00:00,MLO,7.5
2022-09-03 22:00:00,MLO,8.0
2022-09-03 23:00:00,MLO,6.3
2022-09-04 00:00:00,MLO,5.4
2022-09-04 01:00:00,MLO,6.4
2022-09-04 02:00:00,MLO,6.7
2022-09-04 03:00:00,MLO,4.9
2022-09-04 04:00:00,MLO,1.7
2022-09-04 05:00:00,MLO,0.7
2022-09-04 06:00:00,MLO,0.6
2022-09-04 07:00:00,MLO,1.3
2022-09-04 08:00:00,MLO,0.9
2022-09-04 09:00:00,MLO,1.7
2022-09-04 10:00:00,MLO,1.5
2022-09-04 11:00:00,MLO,1.5
2022-09-04 12:00:00,MLO,1.7
2022-09-04 13:00:00,MLO,2.6
2022-09-04 14:00:00,MLO,2.1
2022-09-04 15:00:00,MLO,3.4
2022-09-04 16:00:00,MLO,2.6
2022-09-04 17:00:00,MLO,2.0
2022-09-04 18:00:00,MLO,2.2
2022-09-04 19:00:00,MLO,3.0
2022-09-04 20:00:00,MLO,5.3
2022-09-04 21:00:00,MLO,5.8
2022-09-04 22:00:00,MLO,7.0
2022-09-04 23:00:00,MLO,7.0
2022-09-05 00:00:00,MLO,7.0
2022-09-05 01:00:00,MLO,5.4
2022-09-05 02:00:00,MLO,4.6
2022-09-05 03:00:00,MLO,4.7
2022-09-05 04:00:00,MLO,4.7
2022-09-05 05:00:00,MLO,4.6
2022-09-05 06:00:00,MLO,4.1
2022-09-05 07:00:00,MLO,7.6
2022-09-05 08:00:00,MLO,8.9
2022-09-05 09:00:00,MLO,7.5
2022-09-05 10:00:00,MLO,8.0
2022-09-05 11:00:00,MLO,7.1
2022-09-05 12:00:00,MLO,4.8
2022-09-05 13:00:00,MLO,8.4
2022-09-05 14:00:00,MLO,10.8
2022-09-05 15:00:00,MLO,7.5
2022-09-05 16:00:00,MLO,9.8
2022-09-05 17:00:00,MLO,1.2
2022-09-05 18:00:00,MLO,5.3
2022-09-05 19:00:00,MLO,0.8
2022-09-05 20:00:00,MLO,8.4
2022-09-05 21:00:00,MLO,2.2
2022-09-05 22:00:00,MLO,3.1
2022-09-05 23:00:00,MLO,3.1
2022-09-06 00:00:00,MLO,6.6
2022-09-06 01:00:00,MLO,6.5
2022-09-06 02:00:00,MLO,1.2
2022-09-06 03:00:00,MLO,2.3
2022-09-06 04:00:00,MLO,7.8
2022-09-06 05:00:00,MLO,8.3
2022-09-06 06:00:00,MLO,9.8
2022-09-06 07:00:00,MLO,10.8
2022-09-06 08:00:00,MLO,10.1
2022-09-06 09:00:00,MLO,4.7
2022-09-06 10:00:00,MLO,4.7
2022-09-06 11:00:00,MLO,6.6
2022-09-06 12:00:00,MLO,10.3
2022-09-06 13:00:00,MLO,13.1
2022-09-06 14:00:00,MLO,13.7
2022-09-06 15:00:00,MLO,14.6
2022-09-06 16:00:00,MLO,13.4
2022-09-06 17:00:00,MLO,12.8
2022-09-06 18:00:00,MLO,11.3
2022-09-06 19:00:00,MLO,9.2
2022-09-06 20:00:00,MLO,9.6
2022-09-06 21:00:00,MLO,9.2
2022-09-06 22:00:00,MLO,8.7
2022-09-06 23:00:00,MLO,7.8
2022-09-07 00:00:00,MLO,7.3
2022-09-07 01:00:00,MLO,7.5
2022-09-07 02:00:00,MLO,8.4
2022-09-07 03:00:00,MLO,9.5
2022-09-07 04:00:00,MLO,13.2
2022-09-07 05:00:00,MLO,12.5
2022-09-07 06:00:00,MLO,13.1
2022-09-07 07:00:00,MLO,12.7
2022-09-07 08:00:00,MLO,12.5
2022-09-07 09:00:00,MLO,11.8
2022-09-07 10:00:00,MLO,11.3
2022-09-07 11:00:00,MLO,8.7
2022-09-07 12:00:00,MLO,4.1
2022-09-07 13:00:00,MLO,3.2
2022-09-07 14:00:00,MLO,3.4
2022-09-07 15:00:00,MLO,3.2
2022-09-07 16:00:00,MLO,4.5
2022-09-07 17:00:00,MLO,3.7
2022-09-07 18:00:00,MLO,3.2
2022-09-07 19:00:00,MLO,4.0
2022-09-07 20:00:00,MLO,3.7
2022-09-07 21:00:00,MLO,6.0
2022-09-07 22:00:00,MLO,5.5
2022-09-07 23:00:00,MLO,4.6
2022-09-08 00:00:00,MLO,3.9
2022-09-08 01:00:00,MLO,4.4
2022-09-08 02:00:00,MLO,3.5
2022-09-08 03:00:00,MLO,2.0
2022-09-08 04:00:00,MLO,1.3
2022-09-08 05:00:00,MLO,1.9
2022-09-08 06:00:00,MLO,2.6
2022-09-08 07:00:00,MLO,1.9
2022-09-08 08:00:00,MLO,1.5
2022-09-08 09:00:00,MLO,2.4
2022-09-08 10:00:00,MLO,1.6
2022-09-08 11:00:00,MLO,3.4
2022-09-08 12:00:00,MLO,3.6
2022-09-08 13:00:00,MLO,4.2
2022-09-08 14:00:00,MLO,5.0
2022-09-08 15:00:00,MLO,5.2
2022-09-08 16:00:00,MLO,5.7
2022-09-08 17:00:00,MLO,1.5
2022-09-08 18:00:00,MLO,2.0
2022-09-08 19:00:00,MLO,2.7
2022-09-08 20:00:00,MLO,4.4
2022-09-08 21:00:00,MLO,4.1
2022-09-08 22:00:00,MLO,4.5
2022-09-08 23:00:00,MLO,5.4
2022-09-09 00:00:00,MLO,5.2
2022-09-09 01:00:00,MLO,7.4
2022-09-09 02:00:00,MLO,6.7
2022-09-09 03:00:00,MLO,5.0
2022-09-09 04:00:00,MLO,3.8
2022-09-09 05:00:00,MLO,2.5
2022-09-09 06:00:00,MLO,0.4
2022-09-09 07:00:00,MLO,3.4
2022-09-09 08:00:00,MLO,2.4
2022-09-09 09:00:00,MLO,4.9
2022-09-09 10:00:00,MLO,3.9
2022-09-09 11:00:00,MLO,1.7
2022-09-09 12:00:00,MLO,5.1
2022-09-09 13:00:00,MLO,2.1
2022-09-09 14:00:00,MLO,4.1
2022-09-09 15:00:00,MLO,2.9
2022-09-09 16:00:00,MLO,3.9
2022-09-09 17:00:00,MLO,1.4
2022-09-09 18:00:00,MLO,4.1
2022-09-09 19:00:00,MLO,5.4
2022-09-09 20:00:00,MLO,5.7
2022-09-09 21:00:00,MLO,6.6
2022-09-09 22:00:00,MLO,7.1
2022-09-09 23:00:00,MLO,6.9
2022-09-10 00:00:00,MLO,7.9
2022-09-10 01:00:00,MLO,6.5
2022-09-10 02:00:00,MLO,6.5
2022-09-10 03:00:00,MLO,5.1
2022-09-10 04:00:00,MLO,3.9
2022-09-10 05:00:00,MLO,3.9
2022-09-10 06:00:00,MLO,3.5
2022-09-10 07:00:00,MLO,3.3
2022-09-10 08:00:00,MLO,3.9
2022-09-10 09:00:00,MLO,4.9
2022-09-10 10:00:00,MLO,4.9
2022-09-10 11:00:00,MLO,3.8
2022-09-10 12:00:00,MLO,3.8
2022-09-10 13:00:00,MLO,4.2
2022-09-10 14:00:00,MLO,4.0
2022-09-10 15:00:00,MLO,3.9
2022-09-10 16:00:00,MLO,5.0
2022-09-10 17:00:00,MLO,3.1
2022-09-10 18:00:00,MLO,3.4
2022-09-10 19:00:00,MLO,4.7
2022-09-10 20:00:00,MLO,6.4
2022-09-10 21:00:00,MLO,5.8
2022-09-10 22:00:00,MLO,4.8
2022-09-10 23:00:00,MLO,4.9
2022-09-11 00:00:00,MLO,3.7
2022-09-11 01:00:00,MLO,3.8
2022-09-11 02:00:00,MLO,4.5
2022-09-11 03:00:00,MLO,2.6
2022-09-11 04:00:00,MLO,2.2
2022-09-11 05:00:00,MLO,1.1
2022-09-11 06:00:00,MLO,0.5
2022-09-11 07:00:00,MLO,1.6
2022-09-11 08:00:00,MLO,0.9
2022-09-11 09:00:00,MLO,1.6
2022-09-11 10:00:00,MLO,1.7
2022-09-11 11:00:00,MLO,1.4
2022-09-11 12:00:00,MLO,1.1
2022-09-11 13:00:00,MLO,3.1
2022-09-11 14:00:00,MLO,3.5
2022-09-11 15:00:00,MLO,2.6
2022-09-11 16:00:00,MLO,2.4
2022-09-11 17:00:00,MLO,2.9
2022-09-11 18:00:00,MLO,1.8
2022-09-11 19:00:00,MLO,2.1
2022-09-11 20:00:00,MLO,3.0
2022-09-11 21:00:00,MLO,3.0
2022-09-11 22:00:00,MLO,3.9
2022-09-11 23:00:00,MLO,3.9
2022-09-12 00:00:00,MLO,3.7
2022-09-12 01:00:00,MLO,3.4
2022-09-12 02:00:00,MLO,3.0
2022-09-12 03:00:00,MLO,2.2
2022-09-12 04:00:00,MLO,2.6
2022-09-12 05:00:00,MLO,1.3
2022-09-12 06:00:00,MLO,2.8
2022-09-12 07:00:00,MLO,2.4
2022-09-12 08:00:00,MLO,2.6
2022-09-12 09:00:00,MLO,2.1
2022-09-12 10:00:00,MLO,1.2
2022-09-12 11:00:00,MLO,1.9
2022-09-12 12:00:00,MLO,2.3
2022-09-12 13:00:00,MLO,2.2
2022-09-12 14:00:00,MLO,2.0
2022-09-12 15:00:00,MLO,1.7
2022-09-12 16:00:00,MLO,1.8
2022-09-12 17:00:00,MLO,1.3
2022-09-12 18:00:00,MLO,1.2
2022-09-12 19:00:00,MLO,2.2
2022-09-12 20:00:00,MLO,2.9
2022-09-12 21:00:00,MLO,2.8
2022-09-12 22:00:00,MLO,3.0
2022-09-12 23:00:00,MLO,3.4
2022-09-13 00:00:00,MLO,3.1
2022-09-13 01:00:00,MLO,2.4
2022-09-13 02:00:00,MLO,2.2
2022-09-13 03:00:00,MLO,1.4
2022-09-13 04:00:00,MLO,0.7
2022-09-13 05:00:00,MLO,0.4
2022-09-13 06:00:00,MLO,0.9
2022-09-13 07:00:00,MLO,1.5
2022-09-13 08:00:00,MLO,1.8
2022-09-13 09:00:00,MLO,2.0
2022-09-13 10:00:00,MLO,4.0
2022-09-13 11:00:00,MLO,2.0
2022-09-13 12:00:00,MLO,2.5
2022-09-13 13:00:00,MLO,2.6
2022-09-13 14:00:00,MLO,3.2
2022-09-13 15:00:00,MLO,2.3
2022-09-13 16:00:00,MLO,2.3
2022-09-13 17:00:00,MLO,0.8
2022-09-13 18:00:00,MLO,2.0
2022-09-13 19:00:00,MLO,2.8
2022-09-13 20:00:00,MLO,3.1
2022-09-13 21:00:00,MLO,3.9
2022-09-13 22:00:00,MLO,5.0
2022-09-13 23:00:00,MLO,4.7
2022-09-14 00:00:00,MLO,3.7
2022-09-14 01:00:00,MLO,3.0
2022-09-14 02:00:00,MLO,1.3
2022-09-14 03:00:00,MLO,2.5
2022-09-14 04:00:00,MLO,1.3
2022-09-14 05:00:00,MLO,1.2
2022-09-14 06:00:00,MLO,1.7
2022-09-14 07:00:00,MLO,2.1
2022-09-14 08:00:00,MLO,3.1
2022-09-14 09:00:00,MLO,2.6
2022-09-14 10:00:00,MLO,2.6
2022-09-14 11:00:00,MLO,3.3
2022-09-14 12:00:00,MLO,1.4
2022-09-14 13:00:00,MLO,2.4
2022-09-14 14:00:00,MLO,3.6
2022-09-14 15:00:00,MLO,3.4
2022-09-14 16:00:00,MLO,2.5
2022-09-14 17:00:00,MLO,0.6
2022-09-14 18:00:00,MLO,1.5
2022-09-14 19:00:00,MLO,2.9
2022-09-14 20:00:00,MLO,2.7
2022-09-14 21:00:00,MLO,4.2
2022-09-14 22:00:00,MLO,3.8
2022-09-14 23:00:00,MLO,3.1
2022-09-15 00:00:00,MLO,2.9
2022-09-15 01:00:00,MLO,2.4
2022-09-15 02:00:00,MLO,2.6
2022-09-15 03:00:00,MLO,1.2
2022-09-15 04:00:00,MLO,0.4
2022-09-15 05:00:00,MLO,1.4
2022-09-15 06:00:00,MLO,1.5
2022-09-15 07:00:00,MLO,2.3
2022-09-15 08:00:00,MLO,2.7
2022-09-15 09:00:00,MLO,4.0
2022-09-15 10:00:00,MLO,4.6
2022-09-15 11:00:00,MLO,4.9
2022-09-15 12:00:00,MLO,4.8
2022-09-15 13:00:00,MLO,5.1
2022-09-15 14:00:00,MLO,5.9
2022-09-15 15:00:00,MLO,5.2
2022-09-15 16:00:00,MLO,4.1
2022-09-15 17:00:00,MLO,0.5
2022-09-15 18:00:00,MLO,1.9
2022-09-15 19:00:00,MLO,2.8
2022-09-15 20:00:00,MLO,4.7
2022-09-15 21:00:00,MLO,5.3
2022-09-15 22:00:00,MLO,4.9
2022-09-15 23:00:00,MLO,5.9
2022-09-16 00:00:00,MLO,4.9
2022-09-16 01:00:00,MLO,4.5
2022-09-16 02:00:00,MLO,2.9
2022-09-16 03:00:00,MLO,3.2
2022-09-16 04:00:00,MLO,1.4
2022-09-16 05:00:00,MLO,3.2
2022-09-16 06:00:00,MLO,4.5
2022-09-16 07:00:00,MLO,5.4
2022-09-16 08:00:00,MLO,5.2
2022-09-16 09:00:00,MLO,5.3
2022-09-16 10:00:00,MLO,5.8
2022-09-16 11:00:00,MLO,3.2
2022-09-16 12:00:00,MLO,3.2
2022-09-16 13:00:00,MLO,3.5
2022-09-16 14:00:00,MLO,3.0
2022-09-16 15:00:00,MLO,3.3
2022-09-16 16:00:00,MLO,3.0
2022-09-16 17:00:00,MLO,1.8
2022-09-16 18:00:00,MLO,1.4
2022-09-16 19:00:00,MLO,3.3
2022-09-16 20:00:00,MLO,3.6
2022-09-16 21:00:00,MLO,3.9
2022-09-16 22:00:00,MLO,3.7
2022-09-16 23:00:00,MLO,4.5
2022-09-17 00:00:00,MLO,3.8
2022-09-17 01:00:00,MLO,3.0
2022-09-17 02:00:00,MLO,2.9
2022-09-17 03:00:00,MLO,3.0
2022-09-17 04:00:00,MLO,1.4
2022-09-17 05:00:00,MLO,2.2
2022-09-17 06:00:00,MLO,4.4
2022-09-17 07:00:00,MLO,3.9
2022-09-17 08:00:00,MLO,4.6
2022-09-17 09:00:00,MLO,2.4
2022-09-17 10:00:00,MLO,2.8
2022-09-17 11:00:00,MLO,2.9
2022-09-17 12:00:00,MLO,3.9
2022-09-17 13:00:00,MLO,2.7
2022-09-17 14:00:00,MLO,2.9
2022-09-17 15:00:00,MLO,2.5
2022-09-17 16:00:00,MLO,2.9
2022-09-17 17:00:00,MLO,1.0
2022-09-17 18:00:00,MLO,1.6
2022-09-17 19:00:00,MLO,3.3
2022-09-17 20:00:00,MLO,5.1
2022-09-17 21:00:00,MLO,6.1
2022-09-17 22:00:00,MLO,5.3
2022-09-17 23:00:00,MLO,4.7
2022-09-18 00:00:00,MLO,5.3
2022-09-18 01:00:00,MLO,5.4
2022-09-18 02:00:00,MLO,4.6
2022-09-18 03:00:00,MLO,4.1
2022-09-18 04:00:00,MLO,2.9
2022-09-18 05:00:00,MLO,2.4
2022-09-18 06:00:00,MLO,2.9
2022-09-18 07:00:00,MLO,3.3
2022-09-18 08:00:00,MLO,3.3
2022-09-18 09:00:00,MLO,2.0
2022-09-18 10:00:00,MLO,2.0
2022-09-18 11:00:00,MLO,2.0
2022-09-18 12:00:00,MLO,1.5
2022-09-18 13:00:00,MLO,2.2
2022-09-18 14:00:00,MLO,2.6
2022-09-18 15:00:00,MLO,2.2
2022-09-18 16:00:00,MLO,2.6
2022-09-18 17:00:00,MLO,0.7
2022-09-18 18:00:00,MLO,1.5
2022-09-18 19:00:00,MLO,2.6
2022-09-18 20:00:00,MLO,3.2
2022-09-18 21:00:00,MLO,3.8
2022-09-18 22:00:00,MLO,4.2
2022-09-18 23:00:00,MLO,3.5
2022-09-19 00:00:00,MLO,3.3
2022-09-19 01:00:00,MLO,2.8
2022-09-19 02:00:00,MLO,2.3
2022-09-19 03:00:00,MLO,1.2
2022-09-19 04:00:00,MLO,2.4
2022-09-19 05:00:00,MLO,3.1
2022-09-19 06:00:00,MLO,3.0
2022-09-19 07:00:00,MLO,3.4
2022-09-19 08:00:00,MLO,4.2
2022-09-19 09:00:00,MLO,5.2
2022-09-19 10:00:00,MLO,5.5
2022-09-19 11:00:00,MLO,5.6
2022-09-19 12:00:00,MLO,5.8
2022-09-19 13:00:00,MLO,7.5
2022-09-19 14:00:00,MLO,7.1
2022-09-19 15:00:00,MLO,7.1
2022-09-19 16:00:00,MLO,7.4
2022-09-19 17:00:00,MLO,3.9
2022-09-19 18:00:00,MLO,1.7
2022-09-19 19:00:00,MLO,3.4
2022-09-19 20:00:00,MLO,4.2
2022-09-19 21:00:00,MLO,3.7
2022-09-19 22:00:00,MLO,4.5
2022-09-19 23:00:00,MLO,4.6
2022-09-20 00:00:00,MLO,4.0
2022-09-20 01:00:00,MLO,3.5
2022-09-20 02:00:00,MLO,3.0
2022-09-20 03:00:00,MLO,3.0
2022-09-20 04:00:00,MLO,3.2
2022-09-20 05:00:00,MLO,3.1
2022-09-20 06:00:00,MLO,3.5
2022-09-20 07:00:00,MLO,4.3
2022-09-20 08:00:00,MLO,4.7
2022-09-20 09:00:00,MLO,5.1
2022-09-20 10:00:00,MLO,5.1
2022-09-20 11:00:00,MLO,5.2
2022-09-20 12:00:00,MLO,6.1
2022-09-20 13:00:00,MLO,5.3
2022-09-20 14:00:00,MLO,6.3
2022-09-20 15:00:00,MLO,6.6
2022-09-20 16:00:00,MLO,6.1
2022-09-20 17:00:00,MLO,3.3
2022-09-20 18:00:00,MLO,1.2
2022-09-20 19:00:00,MLO,2.9
2022-09-20 20:00:00,MLO,3.4
2022-09-20 21:00:00,MLO,3.4
2022-09-20 22:00:00,MLO,4.3
2022-09-20 23:00:00,MLO,5.8
2022-09-21 00:00:00,MLO,6.3
2022-09-21 01:00:00,MLO,6.6
2022-09-21 02:00:00,MLO,5.1
2022-09-21 03:00:00,MLO,4.0
2022-09-21 04:00:00,MLO,3.5
2022-09-21 05:00:00,MLO,4.3
2022-09-21 06:00:00,MLO,4.9
2022-09-21 07:00:00,MLO,4.9
2022-09-21 08:00:00,MLO,5.1
2022-09-21 09:00:00,MLO,5.8
2022-09-21 10:00:00,MLO,5.9
2022-09-21 11:00:00,MLO,5.2
2022-09-21 12:00:00,MLO,4.2
2022-09-21 13:00:00,MLO,4.2
2022-09-21 14:00:00,MLO,4.7
2022-09-21 15:00:00,MLO,4.0
2022-09-21 16:00:00,MLO,3.8
2022-09-21 17:00:00,MLO,3.0
2022-09-21 18:00:00,MLO,2.8
2022-09-21 19:00:00,MLO,3.9
2022-09-21 20:00:00,MLO,3.8
2022-09-21 21:00:00,MLO,3.8
2022-09-21 22:00:00,MLO,3.8
2022-09-21 23:00:00,MLO,3.9
2022-09-22 00:00:00,MLO,3.6
2022-09-22 01:00:00,MLO,3.6
2022-09-22 02:00:00,MLO,2.8
2022-09-22 03:00:00,MLO,4.0
2022-09-22 04:00:00,MLO,3.8
2022-09-22 05:00:00,MLO,3.7
2022-09-22 06:00:00,MLO,3.4
2022-09-22 07:00:00,MLO,3.7
2022-09-22 08:00:00,MLO,3.6
2022-09-22 09:00:00,MLO,4.2
2022-09-22 10:00:00,MLO,3.9
2022-09-22 11:00:00,MLO,3.3
2022-09-22 12:00:00,MLO,2.9
2022-09-22 13:00:00,MLO,1.2
2022-09-22 14:00:00,MLO,2.2
2022-09-22 15:00:00,MLO,1.8
2022-09-22 16:00:00,MLO,2.8
2022-09-22 17:00:00,MLO,0.3
2022-09-22 18:00:00,MLO,3.3
2022-09-22 19:00:00,MLO,3.6
2022-09-22 20:00:00,MLO,3.8
2022-09-22 21:00:00,MLO,4.0
2022-09-22 22:00:00,MLO,4.4
2022-09-22 23:00:00,MLO,4.4
2022-09-23 00:00:00,MLO,4.5
2022-09-23 01:00:00,MLO,3.2
2022-09-23 02:00:00,MLO,3.1
2022-09-23 03:00:00,MLO,1.0
2022-09-23 04:00:00,MLO,1.6
2022-09-23 05:00:00,MLO,1.5
2022-09-23 06:00:00,MLO,1.2
2022-09-23 07:00:00,MLO,2.4
2022-09-23 08:00:00,MLO,2.8
2022-09-23 09:00:00,MLO,2.7
2022-09-23 10:00:00,MLO,2.7
2022-09-23 11:00:00,MLO,1.8
2022-09-23 12:00:00,MLO,2.7
2022-09-23 13:00:00,MLO,2.3
2022-09-23 14:00:00,MLO,2.4
2022-09-23 15:00:00,MLO,2.2
2022-09-23 16:00:00,MLO,2.0
2022-09-23 17:00:00,MLO,0.6
2022-09-23 18:00:00,MLO,1.2
2022-09-23 19:00:00,MLO,2.4
2022-09-23 20:00:00,MLO,3.2
2022-09-23 21:00:00,MLO,3.6
2022-09-23 22:00:00,MLO,3.1
2022-09-23 23:00:00,MLO,3.6
2022-09-24 00:00:00,MLO,3.4
2022-09-24 01:00:00,MLO,2.8
2022-09-24 02:00:00,MLO,2.3
2022-09-24 03:00:00,MLO,1.2
2022-09-24 04:00:00,MLO,0.8
2022-09-24 05:00:00,MLO,0.3
2022-09-24 06:00:00,MLO,0.7
2022-09-24 07:00:00,MLO,0.5
2022-09-24 08:00:00,MLO,1.1
2022-09-24 09:00:00,MLO,1.4
2022-09-24 10:00:00,MLO,2.7
2022-09-24 11:00:00,MLO,2.8
2022-09-24 12:00:00,MLO,3.3
2022-09-24 13:00:00,MLO,3.3
2022-09-24 14:00:00,MLO,3.6
2022-09-24 15:00:00,MLO,2.8
2022-09-24 16:00:00,MLO,4.0
2022-09-24 17:00:00,MLO,2.4
2022-09-24 18:00:00,MLO,1.9
2022-09-24 19:00:00,MLO,1.9
2022-09-24 20:00:00,MLO,3.3
2022-09-24 21:00:00,MLO,3.3
2022-09-24 22:00:00,MLO,3.4
2022-09-24 23:00:00,MLO,3.4
2022-09-25 00:00:00,MLO,3.4
2022-09-25 01:00:00,MLO,3.4
2022-09-25 02:00:00,MLO,3.0
2022-09-25 03:00:00,MLO,2.0
2022-09-25 04:00:00,MLO,0.9
2022-09-25 05:00:00,MLO,0.9
2022-09-25 06:00:00,MLO,0.6
2022-09-25 07:00:00,MLO,2.0
2022-09-25 08:00:00,MLO,3.3
2022-09-25 09:00:00,MLO,2.2
2022-09-25 10:00:00,MLO,3.0
2022-09-25 11:00:00,MLO,2.1
2022-09-25 12:00:00,MLO,2.0
2022-09-25 13:00:00,MLO,1.9
2022-09-25 14:00:00,MLO,1.6
2022-09-25 15:00:00,MLO,2.6
2022-09-25 16:00:00,MLO,2.2
2022-09-25 17:00:00,MLO,0.5
2022-09-25 18:00:00,MLO,1.5
2022-09-25 19:00:00,MLO,3.8
2022-09-25 20:00:00,MLO,4.6
2022-09-25 21:00:00,MLO,3.3
2022-09-25 22:00:00,MLO,3.7
2022-09-25 23:00:00,MLO,3.9
2022-09-26 00:00:00,MLO,3.9
2022-09-26 01:00:00,MLO,4.0
2022-09-26 02:00:00,MLO,3.0
2022-09-26 03:00:00,MLO,1.9
2022-09-26 04:00:00,MLO,3.1
2022-09-26 05:00:00,MLO,1.7
2022-09-26 06:00:00,MLO,2.1
2022-09-26 07:00:00,MLO,3.1
2022-09-26 08:00:00,MLO,3.7
2022-09-26 09:00:00,MLO,4.2
2022-09-26 10:00:00,MLO,4.6
2022-09-26 11:00:00,MLO,4.8
2022-09-26 12:00:00,MLO,5.0
2022-09-26 13:00:00,MLO,5.0
2022-09-26 14:00:00,MLO,5.2
2022-09-26 15:00:00,MLO,5.8
2022-09-26 16:00:00,MLO,5.2
2022-09-26 17:00:00,MLO,4.8
2022-09-26 18:00:00,MLO,5.2
2022-09-26 19:00:00,MLO,5.3
2022-09-26 20:00:00,MLO,5.5
2022-09-26 21:00:00,MLO,5.4
2022-09-26 22:00:00,MLO,5.7
2022-09-26 23:00:00,MLO,5.8
2022-09-27 00:00:00,MLO,4.9
2022-09-27 01:00:00,MLO,5.3
2022-09-27 02:00:00,MLO,6.2
2022-09-27 03:00:00,MLO,4.3
2022-09-27 04:00:00,MLO,3.8
2022-09-27 05:00:00,MLO,1.6
2022-09-27 06:00:00,MLO,0.2
2022-09-27 07:00:00,MLO,3.9
2022-09-27 08:00:00,MLO,1.0
2022-09-27 09:00:00,MLO,2.5
2022-09-27 10:00:00,MLO,3.6
2022-09-27 11:00:00,MLO,4.9
2022-09-27 12:00:00,MLO,3.6
2022-09-27 13:00:00,MLO,5.0
2022-09-27 14:00:00,MLO,6.1
2022-09-27 15:00:00,MLO,6.7
2022-09-27 16:00:00,MLO,8.2
2022-09-27 17:00:00,MLO,7.4
2022-09-27 18:00:00,MLO,4.0
2022-09-27 19:00:00,MLO,5.0
2022-09-27 20:00:00,MLO,4.5
2022-09-27 21:00:00,MLO,4.3
2022-09-27 22:00:00,MLO,6.2
2022-09-27 23:00:00,MLO,7.5
2022-09-28 00:00:00,MLO,6.4
2022-09-28 01:00:00,MLO,5.0
2022-09-28 02:00:00,MLO,5.5
2022-09-28 03:00:00,MLO,4.5
2022-09-28 04:00:00,MLO,5.1
2022-09-28 05:00:00,MLO,4.8
2022-09-28 06:00:00,MLO,2.9
2022-09-28 07:00:00,MLO,3.4
2022-09-28 08:00:00,MLO,6.9
2022-09-28 09:00:00,MLO,5.8
2022-09-28 10:00:00,MLO,3.5
2022-09-28 11:00:00,MLO,3.6
2022-09-28 12:00:00,MLO,4.1
2022-09-28 13:00:00,MLO,5.9
2022-09-28 14:00:00,MLO,5.2
2022-09-28 15:00:00,MLO,6.7
2022-09-28 16:00:00,MLO,6.2
2022-09-28 17:00:00,MLO,4.6
2022-09-28 18:00:00,MLO,5.3
2022-09-28 19:00:00,MLO,6.0
2022-09-28 20:00:00,MLO,6.3
2022-09-28 21:00:00,MLO,6.6
2022-09-28 22:00:00,MLO,6.2
2022-09-28 23:00:00,MLO,6.1
2022-09-29 00:00:00,MLO,5.0
2022-09-29 01:00:00,MLO,4.8
2022-09-29 02:00:00,MLO,4.4
2022-09-29 03:00:00,MLO,4.6
2022-09-29 04:00:00,MLO,5.4
2022-09-29 05:00:00,MLO,5.0
2022-09-29 06:00:00,MLO,5.4
2022-09-29 07:00:00,MLO,5.0
2022-09-29 08:00:00,MLO,3.8
2022-09-29 09:00:00,MLO,3.3
2022-09-29 10:00:00,MLO,4.1
2022-09-29 11:00:00,MLO,2.9
2022-09-29 12:00:00,MLO,2.7
2022-09-29 13:00:00,MLO,2.6
2022-09-29 14:00:00,MLO,2.6
2022-09-29 15:00:00,MLO,2.4
2022-09-29 16:00:00,MLO,5.6
2022-09-29 17:00:00,MLO,4.8
2022-09-29 18:00:00,MLO,5.9
2022-09-29 19:00:00,MLO,6.2
2022-09-29 20:00:00,MLO,5.5
2022-09-29 21:00:00,MLO,5.6
2022-09-29 22:00:00,MLO,5.3
2022-09-29 23:00:00,MLO,6.1
2022-09-30 00:00:00,MLO,6.1
2022-09-30 01:00:00,MLO,5.0
2022-09-30 02:00:00,MLO,5.7
2022-09-30 03:00:00,MLO,5.7
2022-09-30 04:00:00,MLO,3.1
2022-09-30 05:00:00,MLO,4.0
2022-09-30 06:00:00,MLO,7.4
2022-09-30 07:00:00,MLO,8.3
2022-09-30 08:00:00,MLO,8.1
2022-09-30 09:00:00,MLO,8.0
2022-09-30 10:00:00,MLO,7.5
2022-09-30 11:00:00,MLO,7.0
2022-09-30 12:00:00,MLO,7.0
2022-09-30 13:00:00,MLO,6.5
2022-09-30 14:00:00,MLO,6.1
2022-09-30 15:00:00,MLO,5.3
2022-09-30 16:00:00,MLO,5.8
2022-09-30 17:00:00,MLO,4.5
2022-09-30 18:00:00,MLO,4.6
2022-09-30 19:00:00,MLO,4.4
2022-09-30 20:00:00,MLO,5.0
2022-09-30 21:00:00,MLO,5.8
2022-09-30 22:00:00,MLO,8.2
2022-09-30 23:00:00,MLO,7.6
2022-10-01 00:00:00,MLO,7.6
2022-10-01 01:00:00,MLO,7.4
2022-10-01 02:00:00,MLO,6.3
2022-10-01 03:00:00,MLO,4.9
2022-10-01 04:00:00,MLO,4.7
2022-10-01 05:00:00,MLO,5.5
2022-10-01 06:00:00,MLO,6.3
2022-10-01 07:00:00,MLO,8.2
2022-10-01 08:00:00,MLO,8.2
2022-10-01 09:00:00,MLO,7.5
2022-10-01 10:00:00,MLO,8.3
2022-10-01 11:00:00,MLO,5.8
2022-10-01 12:00:00,MLO,6.2
2022-10-01 13:00:00,MLO,5.7
2022-10-01 14:00:00,MLO,5.9
2022-10-01 15:00:00,MLO,6.3
2022-10-01 16:00:00,MLO,5.8
2022-10-01 17:00:00,MLO,4.2
2022-10-01 18:00:00,MLO,4.2
2022-10-01 19:00:00,MLO,3.0
2022-10-01 20:00:00,MLO,3.6
2022-10-01 21:00:00,MLO,5.8
2022-10-01 22:00:00,MLO,5.9
2022-10-01 23:00:00,MLO,4.8
2022-10-02 00:00:00,MLO,6.1
2022-10-02 01:00:00,MLO,5.0
2022-10-02 02:00:00,MLO,3.9
2022-10-02 03:00:00,MLO,3.4
2022-10-02 04:00:00,MLO,1.1
2022-10-02 05:00:00,MLO,0.4
2022-10-02 06:00:00,MLO,0.8
2022-10-02 07:00:00,MLO,1.0
2022-10-02 08:00:00,MLO,2.2
2022-10-02 09:00:00,MLO,3.5
2022-10-02 10:00:00,MLO,3.8
2022-10-02 11:00:00,MLO,3.3
2022-10-02 12:00:00,MLO,3.2
2022-10-02 13:00:00,MLO,2.5
2022-10-02 14:00:00,MLO,2.4
2022-10-02 15:00:00,MLO,4.0
2022-10-02 16:00:00,MLO,3.7
2022-10-02 17:00:00,MLO,2.8
2022-10-02 18:00:00,MLO,2.6
2022-10-02 19:00:00,MLO,4.4
2022-10-02 20:00:00,MLO,4.8
2022-10-02 21:00:00,MLO,5.8
2022-10-02 22:00:00,MLO,5.3
2022-10-02 23:00:00,MLO,5.3
2022-10-03 00:00:00,MLO,5.1
2022-10-03 01:00:00,MLO,5.1
2022-10-03 02:00:00,MLO,4.4
2022-10-03 03:00:00,MLO,4.7
2022-10-03 04:00:00,MLO,4.0
2022-10-03 05:00:00,MLO,3.7
2022-10-03 06:00:00,MLO,3.8
2022-10-03 07:00:00,MLO,3.9
2022-10-03 08:00:00,MLO,4.1
2022-10-03 09:00:00,MLO,4.3
2022-10-03 10:00:00,MLO,3.9
2022-10-03 11:00:00,MLO,4.1
2022-10-03 12:00:00,MLO,3.8
2022-10-03 13:00:00,MLO,3.7
2022-10-03 14:00:00,MLO,2.0
2022-10-03 15:00:00,MLO,2.3
2022-10-03 16:00:00,MLO,2.4
2022-10-03 17:00:00,MLO,1.1
2022-10-03 18:00:00,MLO,3.3
2022-10-03 19:00:00,MLO,3.1
2022-10-03 20:00:00,MLO,4.4
2022-10-03 21:00:00,MLO,4.2
2022-10-03 22:00:00,MLO,3.4
2022-10-03 23:00:00,MLO,4.4
2022-10-04 00:00:00,MLO,3.4
2022-10-04 01:00:00,MLO,1.9
2022-10-04 02:00:00,MLO,1.9
2022-10-04 03:00:00,MLO,2.5
2022-10-04 04:00:00,MLO,1.2
2022-10-04 05:00:00,MLO,1.2
2022-10-04 06:00:00,MLO,1.3
2022-10-04 07:00:00,MLO,1.7
2022-10-04 08:00:00,MLO,2.0
2022-10-04 09:00:00,MLO,1.7
2022-10-04 10:00:00,MLO,2.5
2022-10-04 11:00:00,MLO,1.8
2022-10-04 12:00:00,MLO,2.6
2022-10-04 13:00:00,MLO,2.0
2022-10-04 14:00:00,MLO,2.2
2022-10-04 15:00:00,MLO,3.4
2022-10-04 16:00:00,MLO,1.8
2022-10-04 17:00:00,MLO,1.3
2022-10-04 18:00:00,MLO,0.8
2022-10-04 19:00:00,MLO,2.6
2022-10-04 20:00:00,MLO,3.0
2022-10-04 21:00:00,MLO,3.3
2022-10-04 22:00:00,MLO,3.0
2022-10-04 23:00:00,MLO,4.6
2022-10-05 00:00:00,MLO,3.7
2022-10-05 01:00:00,MLO,2.9
2022-10-05 02:00:00,MLO,2.1
2022-10-05 03:00:00,MLO,2.0
2022-10-05 04:00:00,MLO,1.4
2022-10-05 05:00:00,MLO,0.7
2022-10-05 06:00:00,MLO,1.1
2022-10-05 07:00:00,MLO,2.2
2022-10-05 08:00:00,MLO,0.9
2022-10-05 09:00:00,MLO,0.9
2022-10-05 10:00:00,MLO,2.2
2022-10-05 11:00:00,MLO,2.3
2022-10-05 12:00:00,MLO,1.4
2022-10-05 13:00:00,MLO,1.9
2022-10-05 14:00:00,MLO,2.1
2022-10-05 15:00:00,MLO,1.8
2022-10-05 16:00:00,MLO,1.7
2022-10-05 17:00:00,MLO,0.7
2022-10-05 18:00:00,MLO,1.2
2022-10-05 19:00:00,MLO,2.1
2022-10-05 20:00:00,MLO,2.5
2022-10-05 21:00:00,MLO,2.4
2022-10-05 22:00:00,MLO,3.0
2022-10-05 23:00:00,MLO,2.9
2022-10-06 00:00:00,MLO,4.8
2022-10-06 01:00:00,MLO,4.8
2022-10-06 02:00:00,MLO,3.0
2022-10-06 03:00:00,MLO,1.9
2022-10-06 04:00:00,MLO,1.4
2022-10-06 05:00:00,MLO,1.2
2022-10-06 06:00:00,MLO,1.9
2022-10-06 07:00:00,MLO,1.2
2022-10-06 08:00:00,MLO,2.1
2022-10-06 09:00:00,MLO,3.2
2022-10-06 10:00:00,MLO,3.3
2022-10-06 11:00:00,MLO,4.0
2022-10-06 12:00:00,MLO,3.7
2022-10-06 13:00:00,MLO,3.1
2022-10-06 14:00:00,MLO,3.1
2022-10-06 15:00:00,MLO,2.6
2022-10-06 16:00:00,MLO,2.4
2022-10-06 17:00:00,MLO,1.6
2022-10-06 18:00:00,MLO,1.1
2022-10-06 19:00:00,MLO,1.7
2022-10-06 20:00:00,MLO,2.7
2022-10-06 21:00:00,MLO,3.1
2022-10-06 22:00:00,MLO,3.6
2022-10-06 23:00:00,MLO,3.3
2022-10-07 00:00:00,MLO,3.6
2022-10-07 01:00:00,MLO,2.8
2022-10-07 02:00:00,MLO,2.7
2022-10-07 03:00:00,MLO,2.9
2022-10-07 04:00:00,MLO,0.8
2022-10-07 05:00:00,MLO,0.7
2022-10-07 06:00:00,MLO,0.8
2022-10-07 07:00:00,MLO,1.2
2022-10-07 08:00:00,MLO,1.8
2022-10-07 09:00:00,MLO,3.6
2022-10-07 10:00:00,MLO,5.6
2022-10-07 11:00:00,MLO,5.1
2022-10-07 12:00:00,MLO,3.7
2022-10-07 13:00:00,MLO,5.0
2022-10-07 14:00:00,MLO,4.4
2022-10-07 15:00:00,MLO,4.9
2022-10-07 16:00:00,MLO,5.5
2022-10-07 17:00:00,MLO,4.2
2022-10-07 18:00:00,MLO,1.9
2022-10-07 19:00:00,MLO,3.0
2022-10-07 20:00:00,MLO,3.3
2022-10-07 21:00:00,MLO,4.1
2022-10-07 22:00:00,MLO,4.7
2022-10-07 23:00:00,MLO,4.0
2022-10-08 00:00:00,MLO,3.7
2022-10-08 01:00:00,MLO,3.4
2022-10-08 02:00:00,MLO,2.6
2022-10-08 03:00:00,MLO,1.8
2022-10-08 04:00:00,MLO,0.4
2022-10-08 05:00:00,MLO,1.4
2022-10-08 06:00:00,MLO,2.5
2022-10-08 07:00:00,MLO,3.4
2022-10-08 08:00:00,MLO,2.4
2022-10-08 09:00:00,MLO,4.2
2022-10-08 10:00:00,MLO,4.7
2022-10-08 11:00:00,MLO,4.7
2022-10-08 12:00:00,MLO,4.6
2022-10-08 13:00:00,MLO,3.9
2022-10-08 14:00:00,MLO,4.1
2022-10-08 15:00:00,MLO,4.1
2022-10-08 16:00:00,MLO,3.5
2022-10-08 17:00:00,MLO,2.9
2022-10-08 18:00:00,MLO,2.2
2022-10-08 19:00:00,MLO,2.7
2022-10-08 20:00:00,MLO,2.7
2022-10-08 21:00:00,MLO,3.8
2022-10-08 22:00:00,MLO,3.4
2022-10-08 23:00:00,MLO,3.5
2022-10-09 00:00:00,MLO,4.3
2022-10-09 01:00:00,MLO,3.5
2022-10-09 02:00:00,MLO,2.4
2022-10-09 03:00:00,MLO,1.3
2022-10-09 04:00:00,MLO,1.1
2022-10-09 05:00:00,MLO,1.0
2022-10-09 06:00:00,MLO,0.9
2022-10-09 07:00:00,MLO,1.3
2022-10-09 08:00:00,MLO,3.8
2022-10-09 09:00:00,MLO,4.0
2022-10-09 10:00:00,MLO,5.1
2022-10-09 11:00:00,MLO,4.6
2022-10-09 12:00:00,MLO,4.2
2022-10-09 13:00:00,MLO,4.7
2022-10-09 14:00:00,MLO,4.3
2022-10-09 15:00:00,MLO,4.3
2022-10-09 16:00:00,MLO,3.9
2022-10-09 17:00:00,MLO,3.0
2022-10-09 18:00:00,MLO,3.0
2022-10-09 19:00:00,MLO,4.3
2022-10-09 20:00:00,MLO,4.2
2022-10-09 21:00:00,MLO,3.6
2022-10-09 22:00:00,MLO,5.7
2022-10-09 23:00:00,MLO,5.3
2022-10-10 00:00:00,MLO,4.6
2022-10-10 01:00:00,MLO,3.6
2022-10-10 02:00:00,MLO,3.8
2022-10-10 03:00:00,MLO,3.6
2022-10-10 04:00:00,MLO,2.2
2022-10-10 05:00:00,MLO,1.9
2022-10-10 06:00:00,MLO,3.6
2022-10-10 07:00:00,MLO,3.6
2022-10-10 08:00:00,MLO,1.5
2022-10-10 09:00:00,MLO,2.9
2022-10-10 10:00:00,MLO,3.9
2022-10-10 11:00:00,MLO,4.1
2022-10-10 12:00:00,MLO,2.6
2022-10-10 13:00:00,MLO,2.0
2022-10-10 14:00:00,MLO,3.4
2022-10-10 15:00:00,MLO,5.5
2022-10-10 16:00:00,MLO,3.8
2022-10-10 17:00:00,MLO,1.2
2022-10-10 18:00:00,MLO,1.6
2022-10-10 19:00:00,MLO,2.5
2022-10-10 20:00:00,MLO,2.2
2022-10-10 21:00:00,MLO,3.0
2022-10-10 22:00:00,MLO,5.4
2022-10-10 23:00:00,MLO,4.7
2022-10-11 00:00:00,MLO,4.1
2022-10-11 01:00:00,MLO,3.6
2022-10-11 02:00:00,MLO,3.0
2022-10-11 03:00:00,MLO,2.7
2022-10-11 04:00:00,MLO,1.6
2022-10-11 05:00:00,MLO,1.7
2022-10-11 06:00:00,MLO,1.6
2022-10-11 07:00:00,MLO,2.1
2022-10-11 08:00:00,MLO,2.9
2022-10-11 09:00:00,MLO,1.6
2022-10-11 10:00:00,MLO,3.1
2022-10-11 11:00:00,MLO,3.5
2022-10-11 12:00:00,MLO,3.2
2022-10-11 13:00:00,MLO,3.6
2022-10-11 14:00:00,MLO,3.1
2022-10-11 15:00:00,MLO,3.2
2022-10-11 16:00:00,MLO,3.7
2022-10-11 17:00:00,MLO,2.2
2022-10-11 18:00:00,MLO,2.4
2022-10-11 19:00:00,MLO,2.8
2022-10-11 20:00:00,MLO,3.4
2022-10-11 21:00:00,MLO,3.2
2022-10-11 22:00:00,MLO,3.7
2022-10-11 23:00:00,MLO,3.5
2022-10-12 00:00:00,MLO,3.5
2022-10-12 01:00:00,MLO,3.7
2022-10-12 02:00:00,MLO,3.2
2022-10-12 03:00:00,MLO,2.0
2022-10-12 04:00:00,MLO,1.3
2022-10-12 05:00:00,MLO,1.6
2022-10-12 06:00:00,MLO,1.6
2022-10-12 07:00:00,MLO,1.9
2022-10-12 08:00:00,MLO,2.9
2022-10-12 09:00:00,MLO,3.0
2022-10-12 10:00:00,MLO,3.6
2022-10-12 11:00:00,MLO,3.6
2022-10-12 12:00:00,MLO,3.7
2022-10-12 13:00:00,MLO,3.4
2022-10-12 14:00:00,MLO,3.7
2022-10-12 15:00:00,MLO,3.9
2022-10-12 16:00:00,MLO,4.0
2022-10-12 17:00:00,MLO,2.8
2022-10-12 18:00:00,MLO,2.3
2022-10-12 19:00:00,MLO,3.0
2022-10-12 20:00:00,MLO,3.6
2022-10-12 21:00:00,MLO,4.0
2022-10-12 22:00:00,MLO,3.9
2022-10-12 23:00:00,MLO,5.0
2022-10-13 00:00:00,MLO,4.4
2022-10-13 01:00:00,MLO,4.2
2022-10-13 02:00:00,MLO,3.1
2022-10-13 03:00:00,MLO,2.5
2022-10-13 04:00:00,MLO,1.4
2022-10-13 05:00:00,MLO,1.3
2022-10-13 06:00:00,MLO,1.7
2022-10-13 07:00:00,MLO,2.4
2022-10-13 08:00:00,MLO,2.9
2022-10-13 09:00:00,MLO,3.2
2022-10-13 10:00:00,MLO,2.5
2022-10-13 11:00:00,MLO,3.1
2022-10-13 12:00:00,MLO,2.9
2022-10-13 13:00:00,MLO,2.5
2022-10-13 14:00:00,MLO,2.7
2022-10-13 15:00:00,MLO,3.7
2022-10-13 16:00:00,MLO,4.4
2022-10-13 17:00:00,MLO,3.8
2022-10-13 18:00:00,MLO,2.9
2022-10-13 19:00:00,MLO,2.8
2022-10-13 20:00:00,MLO,3.5
2022-10-13 21:00:00,MLO,3.1
2022-10-13 22:00:00,MLO,2.5
2022-10-13 23:00:00,MLO,3.2
2022-10-14 00:00:00,MLO,3.5
2022-10-14 01:00:00,MLO,3.1
2022-10-14 02:00:00,MLO,2.2
2022-10-14 03:00:00,MLO,1.6
2022-10-14 04:00:00,MLO,1.1
2022-10-14 05:00:00,MLO,1.4
2022-10-14 06:00:00,MLO,1.1
2022-10-14 07:00:00,MLO,1.5
2022-10-14 08:00:00,MLO,1.8
2022-10-14 09:00:00,MLO,2.0
2022-10-14 10:00:00,MLO,0.9
2022-10-14 11:00:00,MLO,1.8
2022-10-14 12:00:00,MLO,2.7
2022-10-14 13:00:00,MLO,3.7
2022-10-14 14:00:00,MLO,3.8
2022-10-14 15:00:00,MLO,3.7
2022-10-14 16:00:00,MLO,4.0
2022-10-14 17:00:00,MLO,2.8
2022-10-14 18:00:00,MLO,2.0
2022-10-14 19:00:00,MLO,2.7
2022-10-14 20:00:00,MLO,3.7
2022-10-14 21:00:00,MLO,3.5
2022-10-14 22:00:00,MLO,4.1
2022-10-14 23:00:00,MLO,3.6
2022-10-15 00:00:00,MLO,3.0
2022-10-15 01:00:00,MLO,3.4
2022-10-15 02:00:00,MLO,3.1
2022-10-15 03:00:00,MLO,2.3
2022-10-15 04:00:00,MLO,2.5
2022-10-15 05:00:00,MLO,3.1
2022-10-15 06:00:00,MLO,3.0
2022-10-15 07:00:00,MLO,2.8
2022-10-15 08:00:00,MLO,2.7
2022-10-15 09:00:00,MLO,4.6
2022-10-15 10:00:00,MLO,4.9
2022-10-15 11:00:00,MLO,5.0
2022-10-15 12:00:00,MLO,4.5
2022-10-15 13:00:00,MLO,4.6
2022-10-15 14:00:00,MLO,4.4
2022-10-15 15:00:00,MLO,3.9
2022-10-15 16:00:00,MLO,3.2
2022-10-15 17:00:00,MLO,1.4
2022-10-15 18:00:00,MLO,1.0
2022-10-15 19:00:00,MLO,2.1
2022-10-15 20:00:00,MLO,3.3
2022-10-15 21:00:00,MLO,3.5
2022-10-15 22:00:00,MLO,3.7
2022-10-15 23:00:00,MLO,3.6
2022-10-16 00:00:00,MLO,3.4
2022-10-16 01:00:00,MLO,3.9
2022-10-16 02:00:00,MLO,2.7
2022-10-16 03:00:00,MLO,4.0
2022-10-16 04:00:00,MLO,4.0
2022-10-16 05:00:00,MLO,4.4
2022-10-16 06:00:00,MLO,5.2
2022-10-16 07:00:00,MLO,5.3
2022-10-16 08:00:00,MLO,4.5
2022-10-16 09:00:00,MLO,3.9
2022-10-16 10:00:00,MLO,4.6
2022-10-16 11:00:00,MLO,6.4
2022-10-16 12:00:00,MLO,6.4
2022-10-16 13:00:00,MLO,5.3
2022-10-16 14:00:00,MLO,3.1
2022-10-16 15:00:00,MLO,3.6
2022-10-16 16:00:00,MLO,3.4
2022-10-16 17:00:00,MLO,2.5
2022-10-16 18:00:00,MLO,2.8
2022-10-16 19:00:00,MLO,2.9
2022-10-16 20:00:00,MLO,3.7
2022-10-16 21:00:00,MLO,4.3
2022-10-16 22:00:00,MLO,4.2
2022-10-16 23:00:00,MLO,4.2
2022-10-17 00:00:00,MLO,3.6
2022-10-17 01:00:00,MLO,2.8
2022-10-17 02:00:00,MLO,3.7
2022-10-17 03:00:00,MLO,2.3
2022-10-17 04:00:00,MLO,0.2
2022-10-17 05:00:00,MLO,1.1
2022-10-17 06:00:00,MLO,2.7
2022-10-17 07:00:00,MLO,3.1
2022-10-17 08:00:00,MLO,2.4
2022-10-17 09:00:00,MLO,2.7
2022-10-17 10:00:00,MLO,2.5
2022-10-17 11:00:00,MLO,4.1
2022-10-17 12:00:00,MLO,3.7
2022-10-17 13:00:00,MLO,3.9
2022-10-17 14:00:00,MLO,4.5
2022-10-17 15:00:00,MLO,4.5
2022-10-17 16:00:00,MLO,5.2
2022-10-17 17:00:00,MLO,3.0
2022-10-17 18:00:00,MLO,2.8
2022-10-17 19:00:00,MLO,3.9
2022-10-17 20:00:00,MLO,3.6
2022-10-17 21:00:00,MLO,4.2
2022-10-17 22:00:00,MLO,4.0
2022-10-17 23:00:00,MLO,3.8
2022-10-18 00:00:00,MLO,3.7
2022-10-18 01:00:00,MLO,3.2
2022-10-18 02:00:00,MLO,3.1
2022-10-18 03:00:00,MLO,1.8
2022-10-18 04:00:00,MLO,0.1
2022-10-18 05:00:00,MLO,1.2
2022-10-18 06:00:00,MLO,1.4
2022-10-18 07:00:00,MLO,0.9
2022-10-18 08:00:00,MLO,2.0
2022-10-18 09:00:00,MLO,3.2
2022-10-18 10:00:00,MLO,2.5
2022-10-18 11:00:00,MLO,2.6
2022-10-18 12:00:00,MLO,2.8
2022-10-18 13:00:00,MLO,2.3
2022-10-18 14:00:00,MLO,1.9
2022-10-18 15:00:00,MLO,2.4
2022-10-18 16:00:00,MLO,2.8
2022-10-18 17:00:00,MLO,1.5
2022-10-18 18:00:00,MLO,1.1
2022-10-18 19:00:00,MLO,2.1
2022-10-18 20:00:00,MLO,2.8
2022-10-18 21:00:00,MLO,3.5
2022-10-18 22:00:00,MLO,3.7
2022-10-18 23:00:00,MLO,3.9
2022-10-19 00:00:00,MLO,3.7
2022-10-19 01:00:00,MLO,2.7
2022-10-19 02:00:00,MLO,2.6
2022-10-19 03:00:00,MLO,1.3
2022-10-19 04:00:00,MLO,2.2
2022-10-19 05:00:00,MLO,1.7
2022-10-19 06:00:00,MLO,2.1
2022-10-19 07:00:00,MLO,2.8
2022-10-19 08:00:00,MLO,2.2
2022-10-19 09:00:00,MLO,1.4
2022-10-19 10:00:00,MLO,1.3
2022-10-19 11:00:00,MLO,1.8
2022-10-19 12:00:00,MLO,2.4
2022-10-19 13:00:00,MLO,3.1
2022-10-19 14:00:00,MLO,2.6
2022-10-19 15:00:00,MLO,2.1
2022-10-19 16:00:00,MLO,3.1
2022-10-19 17:00:00,MLO,1.5
2022-10-19 18:00:00,MLO,1.9
2022-10-19 19:00:00,MLO,2.6
2022-10-19 20:00:00,MLO,3.3
2022-10-19 21:00:00,MLO,3.0
2022-10-19 22:00:00,MLO,3.5
2022-10-19 23:00:00,MLO,3.4
2022-10-20 00:00:00,MLO,2.7
2022-10-20 01:00:00,MLO,2.9
2022-10-20 02:00:00,MLO,2.1
2022-10-20 03:00:00,MLO,2.0
2022-10-20 04:00:00,MLO,0.9
2022-10-20 05:00:00,MLO,0.5
2022-10-20 06:00:00,MLO,1.2
2022-10-20 07:00:00,MLO,2.0
2022-10-20 08:00:00,MLO,1.6
2022-10-20 09:00:00,MLO,1.8
2022-10-20 10:00:00,MLO,1.0
2022-10-20 11:00:00,MLO,1.6
2022-10-20 12:00:00,MLO,2.5
2022-10-20 13:00:00,MLO,4.9
2022-10-20 14:00:00,MLO,2.1
2022-10-20 15:00:00,MLO,6.4
2022-10-20 16:00:00,MLO,1.9
2022-10-20 17:00:00,MLO,0.3
2022-10-20 18:00:00,MLO,1.2
2022-10-20 19:00:00,MLO,2.5
2022-10-20 20:00:00,MLO,3.2
2022-10-20 21:00:00,MLO,3.7
2022-10-20 22:00:00,MLO,3.8
2022-10-20 23:00:00,MLO,3.3
2022-10-21 00:00:00,MLO,2.5
2022-10-21 01:00:00,MLO,2.3
2022-10-21 02:00:00,MLO,2.0
2022-10-21 03:00:00,MLO,0.3
2022-10-21 04:00:00,MLO,1.1
2022-10-21 05:00:00,MLO,0.7
2022-10-21 06:00:00,MLO,1.0
2022-10-21 07:00:00,MLO,2.0
2022-10-21 08:00:00,MLO,2.4
2022-10-21 09:00:00,MLO,1.3
2022-10-21 10:00:00,MLO,2.2
2022-10-21 11:00:00,MLO,1.0
2022-10-21 12:00:00,MLO,2.1
2022-10-21 13:00:00,MLO,1.3
2022-10-21 14:00:00,MLO,2.2
2022-10-21 15:00:00,MLO,1.7
2022-10-21 16:00:00,MLO,2.2
2022-10-21 17:00:00,MLO,2.3
2022-10-21 18:00:00,MLO,0.2
2022-10-21 19:00:00,MLO,1.1
2022-10-21 20:00:00,MLO,1.7
2022-10-21 21:00:00,MLO,0.5
2022-10-21 22:00:00,MLO,3.7
2022-10-21 23:00:00,MLO,3.7
2022-10-22 00:00:00,MLO,3.9
2022-10-22 01:00:00,MLO,3.7
2022-10-22 02:00:00,MLO,2.5
2022-10-22 03:00:00,MLO,3.2
2022-10-22 04:00:00,MLO,7.7
2022-10-22 05:00:00,MLO,8.3
2022-10-22 06:00:00,MLO,1.3
2022-10-22 07:00:00,MLO,6.5
2022-10-22 08:00:00,MLO,7.1
2022-10-22 09:00:00,MLO,4.9
2022-10-22 10:00:00,MLO,7.1
2022-10-22 11:00:00,MLO,7.4
2022-10-22 12:00:00,MLO,2.4
2022-10-22 13:00:00,MLO,2.2
2022-10-22 14:00:00,MLO,3.6
2022-10-22 15:00:00,MLO,3.1
2022-10-22 16:00:00,MLO,3.7
2022-10-22 17:00:00,MLO,3.9
2022-10-22 18:00:00,MLO,3.9
2022-10-22 19:00:00,MLO,3.4
2022-10-22 20:00:00,MLO,4.0
2022-10-22 21:00:00,MLO,4.9
2022-10-22 22:00:00,MLO,6.1
2022-10-22 23:00:00,MLO,5.9
2022-10-23 00:00:00,MLO,5.8
2022-10-23 01:00:00,MLO,5.7
2022-10-23 02:00:00,MLO,5.2
2022-10-23 03:00:00,MLO,4.9
2022-10-23 04:00:00,MLO,4.3
2022-10-23 05:00:00,MLO,3.2
2022-10-23 06:00:00,MLO,3.9
2022-10-23 07:00:00,MLO,4.6
2022-10-23 08:00:00,MLO,5.5
2022-10-23 09:00:00,MLO,5.4
2022-10-23 10:00:00,MLO,5.3
2022-10-23 11:00:00,MLO,5.3
2022-10-23 12:00:00,MLO,6.0
2022-10-23 13:00:00,MLO,5.4
2022-10-23 14:00:00,MLO,4.9
2022-10-23 15:00:00,MLO,6.8
2022-10-23 16:00:00,MLO,7.3
2022-10-23 17:00:00,MLO,6.9
2022-10-23 18:00:00,MLO,5.9
2022-10-23 19:00:00,MLO,5.6
2022-10-23 20:00:00,MLO,5.9
2022-10-23 21:00:00,MLO,5.2
2022-10-23 22:00:00,MLO,4.9
2022-10-23 23:00:00,MLO,5.7
2022-10-24 00:00:00,MLO,6.5
2022-10-24 01:00:00,MLO,6.2
2022-10-24 02:00:00,MLO,6.8
2022-10-24 03:00:00,MLO,7.5
2022-10-24 04:00:00,MLO,7.7
2022-10-24 05:00:00,MLO,7.7
2022-10-24 06:00:00,MLO,8.9
2022-10-24 07:00:00,MLO,9.6
2022-10-24 08:00:00,MLO,10.0
2022-10-24 09:00:00,MLO,8.7
2022-10-24 10:00:00,MLO,8.1
2022-10-24 11:00:00,MLO,7.2
2022-10-24 12:00:00,MLO,6.8
2022-10-24 13:00:00,MLO,6.9
2022-10-24 14:00:00,MLO,6.4
2022-10-24 15:00:00,MLO,6.8
2022-10-24 16:00:00,MLO,8.9
2022-10-24 17:00:00,MLO,8.0
2022-10-24 18:00:00,MLO,7.8
2022-10-24 19:00:00,MLO,7.7
2022-10-24 20:00:00,MLO,7.5
2022-10-24 21:00:00,MLO,6.7
2022-10-24 22:00:00,MLO,4.5
2022-10-24 23:00:00,MLO,5.4
2022-10-25 00:00:00,MLO,5.2
2022-10-25 01:00:00,MLO,4.6
2022-10-25 02:00:00,MLO,5.4
2022-10-25 03:00:00,MLO,6.6
2022-10-25 04:00:00,MLO,7.4
2022-10-25 05:00:00,MLO,9.0
2022-10-25 06:00:00,MLO,10.2
2022-10-25 07:00:00,MLO,10.7
2022-10-25 08:00:00,MLO,11.0
2022-10-25 09:00:00,MLO,11.1
2022-10-25 10:00:00,MLO,12.8
2022-10-25 11:00:00,MLO,12.4
2022-10-25 12:00:00,MLO,11.4
2022-10-25 13:00:00,MLO,11.5
2022-10-25 14:00:00,MLO,10.5
2022-10-25 15:00:00,MLO,9.9
2022-10-25 16:00:00,MLO,9.9
2022-10-25 17:00:00,MLO,10.5
2022-10-25 18:00:00,MLO,10.4
2022-10-25 19:00:00,MLO,10.4
2022-10-25 20:00:00,MLO,10.8
2022-10-25 21:00:00,MLO,10.3
2022-10-25 22:00:00,MLO,10.0
2022-10-25 23:00:00,MLO,8.6
2022-10-26 00:00:00,MLO,7.7
2022-10-26 01:00:00,MLO,8.8
2022-10-26 02:00:00,MLO,8.0
2022-10-26 03:00:00,MLO,9.5
2022-10-26 04:00:00,MLO,9.4
2022-10-26 05:00:00,MLO,9.9
2022-10-26 06:00:00,MLO,10.2
2022-10-26 07:00:00,MLO,9.6
2022-10-26 08:00:00,MLO,9.4
2022-10-26 09:00:00,MLO,8.9
2022-10-26 10:00:00,MLO,7.7
2022-10-26 11:00:00,MLO,6.8
2022-10-26 12:00:00,MLO,6.5
2022-10-26 13:00:00,MLO,7.2
2022-10-26 14:00:00,MLO,6.6
2022-10-26 15:00:00,MLO,7.0
2022-10-26 16:00:00,MLO,6.8
2022-10-26 17:00:00,MLO,4.8
2022-10-26 18:00:00,MLO,4.0
2022-10-26 19:00:00,MLO,4.3
2022-10-26 20:00:00,MLO,4.2
2022-10-26 21:00:00,MLO,4.2
2022-10-26 22:00:00,MLO,4.1
2022-10-26 23:00:00,MLO,5.3
2022-10-27 00:00:00,MLO,6.0
2022-10-27 01:00:00,MLO,5.0
2022-10-27 02:00:00,MLO,4.9
2022-10-27 03:00:00,MLO,3.5
2022-10-27 04:00:00,MLO,3.7
2022-10-27 05:00:00,MLO,4.8
2022-10-27 06:00:00,MLO,3.1
2022-10-27 07:00:00,MLO,5.2
2022-10-27 08:00:00,MLO,3.7
2022-10-27 09:00:00,MLO,3.4
2022-10-27 10:00:00,MLO,3.8
2022-10-27 11:00:00,MLO,1.3
2022-10-27 12:00:00,MLO,0.7
2022-10-27 13:00:00,MLO,3.1
2022-10-27 14:00:00,MLO,4.0
2022-10-27 15:00:00,MLO,3.9
2022-10-27 16:00:00,MLO,3.8
2022-10-27 17:00:00,MLO,2.0
2022-10-27 18:00:00,MLO,3.5
2022-10-27 19:00:00,MLO,1.9
2022-10-27 20:00:00,MLO,3.1
2022-10-27 21:00:00,MLO,3.1
2022-10-27 22:00:00,MLO,3.7
2022-10-27 23:00:00,MLO,3.2
2022-10-28 00:00:00,MLO,1.6
2022-10-28 01:00:00,MLO,1.0
2022-10-28 02:00:00,MLO,1.4
2022-10-28 03:00:00,MLO,1.6
2022-10-28 04:00:00,MLO,1.2
2022-10-28 05:00:00,MLO,2.4
2022-10-28 06:00:00,MLO,2.3
2022-10-28 07:00:00,MLO,2.9
2022-10-28 08:00:00,MLO,2.3
2022-10-28 09:00:00,MLO,1.7
2022-10-28 10:00:00,MLO,1.0
2022-10-28 11:00:00,MLO,2.1
2022-10-28 12:00:00,MLO,1.7
2022-10-28 13:00:00,MLO,3.8
2022-10-28 14:00:00,MLO,3.1
2022-10-28 15:00:00,MLO,3.2
2022-10-28 16:00:00,MLO,2.7
2022-10-28 17:00:00,MLO,0.3
2022-10-28 18:00:00,MLO,0.5
2022-10-28 19:00:00,MLO,2.5
2022-10-28 20:00:00,MLO,3.1
2022-10-28 21:00:00,MLO,4.0
2022-10-28 22:00:00,MLO,6.2
2022-10-28 23:00:00,MLO,7.0
2022-10-29 00:00:00,MLO,4.9
2022-10-29 01:00:00,MLO,3.4
2022-10-29 02:00:00,MLO,2.2
2022-10-29 03:00:00,MLO,2.8
2022-10-29 04:00:00,MLO,2.0
2022-10-29 05:00:00,MLO,2.0
2022-10-29 06:00:00,MLO,2.0
2022-10-29 07:00:00,MLO,5.9
2022-10-29 08:00:00,MLO,5.2
2022-10-29 09:00:00,MLO,1.9
2022-10-29 10:00:00,MLO,1.9
2022-10-29 11:00:00,MLO,1.6
2022-10-29 12:00:00,MLO,2.5
2022-10-29 13:00:00,MLO,2.6
2022-10-29 14:00:00,MLO,2.5
2022-10-29 15:00:00,MLO,3.6
2022-10-29 16:00:00,MLO,3.0
2022-10-29 17:00:00,MLO,1.4
2022-10-29 18:00:00,MLO,1.5
2022-10-29 19:00:00,MLO,3.5
2022-10-29 20:00:00,MLO,3.5
2022-10-29 21:00:00,MLO,3.6
2022-10-29 22:00:00,MLO,4.8
2022-10-29 23:00:00,MLO,4.9
2022-10-30 00:00:00,MLO,3.5
2022-10-30 01:00:00,MLO,2.0
2022-10-30 02:00:00,MLO,3.1
2022-10-30 03:00:00,MLO,2.7
2022-10-30 04:00:00,MLO,2.8
2022-10-30 05:00:00,MLO,4.3
2022-10-30 06:00:00,MLO,4.9
2022-10-30 07:00:00,MLO,4.9
2022-10-30 08:00:00,MLO,1.6
2022-10-30 09:00:00,MLO,4.0
2022-10-30 10:00:00,MLO,1.7
2022-10-30 11:00:00,MLO,2.6
2022-10-30 12:00:00,MLO,2.4
2022-10-30 13:00:00,MLO,3.5
2022-10-30 14:00:00,MLO,2.0
2022-10-30 15:00:00,MLO,2.7
2022-10-30 16:00:00,MLO,2.9
2022-10-30 17:00:00,MLO,2.2
2022-10-30 18:00:00,MLO,0.6
2022-10-30 19:00:00,MLO,1.8
2022-10-30 20:00:00,MLO,3.0
2022-10-30 21:00:00,MLO,3.6
2022-10-30 22:00:00,MLO,4.0
2022-10-30 23:00:00,MLO,4.0
2022-10-31 00:00:00,MLO,3.3
2022-10-31 01:00:00,MLO,3.3
2022-10-31 02:00:00,MLO,2.2
2022-10-31 03:00:00,MLO,1.5
2022-10-31 04:00:00,MLO,2.2
2022-10-31 05:00:00,MLO,2.3
2022-10-31 06:00:00,MLO,3.0
2022-10-31 07:00:00,MLO,4.7
2022-10-31 08:00:00,MLO,3.4
2022-10-31 09:00:00,MLO,2.3
2022-10-31 10:00:00,MLO,2.3
2022-10-31 11:00:00,MLO,2.2
2022-10-31 12:00:00,MLO,1.9
2022-10-31 13:00:00,MLO,1.5
2022-10-31 14:00:00,MLO,1.7
2022-10-31 15:00:00,MLO,3.0
2022-10-31 16:00:00,MLO,2.1
2022-10-31 17:00:00,MLO,1.4
2022-10-31 18:00:00,MLO,0.9
2022-10-31 19:00:00,MLO,1.5
2022-10-31 20:00:00,MLO,2.2
2022-10-31 21:00:00,MLO,3.1
2022-10-31 22:00:00,MLO,3.4
2022-10-31 23:00:00,MLO,3.8
2022-11-01 00:00:00,MLO,3.5
2022-11-01 01:00:00,MLO,3.4
2022-11-01 02:00:00,MLO,2.1
2022-11-01 03:00:00,MLO,3.2
2022-11-01 04:00:00,MLO,3.6
2022-11-01 05:00:00,MLO,1.7
2022-11-01 06:00:00,MLO,3.7
2022-11-01 07:00:00,MLO,2.0
2022-11-01 08:00:00,MLO,3.1
2022-11-01 09:00:00,MLO,3.0
2022-11-01 10:00:00,MLO,4.2
2022-11-01 11:00:00,MLO,3.1
2022-11-01 12:00:00,MLO,3.2
2022-11-01 13:00:00,MLO,3.4
2022-11-01 14:00:00,MLO,3.3
2022-11-01 15:00:00,MLO,2.0
2022-11-01 16:00:00,MLO,2.2
2022-11-01 17:00:00,MLO,1.1
2022-11-01 18:00:00,MLO,1.0
2022-11-01 19:00:00,MLO,1.7
2022-11-01 20:00:00,MLO,2.9
2022-11-01 21:00:00,MLO,3.3
2022-11-01 22:00:00,MLO,4.1
2022-11-01 23:00:00,MLO,4.3
2022-11-02 00:00:00,MLO,4.2
2022-11-02 01:00:00,MLO,4.3
2022-11-02 02:00:00,MLO,3.4
2022-11-02 03:00:00,MLO,4.1
2022-11-02 04:00:00,MLO,4.8
2022-11-02 05:00:00,MLO,3.6
2022-11-02 06:00:00,MLO,4.5
2022-11-02 07:00:00,MLO,5.2
2022-11-02 08:00:00,MLO,5.3
2022-11-02 09:00:00,MLO,6.3
2022-11-02 10:00:00,MLO,6.8
2022-11-02 11:00:00,MLO,6.9
2022-11-02 12:00:00,MLO,7.3
2022-11-02 13:00:00,MLO,8.1
2022-11-02 14:00:00,MLO,7.7
2022-11-02 15:00:00,MLO,7.5
2022-11-02 16:00:00,MLO,5.8
2022-11-02 17:00:00,MLO,4.3
2022-11-02 18:00:00,MLO,2.6
2022-11-02 19:00:00,MLO,2.5
2022-11-02 20:00:00,MLO,2.8
2022-11-02 21:00:00,MLO,3.6
2022-11-02 22:00:00,MLO,3.5
2022-11-02 23:00:00,MLO,4.3
2022-11-03 00:00:00,MLO,3.5
2022-11-03 01:00:00,MLO,3.8
2022-11-03 02:00:00,MLO,2.6
2022-11-03 03:00:00,MLO,1.1
2022-11-03 04:00:00,MLO,2.4
2022-11-03 05:00:00,MLO,2.5
2022-11-03 06:00:00,MLO,1.3
2022-11-03 07:00:00,MLO,2.9
2022-11-03 08:00:00,MLO,4.7
2022-11-03 09:00:00,MLO,1.8
2022-11-03 10:00:00,MLO,3.3
2022-11-03 11:00:00,MLO,6.4
2022-11-03 12:00:00,MLO,8.0
2022-11-03 13:00:00,MLO,8.7
2022-11-03 14:00:00,MLO,0.7
2022-11-03 15:00:00,MLO,4.5
2022-11-03 16:00:00,MLO,5.4
2022-11-03 17:00:00,MLO,1.5
2022-11-03 18:00:00,MLO,4.7
2022-11-03 19:00:00,MLO,1.9
2022-11-03 20:00:00,MLO,2.0
2022-11-03 21:00:00,MLO,2.3
2022-11-03 22:00:00,MLO,2.5
2022-11-03 23:00:00,MLO,2.1
2022-11-04 00:00:00,MLO,1.9
2022-11-04 01:00:00,MLO,5.6
2022-11-04 02:00:00,MLO,8.9
2022-11-04 03:00:00,MLO,8.8
2022-11-04 04:00:00,MLO,10.1
2022-11-04 05:00:00,MLO,10.8
2022-11-04 06:00:00,MLO,10.2
2022-11-04 07:00:00,MLO,9.4
2022-11-04 08:00:00,MLO,9.6
2022-11-04 09:00:00,MLO,9.1
2022-11-04 10:00:00,MLO,9.2
2022-11-04 11:00:00,MLO,11.5
2022-11-04 12:00:00,MLO,11.4
2022-11-04 13:00:00,MLO,12.4
2022-11-04 14:00:00,MLO,9.0
2022-11-04 15:00:00,MLO,10.7
2022-11-04 16:00:00,MLO,8.7
2022-11-04 17:00:00,MLO,9.6
2022-11-04 18:00:00,MLO,7.4
2022-11-04 19:00:00,MLO,8.9
2022-11-04 20:00:00,MLO,8.5
2022-11-04 21:00:00,MLO,7.4
2022-11-04 22:00:00,MLO,7.1
2022-11-04 23:00:00,MLO,7.2
2022-11-05 00:00:00,MLO,5.0
2022-11-05 01:00:00,MLO,6.2
2022-11-05 02:00:00,MLO,5.8
2022-11-05 03:00:00,MLO,4.9
2022-11-05 04:00:00,MLO,4.5
2022-11-05 05:00:00,MLO,4.0
2022-11-05 06:00:00,MLO,3.4
2022-11-05 07:00:00,MLO,4.7
2022-11-05 08:00:00,MLO,4.1
2022-11-05 09:00:00,MLO,5.7
2022-11-05 10:00:00,MLO,4.6
2022-11-05 11:00:00,MLO,3.1
2022-11-05 12:00:00,MLO,3.4
2022-11-05 13:00:00,MLO,3.6
2022-11-05 14:00:00,MLO,3.3
2022-11-05 15:00:00,MLO,4.2
2022-11-05 16:00:00,MLO,4.6
2022-11-05 17:00:00,MLO,3.7
2022-11-05 18:00:00,MLO,3.2
2022-11-05 19:00:00,MLO,2.5
2022-11-05 20:00:00,MLO,3.3
2022-11-05 21:00:00,MLO,3.8
2022-11-05 22:00:00,MLO,3.4
2022-11-05 23:00:00,MLO,3.7
2022-11-06 00:00:00,MLO,4.6
2022-11-06 01:00:00,MLO,3.5
2022-11-06 02:00:00,MLO,2.6
2022-11-06 03:00:00,MLO,2.4
2022-11-06 04:00:00,MLO,3.6
2022-11-06 05:00:00,MLO,2.4
2022-11-06 06:00:00,MLO,1.9
2022-11-06 07:00:00,MLO,0.8
2022-11-06 08:00:00,MLO,1.3
2022-11-06 09:00:00,MLO,1.3
2022-11-06 10:00:00,MLO,1.7
2022-11-06 11:00:00,MLO,2.0
2022-11-06 12:00:00,MLO,2.8
2022-11-06 13:00:00,MLO,3.2
2022-11-06 14:00:00,MLO,1.5
2022-11-06 15:00:00,MLO,1.8
2022-11-06 16:00:00,MLO,3.7
2022-11-06 17:00:00,MLO,2.0
2022-11-06 18:00:00,MLO,2.1
2022-11-06 19:00:00,MLO,2.7
2022-11-06 20:00:00,MLO,3.1
2022-11-06 21:00:00,MLO,3.9
2022-11-06 22:00:00,MLO,3.4
2022-11-06 23:00:00,MLO,3.6
2022-11-07 00:00:00,MLO,3.5
2022-11-07 01:00:00,MLO,2.2
2022-11-07 02:00:00,MLO,2.1
2022-11-07 03:00:00,MLO,1.1
2022-11-07 04:00:00,MLO,0.7
2022-11-07 05:00:00,MLO,1.1
2022-11-07 06:00:00,MLO,1.4
2022-11-07 07:00:00,MLO,1.3
2022-11-07 08:00:00,MLO,1.2
2022-11-07 09:00:00,MLO,1.8
2022-11-07 10:00:00,MLO,1.9
2022-11-07 11:00:00,MLO,3.0
2022-11-07 12:00:00,MLO,3.3
2022-11-07 13:00:00,MLO,2.7
2022-11-07 14:00:00,MLO,2.7
2022-11-07 15:00:00,MLO,3.5
2022-11-07 16:00:00,MLO,3.1
2022-11-07 17:00:00,MLO,2.3
2022-11-07 18:00:00,MLO,1.6
2022-11-07 19:00:00,MLO,2.2
2022-11-07 20:00:00,MLO,3.1
2022-11-07 21:00:00,MLO,3.1
2022-11-07 22:00:00,MLO,3.3
2022-11-07 23:00:00,MLO,3.1
2022-11-08 00:00:00,MLO,3.3
2022-11-08 01:00:00,MLO,2.7
2022-11-08 02:00:00,MLO,1.9
2022-11-08 03:00:00,MLO,2.5
2022-11-08 04:00:00,MLO,2.4
2022-11-08 05:00:00,MLO,2.8
2022-11-08 06:00:00,MLO,4.0
2022-11-08 07:00:00,MLO,4.4
2022-11-08 08:00:00,MLO,4.4
2022-11-08 09:00:00,MLO,4.2
2022-11-08 10:00:00,MLO,3.7
2022-11-08 11:00:00,MLO,4.5
2022-11-08 12:00:00,MLO,4.2
2022-11-08 13:00:00,MLO,3.1
2022-11-08 14:00:00,MLO,3.0
2022-11-08 15:00:00,MLO,2.5
2022-11-08 16:00:00,MLO,3.0
2022-11-08 17:00:00,MLO,4.5
2022-11-08 18:00:00,MLO,3.2
2022-11-08 19:00:00,MLO,2.9
2022-11-08 20:00:00,MLO,3.7
2022-11-08 21:00:00,MLO,3.9
2022-11-08 22:00:00,MLO,3.6
2022-11-08 23:00:00,MLO,4.4
2022-11-09 00:00:00,MLO,2.8
2022-11-09 01:00:00,MLO,4.7
2022-11-09 02:00:00,MLO,4.0
2022-11-09 03:00:00,MLO,2.9
2022-11-09 04:00:00,MLO,2.2
2022-11-09 05:00:00,MLO,3.0
2022-11-09 06:00:00,MLO,2.3
2022-11-09 07:00:00,MLO,2.5
2022-11-09 08:00:00,MLO,2.2
2022-11-09 09:00:00,MLO,2.6
2022-11-09 10:00:00,MLO,2.0
2022-11-09 11:00:00,MLO,2.3
2022-11-09 12:00:00,MLO,2.1
2022-11-09 13:00:00,MLO,3.9
2022-11-09 14:00:00,MLO,3.3
2022-11-09 15:00:00,MLO,3.2
2022-11-09 16:00:00,MLO,4.7
2022-11-09 17:00:00,MLO,4.8
2022-11-09 18:00:00,MLO,4.6
2022-11-09 19:00:00,MLO,5.1
2022-11-09 20:00:00,MLO,4.5
2022-11-09 21:00:00,MLO,3.9
2022-11-09 22:00:00,MLO,5.5
2022-11-09 23:00:00,MLO,4.3
2022-11-10 00:00:00,MLO,3.9
2022-11-10 01:00:00,MLO,4.3
2022-11-10 02:00:00,MLO,4.4
2022-11-10 03:00:00,MLO,4.5
2022-11-10 04:00:00,MLO,3.8
2022-11-10 05:00:00,MLO,4.3
2022-11-10 06:00:00,MLO,4.7
2022-11-10 07:00:00,MLO,5.2
2022-11-10 08:00:00,MLO,5.3
2022-11-10 09:00:00,MLO,6.2
2022-11-10 10:00:00,MLO,6.2
2022-11-10 11:00:00,MLO,6.5
2022-11-10 12:00:00,MLO,6.4
2022-11-10 13:00:00,MLO,6.0
2022-11-10 14:00:00,MLO,5.9
2022-11-10 15:00:00,MLO,5.8
2022-11-10 16:00:00,MLO,6.1
2022-11-10 17:00:00,MLO,6.5
2022-11-10 18:00:00,MLO,6.1
2022-11-10 19:00:00,MLO,5.5
2022-11-10 20:00:00,MLO,5.4
2022-11-10 21:00:00,MLO,5.1
2022-11-10 22:00:00,MLO,6.0
2022-11-10 23:00:00,MLO,4.9
2022-11-11 00:00:00,MLO,3.9
2022-11-11 01:00:00,MLO,3.0
2022-11-11 02:00:00,MLO,2.9
2022-11-11 03:00:00,MLO,1.0
2022-11-11 04:00:00,MLO,1.4
2022-11-11 05:00:00,MLO,3.4
2022-11-11 06:00:00,MLO,4.6
2022-11-11 07:00:00,MLO,5.1
2022-11-11 08:00:00,MLO,5.1
2022-11-11 09:00:00,MLO,4.9
2022-11-11 10:00:00,MLO,5.1
2022-11-11 11:00:00,MLO,4.7
2022-11-11 12:00:00,MLO,4.8
2022-11-11 13:00:00,MLO,4.5
2022-11-11 14:00:00,MLO,3.5
2022-11-11 15:00:00,MLO,3.5
2022-11-11 16:00:00,MLO,3.8
2022-11-11 17:00:00,MLO,3.8
2022-11-11 18:00:00,MLO,4.9
2022-11-11 19:00:00,MLO,4.6
2022-11-11 20:00:00,MLO,4.2
2022-11-11 21:00:00,MLO,4.0
2022-11-11 22:00:00,MLO,3.8
2022-11-11 23:00:00,MLO,4.3
2022-11-12 00:00:00,MLO,5.7
2022-11-12 01:00:00,MLO,4.4
2022-11-12 02:00:00,MLO,4.6
2022-11-12 03:00:00,MLO,4.5
2022-11-12 04:00:00,MLO,2.8
2022-11-12 05:00:00,MLO,2.7
2022-11-12 06:00:00,MLO,2.9
2022-11-12 07:00:00,MLO,1.5
2022-11-12 08:00:00,MLO,1.5
2022-11-12 09:00:00,MLO,2.6
2022-11-12 10:00:00,MLO,3.2
2022-11-12 11:00:00,MLO,1.4
2022-11-12 12:00:00,MLO,1.9
2022-11-12 13:00:00,MLO,3.6
2022-11-12 14:00:00,MLO,3.0
2022-11-12 15:00:00,MLO,1.6
2022-11-12 16:00:00,MLO,2.5
2022-11-12 17:00:00,MLO,2.0
2022-11-12 18:00:00,MLO,0.8
2022-11-12 19:00:00,MLO,1.7
2022-11-12 20:00:00,MLO,2.0
2022-11-12 21:00:00,MLO,3.1
2022-11-12 22:00:00,MLO,3.6
2022-11-12 23:00:00,MLO,3.5
2022-11-13 00:00:00,MLO,3.2
2022-11-13 01:00:00,MLO,2.9
2022-11-13 02:00:00,MLO,1.9
2022-11-13 03:00:00,MLO,3.4
2022-11-13 04:00:00,MLO,3.8
2022-11-13 05:00:00,MLO,4.0
2022-11-13 06:00:00,MLO,4.2
2022-11-13 07:00:00,MLO,4.1
2022-11-13 08:00:00,MLO,3.6
2022-11-13 09:00:00,MLO,3.1
2022-11-13 10:00:00,MLO,3.8
2022-11-13 11:00:00,MLO,3.2
2022-11-13 12:00:00,MLO,1.9
2022-11-13 13:00:00,MLO,2.8
2022-11-13 14:00:00,MLO,2.0
2022-11-13 15:00:00,MLO,3.1
2022-11-13 16:00:00,MLO,3.1
2022-11-13 17:00:00,MLO,2.7
2022-11-13 18:00:00,MLO,2.3
2022-11-13 19:00:00,MLO,2.4
2022-11-13 20:00:00,MLO,2.8
2022-11-13 21:00:00,MLO,3.5
2022-11-13 22:00:00,MLO,2.9
2022-11-13 23:00:00,MLO,3.6
2022-11-14 00:00:00,MLO,3.3
2022-11-14 01:00:00,MLO,2.7
2022-11-14 02:00:00,MLO,1.3
2022-11-14 03:00:00,MLO,1.0
2022-11-14 04:00:00,MLO,2.2
2022-11-14 05:00:00,MLO,2.2
2022-11-14 06:00:00,MLO,1.8
2022-11-14 07:00:00,MLO,3.3
2022-11-14 08:00:00,MLO,2.6
2022-11-14 09:00:00,MLO,2.0
2022-11-14 10:00:00,MLO,3.4
2022-11-14 11:00:00,MLO,3.5
2022-11-14 12:00:00,MLO,3.4
2022-11-14 13:00:00,MLO,5.0
2022-11-14 14:00:00,MLO,5.0
2022-11-14 15:00:00,MLO,3.9
2022-11-14 16:00:00,MLO,4.3
2022-11-14 17:00:00,MLO,4.2
2022-11-14 18:00:00,MLO,3.2
2022-11-14 19:00:00,MLO,3.8
2022-11-14 20:00:00,MLO,3.3
2022-11-14 21:00:00,MLO,3.8
2022-11-14 22:00:00,MLO,3.6
2022-11-14 23:00:00,MLO,4.5
2022-11-15 00:00:00,MLO,3.5
2022-11-15 01:00:00,MLO,3.4
2022-11-15 02:00:00,MLO,3.0
2022-11-15 03:00:00,MLO,2.7
2022-11-15 04:00:00,MLO,2.3
2022-11-15 05:00:00,MLO,1.7
2022-11-15 06:00:00,MLO,1.2
2022-11-15 07:00:00,MLO,1.9
2022-11-15 08:00:00,MLO,3.3
2022-11-15 09:00:00,MLO,2.2
2022-11-15 10:00:00,MLO,2.8
2022-11-15 11:00:00,MLO,2.5
2022-11-15 12:00:00,MLO,2.4
2022-11-15 13:00:00,MLO,2.1
2022-11-15 14:00:00,MLO,1.8
2022-11-15 15:00:00,MLO,2.7
2022-11-15 16:00:00,MLO,3.4
2022-11-15 17:00:00,MLO,2.8
2022-11-15 18:00:00,MLO,1.0
2022-11-15 19:00:00,MLO,2.3
2022-11-15 20:00:00,MLO,2.9
2022-11-15 21:00:00,MLO,4.1
2022-11-15 22:00:00,MLO,4.9
2022-11-15 23:00:00,MLO,3.7
2022-11-16 00:00:00,MLO,3.4
2022-11-16 01:00:00,MLO,3.5
2022-11-16 02:00:00,MLO,2.6
2022-11-16 03:00:00,MLO,1.9
2022-11-16 04:00:00,MLO,1.5
2022-11-16 05:00:00,MLO,3.4
2022-11-16 06:00:00,MLO,2.9
2022-11-16 07:00:00,MLO,3.7
2022-11-16 08:00:00,MLO,3.9
2022-11-16 09:00:00,MLO,4.1
2022-11-16 10:00:00,MLO,4.3
2022-11-16 11:00:00,MLO,4.8
2022-11-16 12:00:00,MLO,4.4
2022-11-16 13:00:00,MLO,3.6
2022-11-16 14:00:00,MLO,3.4
2022-11-16 15:00:00,MLO,4.8
2022-11-16 16:00:00,MLO,5.6
2022-11-16 17:00:00,MLO,4.3
2022-11-16 18:00:00,MLO,0.4
2022-11-16 19:00:00,MLO,2.7
2022-11-16 20:00:00,MLO,3.1
2022-11-16 21:00:00,MLO,3.8
2022-11-16 22:00:00,MLO,3.8
2022-11-16 23:00:00,MLO,3.3
2022-11-17 00:00:00,MLO,3.0
2022-11-17 01:00:00,MLO,3.1
2022-11-17 02:00:00,MLO,1.3
2022-11-17 03:00:00,MLO,2.4
2022-11-17 04:00:00,MLO,2.1
2022-11-17 05:00:00,MLO,3.0
2022-11-17 06:00:00,MLO,2.7
2022-11-17 07:00:00,MLO,2.9
2022-11-17 08:00:00,MLO,3.7
2022-11-17 09:00:00,MLO,4.7
2022-11-17 10:00:00,MLO,5.1
2022-11-17 11:00:00,MLO,4.6
2022-11-17 12:00:00,MLO,5.8
2022-11-17 13:00:00,MLO,6.5
2022-11-17 14:00:00,MLO,7.3
2022-11-17 15:00:00,MLO,6.7
2022-11-17 16:00:00,MLO,7.6
2022-11-17 17:00:00,MLO,8.0
2022-11-17 18:00:00,MLO,4.5
2022-11-17 19:00:00,MLO,2.3
2022-11-17 20:00:00,MLO,3.4
2022-11-17 21:00:00,MLO,3.5
2022-11-17 22:00:00,MLO,5.6
2022-11-17 23:00:00,MLO,4.5
2022-11-18 00:00:00,MLO,4.3
2022-11-18 01:00:00,MLO,5.9
2022-11-18 02:00:00,MLO,2.0
2022-11-18 03:00:00,MLO,0.4
2022-11-18 04:00:00,MLO,2.1
2022-11-18 05:00:00,MLO,3.6
2022-11-18 06:00:00,MLO,3.0
2022-11-18 07:00:00,MLO,3.5
2022-11-18 08:00:00,MLO,3.3
2022-11-18 09:00:00,MLO,3.2
2022-11-18 10:00:00,MLO,3.1
2022-11-18 11:00:00,MLO,4.6
2022-11-18 12:00:00,MLO,3.8
2022-11-18 13:00:00,MLO,4.1
2022-11-18 14:00:00,MLO,4.5
2022-11-18 15:00:00,MLO,4.8
2022-11-18 16:00:00,MLO,2.7
2022-11-18 17:00:00,MLO,2.8
2022-11-18 18:00:00,MLO,0.7
2022-11-18 19:00:00,MLO,1.2
2022-11-18 20:00:00,MLO,3.0
2022-11-18 21:00:00,MLO,4.1
2022-11-18 22:00:00,MLO,3.7
2022-11-18 23:00:00,MLO,3.5
2022-11-19 00:00:00,MLO,3.1
2022-11-19 01:00:00,MLO,3.7
2022-11-19 02:00:00,MLO,1.1
2022-11-19 03:00:00,MLO,1.2
2022-11-19 04:00:00,MLO,3.1
2022-11-19 05:00:00,MLO,2.8
2022-11-19 06:00:00,MLO,2.3
2022-11-19 07:00:00,MLO,2.8
2022-11-19 08:00:00,MLO,1.7
2022-11-19 09:00:00,MLO,2.5
2022-11-19 10:00:00,MLO,2.3
2022-11-19 11:00:00,MLO,3.0
2022-11-19 12:00:00,MLO,2.1
2022-11-19 13:00:00,MLO,2.5
2022-11-19 14:00:00,MLO,2.9
2022-11-19 15:00:00,MLO,2.9
2022-11-19 16:00:00,MLO,2.8
2022-11-19 17:00:00,MLO,2.1
2022-11-19 18:00:00,MLO,0.2
2022-11-19 19:00:00,MLO,2.0
2022-11-19 20:00:00,MLO,1.8
2022-11-19 21:00:00,MLO,2.2
2022-11-19 22:00:00,MLO,4.3
2022-11-19 23:00:00,MLO,2.9
2022-11-20 00:00:00,MLO,3.5
2022-11-20 01:00:00,MLO,2.6
2022-11-20 02:00:00,MLO,2.5
2022-11-20 03:00:00,MLO,2.3
2022-11-20 04:00:00,MLO,4.0
2022-11-20 05:00:00,MLO,5.0
2022-11-20 06:00:00,MLO,4.9
2022-11-20 07:00:00,MLO,5.3
2022-11-20 08:00:00,MLO,5.6
2022-11-20 09:00:00,MLO,6.2
2022-11-20 10:00:00,MLO,5.8
2022-11-20 11:00:00,MLO,6.2
2022-11-20 12:00:00,MLO,6.0
2022-11-20 13:00:00,MLO,6.3
2022-11-20 14:00:00,MLO,6.2
2022-11-20 15:00:00,MLO,5.3
2022-11-20 16:00:00,MLO,5.2
2022-11-20 17:00:00,MLO,5.3
2022-11-20 18:00:00,MLO,5.3
2022-11-20 19:00:00,MLO,6.7
2022-11-20 20:00:00,MLO,6.3
2022-11-20 21:00:00,MLO,6.4
2022-11-20 22:00:00,MLO,6.7
2022-11-20 23:00:00,MLO,6.6
2022-11-21 00:00:00,MLO,6.5
2022-11-21 01:00:00,MLO,6.4
2022-11-21 02:00:00,MLO,6.0
2022-11-21 03:00:00,MLO,6.9
2022-11-21 04:00:00,MLO,7.2
2022-11-21 05:00:00,MLO,7.4
2022-11-21 06:00:00,MLO,7.0
2022-11-21 07:00:00,MLO,7.7
2022-11-21 08:00:00,MLO,8.1
2022-11-21 09:00:00,MLO,8.1
2022-11-21 10:00:00,MLO,7.8
2022-11-21 11:00:00,MLO,8.6
2022-11-21 12:00:00,MLO,8.6
2022-11-21 13:00:00,MLO,8.6
2022-11-21 14:00:00,MLO,8.8
2022-11-21 15:00:00,MLO,9.3
2022-11-21 16:00:00,MLO,9.7
2022-11-21 17:00:00,MLO,9.5
2022-11-21 18:00:00,MLO,9.9
2022-11-21 19:00:00,MLO,10.2
2022-11-21 20:00:00,MLO,10.4
2022-11-21 21:00:00,MLO,10.6
2022-11-21 22:00:00,MLO,10.5
2022-11-21 23:00:00,MLO,10.8
2022-11-22 00:00:00,MLO,11.2
2022-11-22 01:00:00,MLO,10.1
2022-11-22 02:00:00,MLO,10.2
2022-11-22 03:00:00,MLO,10.6
2022-11-22 04:00:00,MLO,10.1
2022-11-22 05:00:00,MLO,10.5
2022-11-22 06:00:00,MLO,11.0
2022-11-22 07:00:00,MLO,10.6
2022-11-22 08:00:00,MLO,10.7
2022-11-22 09:00:00,MLO,11.4
2022-11-22 10:00:00,MLO,11.2
2022-11-22 11:00:00,MLO,10.8
2022-11-22 12:00:00,MLO,9.7
2022-11-22 13:00:00,MLO,9.3
2022-11-22 14:00:00,MLO,8.3
2022-11-22 15:00:00,MLO,7.4
2022-11-22 16:00:00,MLO,7.0
2022-11-22 17:00:00,MLO,6.7
2022-11-22 18:00:00,MLO,6.9
2022-11-22 19:00:00,MLO,5.4
2022-11-22 20:00:00,MLO,5.0
2022-11-22 21:00:00,MLO,4.5
2022-11-22 22:00:00,MLO,3.9
2022-11-22 23:00:00,MLO,5.4
2022-11-23 00:00:00,MLO,4.0
2022-11-23 01:00:00,MLO,3.5
2022-11-23 02:00:00,MLO,3.2
2022-11-23 03:00:00,MLO,4.7
2022-11-23 04:00:00,MLO,5.1
2022-11-23 05:00:00,MLO,5.7
2022-11-23 06:00:00,MLO,5.2
2022-11-23 07:00:00,MLO,5.6
2022-11-23 08:00:00,MLO,6.3
2022-11-23 09:00:00,MLO,6.0
2022-11-23 10:00:00,MLO,6.3
2022-11-23 11:00:00,MLO,6.1
2022-11-23 12:00:00,MLO,6.0
2022-11-23 13:00:00,MLO,6.0
2022-11-23 14:00:00,MLO,6.6
2022-11-23 15:00:00,MLO,7.4
2022-11-23 16:00:00,MLO,7.3
2022-11-23 17:00:00,MLO,6.7
2022-11-23 18:00:00,MLO,6.5
2022-11-23 19:00:00,MLO,6.2
2022-11-23 20:00:00,MLO,6.0
2022-11-23 21:00:00,MLO,5.3
2022-11-23 22:00:00,MLO,5.2
2022-11-23 23:00:00,MLO,4.8
2022-11-24 00:00:00,MLO,4.3
2022-11-24 01:00:00,MLO,4.4
2022-11-24 02:00:00,MLO,4.0
2022-11-24 03:00:00,MLO,3.8
2022-11-24 04:00:00,MLO,4.0
2022-11-24 05:00:00,MLO,4.0
2022-11-24 06:00:00,MLO,4.7
2022-11-24 07:00:00,MLO,4.4
2022-11-24 08:00:00,MLO,4.3
2022-11-24 09:00:00,MLO,5.0
2022-11-24 10:00:00,MLO,4.0
2022-11-24 11:00:00,MLO,2.9
2022-11-24 12:00:00,MLO,3.9
2022-11-24 13:00:00,MLO,4.2
2022-11-24 14:00:00,MLO,4.2
2022-11-24 15:00:00,MLO,3.7
2022-11-24 16:00:00,MLO,4.5
2022-11-24 17:00:00,MLO,4.1
2022-11-24 18:00:00,MLO,3.8
2022-11-24 19:00:00,MLO,3.7
2022-11-24 20:00:00,MLO,3.9
2022-11-24 21:00:00,MLO,4.0
2022-11-24 22:00:00,MLO,3.3
2022-11-24 23:00:00,MLO,3.1
2022-11-25 00:00:00,MLO,3.2
2022-11-25 01:00:00,MLO,4.2
2022-11-25 02:00:00,MLO,2.3
2022-11-25 03:00:00,MLO,2.3
2022-11-25 04:00:00,MLO,2.4
2022-11-25 05:00:00,MLO,3.6
2022-11-25 06:00:00,MLO,4.2
2022-11-25 07:00:00,MLO,5.6
2022-11-25 08:00:00,MLO,5.5
2022-11-25 09:00:00,MLO,5.6
2022-11-25 10:00:00,MLO,2.5
2022-11-25 11:00:00,MLO,2.1
2022-11-25 12:00:00,MLO,2.0
2022-11-25 13:00:00,MLO,2.3
2022-11-25 14:00:00,MLO,3.6
2022-11-25 15:00:00,MLO,3.5
2022-11-25 16:00:00,MLO,3.4
2022-11-25 17:00:00,MLO,2.7
2022-11-25 18:00:00,MLO,1.8
2022-11-25 19:00:00,MLO,2.8
2022-11-25 20:00:00,MLO,3.7
2022-11-25 21:00:00,MLO,3.6
2022-11-25 22:00:00,MLO,3.1
2022-11-25 23:00:00,MLO,3.4
2022-11-26 00:00:00,MLO,3.1
2022-11-26 01:00:00,MLO,3.0
2022-11-26 02:00:00,MLO,2.6
2022-11-26 03:00:00,MLO,1.4
2022-11-26 04:00:00,MLO,2.1
2022-11-26 05:00:00,MLO,3.8
2022-11-26 06:00:00,MLO,2.5
2022-11-26 07:00:00,MLO,3.2
2022-11-26 08:00:00,MLO,3.9
2022-11-26 09:00:00,MLO,4.8
2022-11-26 10:00:00,MLO,5.5
2022-11-26 11:00:00,MLO,5.5
2022-11-26 12:00:00,MLO,5.6
2022-11-26 13:00:00,MLO,5.6
2022-11-26 14:00:00,MLO,5.2
2022-11-26 15:00:00,MLO,5.1
2022-11-26 16:00:00,MLO,5.1
2022-11-26 17:00:00,MLO,3.8
2022-11-26 18:00:00,MLO,2.0
2022-11-26 19:00:00,MLO,2.6
2022-11-26 20:00:00,MLO,2.5
2022-11-26 21:00:00,MLO,2.2
2022-11-26 22:00:00,MLO,2.8
2022-11-26 23:00:00,MLO,2.9
2022-11-27 00:00:00,MLO,1.9
2022-11-27 01:00:00,MLO,1.7
2022-11-27 02:00:00,MLO,1.5
2022-11-27 03:00:00,MLO,0.5
2022-11-27 04:00:00,MLO,0.9
2022-11-27 05:00:00,MLO,1.3
2022-11-27 06:00:00,MLO,3.4
2022-11-27 07:00:00,MLO,3.9
2022-11-27 08:00:00,MLO,0.9
2022-11-27 09:00:00,MLO,1.1
2022-11-27 10:00:00,MLO,1.1
2022-11-27 11:00:00,MLO,5.1
2022-11-27 12:00:00,MLO,6.3
2022-11-27 13:00:00,MLO,5.1
2022-11-27 14:00:00,MLO,2.2
2022-11-27 15:00:00,MLO,0.8
2022-11-27 16:00:00,MLO,1.4
2022-11-27 17:00:00,MLO,0.8
2022-11-27 18:00:00,MLO,0.6
2022-11-27 19:00:00,MLO,3.3
2022-11-27 20:00:00,MLO,1.8
2022-11-27 21:00:00,MLO,4.0
2022-11-27 22:00:00,MLO,1.6
2022-11-27 23:00:00,MLO,2.0
2022-11-28 00:00:00,MLO,2.0
2022-11-28 01:00:00,MLO,1.4
2022-11-28 02:00:00,MLO,7.4
2022-11-28 03:00:00,MLO,1.7
2022-11-28 04:00:00,MLO,2.1
2022-11-28 05:00:00,MLO,1.5
2022-11-28 06:00:00,MLO,0.5
2022-11-28 07:00:00,MLO,3.0
2022-11-28 08:00:00,MLO,6.0
2022-11-28 09:00:00,MLO,9.3
2022-11-28 10:00:00,MLO,8.3
2022-11-28 11:00:00,MLO,2.4
2022-11-28 12:00:00,MLO,3.3
2022-11-28 13:00:00,MLO,0.6
2022-11-28 14:00:00,MLO,1.1
2022-11-28 15:00:00,MLO,0.7
2022-11-28 16:00:00,MLO,0.5
2022-11-28 17:00:00,MLO,1.3
2022-11-28 18:00:00,MLO,0.5
2022-11-28 19:00:00,MLO,1.1
2022-11-28 20:00:00,MLO,0.1
2022-11-28 21:00:00,MLO,1.9
2022-11-28 22:00:00,MLO,1.6
2022-11-28 23:00:00,MLO,2.1
2022-11-29 00:00:00,MLO,1.8
2022-11-29 01:00:00,MLO,1.2
2022-11-29 02:00:00,MLO,2.1
2022-11-29 03:00:00,,2.099240506329114
2022-11-29 04:00:00,,2.098481012658228
2022-11-29 05:00:00,,2.097721518987342
2022-11-29 06:00:00,,2.0969620253164556
2022-11-29 07:00:00,,2.0962025316455697
2022-11-29 08:00:00,,2.095443037974684
2022-11-29 09:00:00,,2.0946835443037974
2022-11-29 10:00:00,,2.0939240506329115
2022-11-29 11:00:00,,2.093164556962025
2022-11-29 12:00:00,,2.0924050632911393
2022-11-29 13:00:00,,2.0916455696202534
2022-11-29 14:00:00,,2.090886075949367
2022-11-29 15:00:00,,2.090126582278481
2022-11-29 16:00:00,,2.0893670886075952
2022-11-29 17:00:00,,2.088607594936709
2022-11-29 18:00:00,,2.087848101265823
2022-11-29 19:00:00,,2.0870886075949366
2022-11-29 20:00:00,,2.0863291139240507
2022-11-29 21:00:00,,2.085569620253165
2022-11-29 22:00:00,,2.0848101265822785
2022-11-29 23:00:00,,2.0840506329113926
2022-11-30 00:00:00,,2.0832911392405062
2022-11-30 01:00:00,,2.0825316455696203
2022-11-30 02:00:00,,2.0817721518987344
2022-11-30 03:00:00,,2.081012658227848
2022-11-30 04:00:00,,2.080253164556962
2022-11-30 05:00:00,,2.079493670886076
2022-11-30 06:00:00,,2.07873417721519
2022-11-30 07:00:00,,2.077974683544304
2022-11-30 08:00:00,,2.0772151898734177
2022-11-30 09:00:00,,2.076455696202532
2022-11-30 10:00:00,,2.0756962025316454
2022-11-30 11:00:00,,2.0749367088607595
2022-11-30 12:00:00,,2.0741772151898736
2022-11-30 13:00:00,,2.0734177215189873
2022-11-30 14:00:00,,2.0726582278481014
2022-11-30 15:00:00,,2.0718987341772155
2022-11-30 16:00:00,,2.071139240506329
2022-11-30 17:00:00,,2.0703797468354432
2022-11-30 18:00:00,,2.069620253164557
2022-11-30 19:00:00,,2.068860759493671
2022-11-30 20:00:00,,2.068101265822785
2022-11-30 21:00:00,,2.0673417721518987
2022-11-30 22:00:00,,2.066582278481013
2022-11-30 23:00:00,,2.0658227848101265
2022-12-01 00:00:00,,2.0650632911392406
2022-12-01 01:00:00,,2.0643037974683547
2022-12-01 02:00:00,,2.0635443037974683
2022-12-01 03:00:00,,2.0627848101265824
2022-12-01 04:00:00,,2.062025316455696
2022-12-01 05:00:00,,2.06126582278481
2022-12-01 06:00:00,,2.0605063291139243
2022-12-01 07:00:00,,2.059746835443038
2022-12-01 08:00:00,,2.058987341772152
2022-12-01 09:00:00,,2.0582278481012657
2022-12-01 10:00:00,,2.05746835443038
2022-12-01 11:00:00,,2.056708860759494
2022-12-01 12:00:00,,2.0559493670886075
2022-12-01 13:00:00,,2.0551898734177216
2022-12-01 14:00:00,,2.0544303797468357
2022-12-01 15:00:00,,2.0536708860759494
2022-12-01 16:00:00,,2.0529113924050635
2022-12-01 17:00:00,,2.052151898734177
2022-12-01 18:00:00,,2.0513924050632912
2022-12-01 19:00:00,,2.0506329113924053
2022-12-01 20:00:00,,2.049873417721519
2022-12-01 21:00:00,,2.049113924050633
2022-12-01 22:00:00,,2.0483544303797467
2022-12-01 23:00:00,,2.047594936708861
2022-12-02 00:00:00,,2.046835443037975
2022-12-02 01:00:00,,2.0460759493670886
2022-12-02 02:00:00,,2.0453164556962027
2022-12-02 03:00:00,,2.0445569620253163
2022-12-02 04:00:00,,2.0437974683544304
2022-12-02 05:00:00,,2.0430379746835445
2022-12-02 06:00:00,,2.042278481012658
2022-12-02 07:00:00,,2.0415189873417723
2022-12-02 08:00:00,,2.040759493670886
2022-12-02 09:00:00,,2.04
2022-12-02 10:00:00,,2.039240506329114
2022-12-02 11:00:00,,2.038481012658228
2022-12-02 12:00:00,,2.037721518987342
2022-12-02 13:00:00,,2.036962025316456
2022-12-02 14:00:00,,2.0362025316455696
2022-12-02 15:00:00,,2.0354430379746837
2022-12-02 16:00:00,,2.0346835443037974
2022-12-02 17:00:00,,2.0339240506329115
2022-12-02 18:00:00,,2.0331645569620256
2022-12-02 19:00:00,,2.0324050632911392
2022-12-02 20:00:00,,2.0316455696202533
2022-12-02 21:00:00,,2.030886075949367
2022-12-02 22:00:00,,2.030126582278481
2022-12-02 23:00:00,,2.029367088607595
2022-12-03 00:00:00,,2.028607594936709
2022-12-03 01:00:00,,2.027848101265823
2022-12-03 02:00:00,,2.0270886075949366
2022-12-03 03:00:00,,2.0263291139240507
2022-12-03 04:00:00,,2.025569620253165
2022-12-03 05:00:00,,2.0248101265822784
2022-12-03 06:00:00,,2.0240506329113925
2022-12-03 07:00:00,,2.0232911392405066
2022-12-03 08:00:00,,2.0225316455696203
2022-12-03 09:00:00,,2.0217721518987344
2022-12-03 10:00:00,,2.021012658227848
2022-12-03 11:00:00,,2.020253164556962
2022-12-03 12:00:00,,2.0194936708860762
2022-12-03 13:00:00,,2.01873417721519
2022-12-03 14:00:00,,2.017974683544304
2022-12-03 15:00:00,,2.0172151898734176
2022-12-03 16:00:00,,2.0164556962025317
2022-12-03 17:00:00,,2.015696202531646
2022-12-03 18:00:00,,2.0149367088607595
2022-12-03 19:00:00,,2.0141772151898736
2022-12-03 20:00:00,,2.0134177215189872
2022-12-03 21:00:00,,2.0126582278481013
2022-12-03 22:00:00,,2.0118987341772154
2022-12-03 23:00:00,,2.011139240506329
2022-12-04 00:00:00,,2.010379746835443
2022-12-04 01:00:00,,2.009620253164557
2022-12-04 02:00:00,,2.008860759493671
2022-12-04 03:00:00,,2.008101265822785
2022-12-04 04:00:00,,2.0073417721518987
2022-12-04 05:00:00,,2.006582278481013
2022-12-04 06:00:00,,2.0058227848101264
2022-12-04 07:00:00,,2.0050632911392405
2022-12-04 08:00:00,,2.0043037974683546
2022-12-04 09:00:00,,2.0035443037974683
2022-12-04 10:00:00,,2.0027848101265824
2022-12-04 11:00:00,,2.0020253164556965
2022-12-04 12:00:00,,2.00126582278481
2022-12-04 13:00:00,,2.0005063291139242
2022-12-04 14:00:00,,1.999746835443038
2022-12-04 15:00:00,,1.998987341772152
2022-12-04 16:00:00,,1.9982278481012659
2022-12-04 17:00:00,,1.9974683544303797
2022-12-04 18:00:00,,1.9967088607594938
2022-12-04 19:00:00,,1.9959493670886077
2022-12-04 20:00:00,,1.9951898734177216
2022-12-04 21:00:00,,1.9944303797468355
2022-12-04 22:00:00,,1.9936708860759493
2022-12-04 23:00:00,,1.9929113924050634
2022-12-05 00:00:00,,1.9921518987341773
2022-12-05 01:00:00,,1.9913924050632912
2022-12-05 02:00:00,,1.990632911392405
2022-12-05 03:00:00,,1.9898734177215192
2022-12-05 04:00:00,,1.989113924050633
2022-12-05 05:00:00,,1.988354430379747
2022-12-05 06:00:00,,1.9875949367088608
2022-12-05 07:00:00,,1.9868354430379747
2022-12-05 08:00:00,,1.9860759493670888
2022-12-05 09:00:00,,1.9853164556962026
2022-12-05 10:00:00,,1.9845569620253165
2022-12-05 11:00:00,,1.9837974683544304
2022-12-05 12:00:00,,1.9830379746835445
2022-12-05 13:00:00,,1.9822784810126584
2022-12-05 14:00:00,,1.9815189873417722
2022-12-05 15:00:00,,1.980759493670886
2022-12-05 16:00:00,,1.98
2022-12-05 17:00:00,,1.979240506329114
2022-12-05 18:00:00,,1.978481012658228
2022-12-05 19:00:00,,1.9777215189873418
2022-12-05 20:00:00,,1.9769620253164557
2022-12-05 21:00:00,,1.9762025316455696
2022-12-05 22:00:00,,1.9754430379746837
2022-12-05 23:00:00,,1.9746835443037976
2022-12-06 00:00:00,,1.9739240506329114
2022-12-06 01:00:00,,1.9731645569620253
2022-12-06 02:00:00,,1.9724050632911394
2022-12-06 03:00:00,,1.9716455696202533
2022-12-06 04:00:00,,1.9708860759493672
2022-12-06 05:00:00,,1.970126582278481
2022-12-06 06:00:00,,1.9693670886075951
2022-12-06 07:00:00,,1.968607594936709
2022-12-06 08:00:00,,1.9678481012658229
2022-12-06 09:00:00,,1.9670886075949368
2022-12-06 10:00:00,,1.9663291139240506
2022-12-06 11:00:00,,1.9655696202531647
2022-12-06 12:00:00,,1.9648101265822786
2022-12-06 13:00:00,,1.9640506329113925
2022-12-06 14:00:00,,1.9632911392405064
2022-12-06 15:00:00,,1.9625316455696202
2022-12-06 16:00:00,,1.9617721518987343
2022-12-06 17:00:00,,1.9610126582278482
2022-12-06 18:00:00,,1.960253164556962
2022-12-06 19:00:00,,1.959493670886076
2022-12-06 20:00:00,,1.9587341772151898
2022-12-06 21:00:00,,1.957974683544304
2022-12-06 22:00:00,,1.9572151898734178
2022-12-06 23:00:00,,1.9564556962025317
2022-12-07 00:00:00,,1.9556962025316456
2022-12-07 01:00:00,,1.9549367088607597
2022-12-07 02:00:00,,1.9541772151898735
2022-12-07 03:00:00,,1.9534177215189874
2022-12-07 04:00:00,,1.9526582278481013
2022-12-07 05:00:00,,1.9518987341772154
2022-12-07 06:00:00,,1.9511392405063293
2022-12-07 07:00:00,,1.9503797468354431
2022-12-07 08:00:00,,1.949620253164557
2022-12-07 09:00:00,,1.9488607594936709
2022-12-07 10:00:00,,1.948101265822785
2022-12-07 11:00:00,,1.9473417721518989
2022-12-07 12:00:00,,1.9465822784810127
2022-12-07 13:00:00,,1.9458227848101266
2022-12-07 14:00:00,,1.9450632911392405
2022-12-07 15:00:00,,1.9443037974683546
2022-12-07 16:00:00,,1.9435443037974685
2022-12-07 17:00:00,,1.9427848101265823
2022-12-07 18:00:00,,1.9420253164556962
2022-12-07 19:00:00,,1.94126582278481
2022-12-07 20:00:00,,1.9405063291139242
2022-12-07 21:00:00,,1.939746835443038
2022-12-07 22:00:00,,1.938987341772152
2022-12-07 23:00:00,,1.9382278481012658
2022-12-08 00:00:00,,1.93746835443038
2022-12-08 01:00:00,,1.9367088607594938
2022-12-08 02:00:00,,1.9359493670886077
2022-12-08 03:00:00,,1.9351898734177215
2022-12-08 04:00:00,,1.9344303797468356
2022-12-08 05:00:00,,1.9336708860759495
2022-12-08 06:00:00,,1.9329113924050634
2022-12-08 07:00:00,,1.9321518987341773
2022-12-08 08:00:00,,1.9313924050632911
2022-12-08 09:00:00,,1.9306329113924052
2022-12-08 10:00:00,,1.929873417721519
2022-12-08 11:00:00,,1.929113924050633
2022-12-08 12:00:00,,1.9283544303797469
2022-12-08 13:00:00,,1.9275949367088607
2022-12-08 14:00:00,,1.9268354430379748
2022-12-08 15:00:00,,1.9260759493670887
2022-12-08 16:00:00,,1.9253164556962026
2022-12-08 17:00:00,,1.9245569620253165
2022-12-08 18:00:00,,1.9237974683544303
2022-12-08 19:00:00,,1.9230379746835444
2022-12-08 20:00:00,,1.9222784810126583
2022-12-08 21:00:00,,1.9215189873417722
2022-12-08 22:00:00,,1.920759493670886
2022-12-08 23:00:00,,1.9200000000000002
2022-12-09 00:00:00,,1.919240506329114
2022-12-09 01:00:00,,1.918481012658228
2022-12-09 02:00:00,,1.9177215189873418
2022-12-09 03:00:00,,1.9169620253164559
2022-12-09 04:00:00,,1.9162025316455698
2022-12-09 05:00:00,,1.9154430379746836
2022-12-09 06:00:00,,1.9146835443037975
2022-12-09 07:00:00,,1.9139240506329114
2022-12-09 08:00:00,,1.9131645569620255
2022-12-09 09:00:00,,1.9124050632911394
2022-12-09 10:00:00,,1.9116455696202532
2022-12-09 11:00:00,,1.910886075949367
2022-12-09 12:00:00,,1.910126582278481
2022-12-09 13:00:00,,1.909367088607595
2022-12-09 14:00:00,,1.908607594936709
2022-12-09 15:00:00,,1.9078481012658228
2022-12-09 16:00:00,,1.9070886075949367
2022-12-09 17:00:00,,1.9063291139240506
2022-12-09 18:00:00,,1.9055696202531647
2022-12-09 19:00:00,,1.9048101265822786
2022-12-09 20:00:00,,1.9040506329113924
2022-12-09 21:00:00,,1.9032911392405063
2022-12-09 22:00:00,,1.9025316455696204
2022-12-09 23:00:00,,1.9017721518987343
2022-12-10 00:00:00,,1.9010126582278482
2022-12-10 01:00:00,,1.900253164556962
2022-12-10 02:00:00,,1.8994936708860761
2022-12-10 03:00:00,,1.89873417721519
2022-12-10 04:00:00,,1.8979746835443039
2022-12-10 05:00:00,,1.8972151898734178
2022-12-10 06:00:00,,1.8964556962025316
2022-12-10 07:00:00,,1.8956962025316457
2022-12-10 08:00:00,,1.8949367088607596
2022-12-10 09:00:00,,1.8941772151898735
2022-12-10 10:00:00,,1.8934177215189874
2022-12-10 11:00:00,,1.8926582278481012
2022-12-10 12:00:00,,1.8918987341772153
2022-12-10 13:00:00,,1.8911392405063292
2022-12-10 14:00:00,,1.890379746835443
2022-12-10 15:00:00,,1.889620253164557
2022-12-10 16:00:00,,1.8888607594936708
2022-12-10 17:00:00,,1.888101265822785
2022-12-10 18:00:00,,1.8873417721518988
2022-12-10 19:00:00,,1.8865822784810127
2022-12-10 20:00:00,,1.8858227848101266
2022-12-10 21:00:00,,1.8850632911392406
2022-12-10 22:00:00,,1.8843037974683545
2022-12-10 23:00:00,,1.8835443037974684
2022-12-11 00:00:00,,1.8827848101265823
2022-12-11 01:00:00,,1.8820253164556964
2022-12-11 02:00:00,,1.8812658227848102
2022-12-11 03:00:00,,1.8805063291139241
2022-12-11 04:00:00,,1.879746835443038
2022-12-11 05:00:00,,1.8789873417721519
2022-12-11 06:00:00,,1.878227848101266
2022-12-11 07:00:00,,1.8774683544303798
2022-12-11 08:00:00,,1.8767088607594937
2022-12-11 09:00:00,,1.8759493670886076
2022-12-11 10:00:00,,1.8751898734177215
2022-12-11 11:00:00,,1.8744303797468356
2022-12-11 12:00:00,,1.8736708860759494
2022-12-11 13:00:00,,1.8729113924050633
2022-12-11 14:00:00,,1.8721518987341772
2022-12-11 15:00:00,,1.871392405063291
2022-12-11 16:00:00,,1.8706329113924052
2022-12-11 17:00:00,,1.869873417721519
2022-12-11 18:00:00,,1.869113924050633
2022-12-11 19:00:00,,1.8683544303797468
2022-12-11 20:00:00,,1.867594936708861
2022-12-11 21:00:00,,1.8668354430379748
2022-12-11 22:00:00,,1.8660759493670886
2022-12-11 23:00:00,,1.8653164556962025
2022-12-12 00:00:00,,1.8645569620253166
2022-12-12 01:00:00,,1.8637974683544305
2022-12-12 02:00:00,,1.8630379746835444
2022-12-12 03:00:00,,1.8622784810126582
2022-12-12 04:00:00,,1.8615189873417721
2022-12-12 05:00:00,,1.8607594936708862
2022-12-12 06:00:00,,1.86
2022-12-12 07:00:00,,1.859240506329114
2022-12-12 08:00:00,,1.8584810126582278
2022-12-12 09:00:00,,1.8577215189873417
2022-12-12 10:00:00,,1.8569620253164558
2022-12-12 11:00:00,,1.8562025316455697
2022-12-12 12:00:00,,1.8554430379746836
2022-12-12 13:00:00,,1.8546835443037974
2022-12-12 14:00:00,,1.8539240506329113
2022-12-12 15:00:00,,1.8531645569620254
2022-12-12 16:00:00,,1.8524050632911393
2022-12-12 17:00:00,,1.8516455696202532
2022-12-12 18:00:00,,1.850886075949367
2022-12-12 19:00:00,,1.8501265822784811
2022-12-12 20:00:00,,1.849367088607595
2022-12-12 21:00:00,,1.848607594936709
2022-12-12 22:00:00,,1.8478481012658228
2022-12-12 23:00:00,,1.8470886075949369
2022-12-13 00:00:00,,1.8463291139240507
2022-12-13 01:00:00,,1.8455696202531646
2022-12-13 02:00:00,,1.8448101265822785
2022-12-13 03:00:00,,1.8440506329113924
2022-12-13 04:00:00,,1.8432911392405065
2022-12-13 05:00:00,,1.8425316455696203
2022-12-13 06:00:00,,1.8417721518987342
2022-12-13 07:00:00,,1.841012658227848
2022-12-13 08:00:00,,1.840253164556962
2022-12-13 09:00:00,,1.839493670886076
2022-12-13 10:00:00,,1.83873417721519
2022-12-13 11:00:00,,1.8379746835443038
2022-12-13 12:00:00,,1.8372151898734177
2022-12-13 13:00:00,,1.8364556962025316
2022-12-13 14:00:00,,1.8356962025316457
2022-12-13 15:00:00,,1.8349367088607595
2022-12-13 16:00:00,,1.8341772151898734
2022-12-13 17:00:00,,1.8334177215189875
2022-12-13 18:00:00,,1.8326582278481014
2022-12-13 19:00:00,,1.8318987341772153
2022-12-13 20:00:00,,1.8311392405063291
2022-12-13 21:00:00,,1.830379746835443
2022-12-13 22:00:00,,1.8296202531645571
2022-12-13 23:00:00,,1.828860759493671
2022-12-14 00:00:00,,1.8281012658227849
2022-12-14 01:00:00,,1.8273417721518987
2022-12-14 02:00:00,,1.8265822784810126
2022-12-14 03:00:00,,1.8258227848101267
2022-12-14 04:00:00,,1.8250632911392406
2022-12-14 05:00:00,,1.8243037974683545
2022-12-14 06:00:00,,1.8235443037974683
2022-12-14 07:00:00,,1.8227848101265822
2022-12-14 08:00:00,,1.8220253164556963
2022-12-14 09:00:00,,1.8212658227848102
2022-12-14 10:00:00,,1.820506329113924
2022-12-14 11:00:00,,1.819746835443038
2022-12-14 12:00:00,,1.8189873417721518
2022-12-14 13:00:00,,1.818227848101266
2022-12-14 14:00:00,,1.8174683544303798
2022-12-14 15:00:00,,1.8167088607594937
2022-12-14 16:00:00,,1.8159493670886078
2022-12-14 17:00:00,,1.8151898734177216
2022-12-14 18:00:00,,1.8144303797468355
2022-12-14 19:00:00,,1.8136708860759494
2022-12-14 20:00:00,,1.8129113924050633
2022-12-14 21:00:00,,1.8121518987341774
2022-12-14 22:00:00,,1.8113924050632912
2022-12-14 23:00:00,,1.8106329113924051
2022-12-15 00:00:00,,1.809873417721519
2022-12-15 01:00:00,,1.8091139240506329
2022-12-15 02:00:00,,1.808354430379747
2022-12-15 03:00:00,,1.8075949367088608
2022-12-15 04:00:00,,1.8068354430379747
2022-12-15 05:00:00,,1.8060759493670886
2022-12-15 06:00:00,,1.8053164556962025
2022-12-15 07:00:00,,1.8045569620253166
2022-12-15 08:00:00,,1.8037974683544304
2022-12-15 09:00:00,,1.8030379746835443
2022-12-15 10:00:00,,1.8022784810126582
2022-12-15 11:00:00,,1.801518987341772
2022-12-15 12:00:00,,1.8007594936708862
2022-12-15 13:00:00,,1.8
2022-12-15 14:00:00,,1.799240506329114
2022-12-15 15:00:00,,1.798481012658228
2022-12-15 16:00:00,,1.797721518987342
2022-12-15 17:00:00,,1.7969620253164558
2022-12-15 18:00:00,,1.7962025316455696
2022-12-15 19:00:00,,1.7954430379746835
2022-12-15 20:00:00,,1.7946835443037976
2022-12-15 21:00:00,,1.7939240506329115
2022-12-15 22:00:00,,1.7931645569620254
2022-12-15 23:00:00,,1.7924050632911392
2022-12-16 00:00:00,,1.7916455696202531
2022-12-16 01:00:00,,1.7908860759493672
2022-12-16 02:00:00,,1.790126582278481
2022-12-16 03:00:00,,1.789367088607595
2022-12-16 04:00:00,,1.7886075949367088
2022-12-16 05:00:00,,1.7878481012658227
2022-12-16 06:00:00,,1.7870886075949368
2022-12-16 07:00:00,,1.7863291139240507
2022-12-16 08:00:00,,1.7855696202531646
2022-12-16 09:00:00,,1.7848101265822787
2022-12-16 10:00:00,,1.7840506329113923
2022-12-16 11:00:00,,1.7832911392405064
2022-12-16 12:00:00,,1.7825316455696203
2022-12-16 13:00:00,,1.7817721518987342
2022-12-16 14:00:00,,1.7810126582278483
2022-12-16 15:00:00,,1.7802531645569621
2022-12-16 16:00:00,,1.779493670886076
2022-12-16 17:00:00,,1.77873417721519
2022-12-16 18:00:00,,1.7779746835443038
2022-12-16 19:00:00,,1.7772151898734179
2022-12-16 20:00:00,,1.7764556962025317
2022-12-16 21:00:00,,1.7756962025316456
2022-12-16 22:00:00,,1.7749367088607595
2022-12-16 23:00:00,,1.7741772151898734
2022-12-17 00:00:00,,1.7734177215189875
2022-12-17 01:00:00,,1.7726582278481013
2022-12-17 02:00:00,,1.7718987341772152
2022-12-17 03:00:00,,1.771139240506329
2022-12-17 04:00:00,,1.770379746835443
2022-12-17 05:00:00,,1.769620253164557
2022-12-17 06:00:00,,1.768860759493671
2022-12-17 07:00:00,,1.7681012658227848
2022-12-17 08:00:00,,1.767341772151899
2022-12-17 09:00:00,,1.7665822784810126
2022-12-17 10:00:00,,1.7658227848101267
2022-12-17 11:00:00,,1.7650632911392405
2022-12-17 12:00:00,,1.7643037974683544
2022-12-17 13:00:00,,1.7635443037974685
2022-12-17 14:00:00,,1.7627848101265824
2022-12-17 15:00:00,,1.7620253164556963
2022-12-17 16:00:00,,1.7612658227848101
2022-12-17 17:00:00,,1.760506329113924
2022-12-17 18:00:00,,1.7597468354430381
2022-12-17 19:00:00,,1.758987341772152
2022-12-17 20:00:00,,1.7582278481012659
2022-12-17 21:00:00,,1.7574683544303797
2022-12-17 22:00:00,,1.7567088607594936
2022-12-17 23:00:00,,1.7559493670886077
2022-12-18 00:00:00,,1.7551898734177216
2022-12-18 01:00:00,,1.7544303797468355
2022-12-18 02:00:00,,1.7536708860759493
2022-12-18 03:00:00,,1.7529113924050632
2022-12-18 04:00:00,,1.7521518987341773
2022-12-18 05:00:00,,1.7513924050632912
2022-12-18 06:00:00,,1.750632911392405
2022-12-18 07:00:00,,1.7498734177215192
2022-12-18 08:00:00,,1.7491139240506328
2022-12-18 09:00:00,,1.748354430379747
2022-12-18 10:00:00,,1.7475949367088608
2022-12-18 11:00:00,,1.7468354430379747
2022-12-18 12:00:00,,1.7460759493670888
2022-12-18 13:00:00,,1.7453164556962026
2022-12-18 14:00:00,,1.7445569620253165
2022-12-18 15:00:00,,1.7437974683544304
2022-12-18 16:00:00,,1.7430379746835443
2022-12-18 17:00:00,,1.7422784810126584
2022-12-18 18:00:00,,1.7415189873417722
2022-12-18 19:00:00,,1.7407594936708861
2022-12-18 20:00:00,,1.74
2022-12-18 21:00:00,,1.7392405063291139
2022-12-18 22:00:00,,1.738481012658228
2022-12-18 23:00:00,,1.7377215189873418
2022-12-19 00:00:00,,1.7369620253164557
2022-12-19 01:00:00,,1.7362025316455696
2022-12-19 02:00:00,,1.7354430379746835
2022-12-19 03:00:00,,1.7346835443037976
2022-12-19 04:00:00,,1.7339240506329114
2022-12-19 05:00:00,,1.7331645569620253
2022-12-19 06:00:00,,1.7324050632911394
2022-12-19 07:00:00,,1.731645569620253
2022-12-19 08:00:00,,1.7308860759493672
2022-12-19 09:00:00,,1.730126582278481
2022-12-19 10:00:00,,1.729367088607595
2022-12-19 11:00:00,,1.728607594936709
2022-12-19 12:00:00,,1.7278481012658229
2022-12-19 13:00:00,,1.7270886075949368
2022-12-19 14:00:00,,1.7263291139240506
2022-12-19 15:00:00,,1.7255696202531645
2022-12-19 16:00:00,,1.7248101265822786
2022-12-19 17:00:00,,1.7240506329113925
2022-12-19 18:00:00,,1.7232911392405064
2022-12-19 19:00:00,,1.7225316455696202
2022-12-19 20:00:00,,1.7217721518987341
2022-12-19 21:00:00,,1.7210126582278482
2022-12-19 22:00:00,,1.720253164556962
2022-12-19 23:00:00,,1.719493670886076
2022-12-20 00:00:00,,1.7187341772151898
2022-12-20 01:00:00,,1.7179746835443037
2022-12-20 02:00:00,,1.7172151898734178
2022-12-20 03:00:00,,1.7164556962025317
2022-12-20 04:00:00,,1.7156962025316456
2022-12-20 05:00:00,,1.7149367088607597
2022-12-20 06:00:00,,1.7141772151898735
2022-12-20 07:00:00,,1.7134177215189874
2022-12-20 08:00:00,,1.7126582278481013
2022-12-20 09:00:00,,1.7118987341772152
2022-12-20 10:00:00,,1.7111392405063293
2022-12-20 11:00:00,,1.7103797468354431
2022-12-20 12:00:00,,1.709620253164557
2022-12-20 13:00:00,,1.7088607594936709
2022-12-20 14:00:00,,1.7081012658227848
2022-12-20 15:00:00,,1.7073417721518989
2022-12-20 16:00:00,,1.7065822784810127
2022-12-20 17:00:00,,1.7058227848101266
2022-12-20 18:00:00,,1.7050632911392405
2022-12-20 19:00:00,,1.7043037974683544
2022-12-20 20:00:00,,1.7035443037974685
2022-12-20 21:00:00,,1.7027848101265823
2022-12-20 22:00:00,,1.7020253164556962
2022-12-20 23:00:00,,1.70126582278481
2022-12-21 00:00:00,,1.700506329113924
2022-12-21 01:00:00,,1.699746835443038
2022-12-21 02:00:00,,1.698987341772152
2022-12-21 03:00:00,,1.6982278481012658
2022-12-21 04:00:00,,1.69746835443038
2022-12-21 05:00:00,MLO,1.6967088607594938
2022-12-21 06:00:00,MLO,1.6959493670886077
2022-12-21 07:00:00,MLO,1.6951898734177215
2022-12-21 08:00:00,MLO,1.6944303797468354
2022-12-21 09:00:00,MLO,1.6936708860759495
2022-12-21 10:00:00,MLO,1.6929113924050634
2022-12-21 11:00:00,MLO,1.6921518987341773
2022-12-21 12:00:00,MLO,1.6913924050632911
2022-12-21 13:00:00,MLO,1.690632911392405
2022-12-21 14:00:00,MLO,1.689873417721519
2022-12-21 15:00:00,MLO,1.689113924050633
2022-12-21 16:00:00,MLO,1.6883544303797469
2022-12-21 17:00:00,MLO,1.6875949367088607
2022-12-21 18:00:00,MLO,1.6868354430379746
2022-12-21 19:00:00,MLO,1.6860759493670887
2022-12-21 20:00:00,MLO,1.6853164556962026
2022-12-21 21:00:00,MLO,1.6845569620253165
2022-12-21 22:00:00,MLO,1.6837974683544303
2022-12-21 23:00:00,MLO,1.6830379746835442
2022-12-22 00:00:00,MLO,1.6822784810126583
2022-12-22 01:00:00,MLO,1.6815189873417722
2022-12-22 02:00:00,MLO,1.680759493670886
2022-12-22 03:00:00,MLO,1.6800000000000002
2022-12-22 04:00:00,MLO,1.679240506329114
2022-12-22 05:00:00,MLO,1.678481012658228
2022-12-22 06:00:00,MLO,1.6777215189873418
2022-12-22 07:00:00,MLO,1.6769620253164557
2022-12-22 08:00:00,MLO,1.6762025316455698
2022-12-22 09:00:00,MLO,1.6754430379746836
2022-12-22 10:00:00,MLO,1.6746835443037975
2022-12-22 11:00:00,MLO,1.6739240506329114
2022-12-22 12:00:00,MLO,1.6731645569620253
2022-12-22 13:00:00,MLO,1.6724050632911394
2022-12-22 14:00:00,MLO,1.6716455696202532
2022-12-22 15:00:00,MLO,1.6708860759493671
2022-12-22 16:00:00,MLO,1.670126582278481
2022-12-22 17:00:00,MLO,1.6693670886075949
2022-12-22 18:00:00,MLO,1.668607594936709
2022-12-22 19:00:00,MLO,1.6678481012658228
2022-12-22 20:00:00,MLO,1.6670886075949367
2022-12-22 21:00:00,MLO,1.6663291139240506
2022-12-22 22:00:00,MLO,1.6655696202531645
2022-12-22 23:00:00,MLO,1.6648101265822786
2022-12-23 00:00:00,MLO,1.6640506329113924
2022-12-23 01:00:00,MLO,1.6632911392405063
2022-12-23 02:00:00,MLO,1.6625316455696204
2022-12-23 03:00:00,MLO,1.6617721518987343
2022-12-23 04:00:00,MLO,1.6610126582278482
2022-12-23 05:00:00,MLO,1.660253164556962
2022-12-23 06:00:00,MLO,1.659493670886076
2022-12-23 07:00:00,MLO,1.65873417721519
2022-12-23 08:00:00,MLO,1.6579746835443039
2022-12-23 09:00:00,MLO,1.6572151898734178
2022-12-23 10:00:00,MLO,1.6564556962025316
2022-12-23 11:00:00,MLO,1.6556962025316455
2022-12-23 12:00:00,MLO,1.6549367088607596
2022-12-23 13:00:00,MLO,1.6541772151898735
2022-12-23 14:00:00,MLO,1.6534177215189874
2022-12-23 15:00:00,MLO,1.6526582278481012
2022-12-23 16:00:00,MLO,1.6518987341772151
2022-12-23 17:00:00,MLO,1.6511392405063292
2022-12-23 18:00:00,MLO,1.650379746835443
2022-12-23 19:00:00,MLO,1.649620253164557
2022-12-23 20:00:00,MLO,1.6488607594936708
2022-12-23 21:00:00,MLO,1.6481012658227847
2022-12-23 22:00:00,MLO,1.6473417721518988
2022-12-23 23:00:00,MLO,1.6465822784810127
2022-12-24 00:00:00,MLO,1.6458227848101266
2022-12-24 01:00:00,MLO,1.6450632911392407
2022-12-24 02:00:00,MLO,1.6443037974683545
2022-12-24 03:00:00,MLO,1.6435443037974684
2022-12-24 04:00:00,MLO,1.6427848101265823
2022-12-24 05:00:00,MLO,1.6420253164556962
2022-12-24 06:00:00,MLO,1.6412658227848103
2022-12-24 07:00:00,MLO,1.6405063291139241
2022-12-24 08:00:00,MLO,1.639746835443038
2022-12-24 09:00:00,MLO,1.6389873417721519
2022-12-24 10:00:00,MLO,1.6382278481012658
2022-12-24 11:00:00,MLO,1.6374683544303799
2022-12-24 12:00:00,MLO,1.6367088607594937
2022-12-24 13:00:00,MLO,1.6359493670886076
2022-12-24 14:00:00,MLO,1.6351898734177215
2022-12-24 15:00:00,MLO,1.6344303797468354
2022-12-24 16:00:00,MLO,1.6336708860759495
2022-12-24 17:00:00,MLO,1.6329113924050633
2022-12-24 18:00:00,MLO,1.6321518987341772
2022-12-24 19:00:00,MLO,1.631392405063291
2022-12-24 20:00:00,MLO,1.630632911392405
2022-12-24 21:00:00,MLO,1.629873417721519
2022-12-24 22:00:00,MLO,1.629113924050633
2022-12-24 23:00:00,MLO,1.6283544303797468
2022-12-25 00:00:00,MLO,1.627594936708861
2022-12-25 01:00:00,MLO,1.6268354430379748
2022-12-25 02:00:00,MLO,1.6260759493670887
2022-12-25 03:00:00,MLO,1.6253164556962025
2022-12-25 04:00:00,MLO,1.6245569620253164
2022-12-25 05:00:00,MLO,1.6237974683544305
2022-12-25 06:00:00,MLO,1.6230379746835444
2022-12-25 07:00:00,MLO,1.6222784810126583
2022-12-25 08:00:00,MLO,1.6215189873417721
2022-12-25 09:00:00,MLO,1.620759493670886
2022-12-25 10:00:00,MLO,1.62
2022-12-25 11:00:00,MLO,1.619240506329114
2022-12-25 12:00:00,MLO,1.6184810126582279
2022-12-25 13:00:00,MLO,1.6177215189873417
2022-12-25 14:00:00,MLO,1.6169620253164556
2022-12-25 15:00:00,MLO,1.6162025316455697
2022-12-25 16:00:00,MLO,1.6154430379746836
2022-12-25 17:00:00,MLO,1.6146835443037975
2022-12-25 18:00:00,MLO,1.6139240506329116
2022-12-25 19:00:00,MLO,1.6131645569620252
2022-12-25 20:00:00,MLO,1.6124050632911393
2022-12-25 21:00:00,MLO,1.6116455696202532
2022-12-25 22:00:00,MLO,1.610886075949367
2022-12-25 23:00:00,MLO,1.6101265822784812
2022-12-26 00:00:00,MLO,1.609367088607595
2022-12-26 01:00:00,MLO,1.608607594936709
2022-12-26 02:00:00,MLO,1.6078481012658228
2022-12-26 03:00:00,MLO,1.6070886075949367
2022-12-26 04:00:00,MLO,1.6063291139240508
2022-12-26 05:00:00,MLO,1.6055696202531646
2022-12-26 06:00:00,MLO,1.6048101265822785
2022-12-26 07:00:00,MLO,1.6040506329113924
2022-12-26 08:00:00,MLO,1.6032911392405063
2022-12-26 09:00:00,MLO,1.6025316455696204
2022-12-26 10:00:00,MLO,1.6017721518987342
2022-12-26 11:00:00,MLO,1.601012658227848
2022-12-26 12:00:00,MLO,1.600253164556962
2022-12-26 13:00:00,MLO,1.5994936708860759
2022-12-26 14:00:00,MLO,1.59873417721519
2022-12-26 15:00:00,MLO,1.5979746835443038
2022-12-26 16:00:00,MLO,1.5972151898734177
2022-12-26 17:00:00,MLO,1.5964556962025318
2022-12-26 18:00:00,MLO,1.5956962025316455
2022-12-26 19:00:00,MLO,1.5949367088607596
2022-12-26 20:00:00,MLO,1.5941772151898734
2022-12-26 21:00:00,MLO,1.5934177215189873
2022-12-26 22:00:00,MLO,1.5926582278481014
2022-12-26 23:00:00,MLO,1.591898734177215
2022-12-27 00:00:00,MLO,1.5911392405063292
2022-12-27 01:00:00,MLO,1.590379746835443
2022-12-27 02:00:00,MLO,1.589620253164557
2022-12-27 03:00:00,MLO,1.588860759493671
2022-12-27 04:00:00,MLO,1.5881012658227849
2022-12-27 05:00:00,MLO,1.5873417721518988
2022-12-27 06:00:00,MLO,1.5865822784810126
2022-12-27 07:00:00,MLO,1.5858227848101265
2022-12-27 08:00:00,MLO,1.5850632911392406
2022-12-27 09:00:00,MLO,1.5843037974683545
2022-12-27 10:00:00,MLO,1.5835443037974684
2022-12-27 11:00:00,MLO,1.5827848101265825
2022-12-27 12:00:00,MLO,1.582025316455696
2022-12-27 13:00:00,MLO,1.5812658227848102
2022-12-27 14:00:00,MLO,1.580506329113924
2022-12-27 15:00:00,MLO,1.579746835443038
2022-12-27 16:00:00,MLO,1.578987341772152
2022-12-27 17:00:00,MLO,1.5782278481012657
2022-12-27 18:00:00,MLO,1.5774683544303798
2022-12-27 19:00:00,MLO,1.5767088607594937
2022-12-27 20:00:00,MLO,1.5759493670886076
2022-12-27 21:00:00,MLO,1.5751898734177217
2022-12-27 22:00:00,MLO,1.5744303797468353
2022-12-27 23:00:00,MLO,1.5736708860759494
2022-12-28 00:00:00,MLO,1.5729113924050633
2022-12-28 01:00:00,MLO,1.5721518987341772
2022-12-28 02:00:00,MLO,1.5713924050632913
2022-12-28 03:00:00,MLO,1.5706329113924051
2022-12-28 04:00:00,MLO,1.569873417721519
2022-12-28 05:00:00,MLO,1.5691139240506329
2022-12-28 06:00:00,MLO,1.5683544303797468
2022-12-28 07:00:00,MLO,1.5675949367088609
2022-12-28 08:00:00,MLO,1.5668354430379747
2022-12-28 09:00:00,MLO,1.5660759493670886
2022-12-28 10:00:00,MLO,1.5653164556962027
2022-12-28 11:00:00,MLO,1.5645569620253164
2022-12-28 12:00:00,MLO,1.5637974683544305
2022-12-28 13:00:00,MLO,1.5630379746835443
2022-12-28 14:00:00,MLO,1.5622784810126582
2022-12-28 15:00:00,MLO,1.5615189873417723
2022-12-28 16:00:00,MLO,1.560759493670886
2022-12-28 17:00:00,MLO,1.56
2022-12-28 18:00:00,MLO,1.559240506329114
2022-12-28 19:00:00,MLO,1.5584810126582278
2022-12-28 20:00:00,MLO,1.557721518987342
2022-12-28 21:00:00,MLO,1.5569620253164556
2022-12-28 22:00:00,MLO,1.5562025316455697
2022-12-28 23:00:00,MLO,1.5554430379746835
2022-12-29 00:00:00,MLO,1.5546835443037974
2022-12-29 01:00:00,MLO,1.5539240506329115
2022-12-29 02:00:00,MLO,1.5531645569620254
2022-12-29 03:00:00,MLO,1.5524050632911393
2022-12-29 04:00:00,MLO,1.5516455696202531
2022-12-29 05:00:00,MLO,1.550886075949367
2022-12-29 06:00:00,MLO,1.550126582278481
2022-12-29 07:00:00,MLO,1.549367088607595
2022-12-29 08:00:00,MLO,1.5486075949367089
2022-12-29 09:00:00,MLO,1.547848101265823
2022-12-29 10:00:00,MLO,1.5470886075949366
2022-12-29 11:00:00,MLO,1.5463291139240507
2022-12-29 12:00:00,MLO,1.5455696202531646
2022-12-29 13:00:00,MLO,1.5448101265822785
2022-12-29 14:00:00,MLO,1.5440506329113926
2022-12-29 15:00:00,MLO,1.5432911392405062
2022-12-29 16:00:00,MLO,1.5425316455696203
2022-12-29 17:00:00,MLO,1.5417721518987342
2022-12-29 18:00:00,MLO,1.541012658227848
2022-12-29 19:00:00,MLO,1.5402531645569622
2022-12-29 20:00:00,MLO,1.5394936708860758
2022-12-29 21:00:00,MLO,1.53873417721519
2022-12-29 22:00:00,MLO,1.5379746835443038
2022-12-29 23:00:00,MLO,1.5372151898734177
2022-12-30 00:00:00,MLO,1.5364556962025318
2022-12-30 01:00:00,MLO,1.5356962025316456
2022-12-30 02:00:00,MLO,1.5349367088607595
2022-12-30 03:00:00,MLO,1.5341772151898734
2022-12-30 04:00:00,MLO,1.5334177215189873
2022-12-30 05:00:00,MLO,1.5326582278481014
2022-12-30 06:00:00,MLO,1.5318987341772152
2022-12-30 07:00:00,MLO,1.531139240506329
2022-12-30 08:00:00,MLO,1.5303797468354432
2022-12-30 09:00:00,MLO,1.5296202531645569
2022-12-30 10:00:00,MLO,1.528860759493671
2022-12-30 11:00:00,MLO,1.5281012658227848
2022-12-30 12:00:00,MLO,1.5273417721518987
2022-12-30 13:00:00,MLO,1.5265822784810128
2022-12-30 14:00:00,MLO,1.5258227848101265
2022-12-30 15:00:00,MLO,1.5250632911392406
2022-12-30 16:00:00,MLO,1.5243037974683544
2022-12-30 17:00:00,MLO,1.5235443037974683
2022-12-30 18:00:00,MLO,1.5227848101265824
2022-12-30 19:00:00,MLO,1.522025316455696
2022-12-30 20:00:00,MLO,1.5212658227848102
2022-12-30 21:00:00,MLO,1.520506329113924
2022-12-30 22:00:00,MLO,1.519746835443038
2022-12-30 23:00:00,MLO,1.518987341772152
2022-12-31 00:00:00,MLO,1.5182278481012659
2022-12-31 01:00:00,MLO,1.5174683544303798
2022-12-31 02:00:00,MLO,1.5167088607594936
2022-12-31 03:00:00,MLO,1.5159493670886075
2022-12-31 04:00:00,MLO,1.5151898734177216
2022-12-31 05:00:00,MLO,1.5144303797468355
2022-12-31 06:00:00,MLO,1.5136708860759494
2022-12-31 07:00:00,MLO,1.5129113924050634
2022-12-31 08:00:00,MLO,1.512151898734177
2022-12-31 09:00:00,MLO,1.5113924050632912
2022-12-31 10:00:00,MLO,1.510632911392405
2022-12-31 11:00:00,MLO,1.509873417721519
2022-12-31 12:00:00,MLO,1.509113924050633
2022-12-31 13:00:00,MLO,1.5083544303797467
2022-12-31 14:00:00,MLO,1.5075949367088608
2022-12-31 15:00:00,MLO,1.5068354430379747
2022-12-31 16:00:00,MLO,1.5060759493670886
2022-12-31 17:00:00,MLO,1.5053164556962026
2022-12-31 18:00:00,MLO,1.5045569620253163
2022-12-31 19:00:00,MLO,1.5037974683544304
2022-12-31 20:00:00,MLO,1.5030379746835443
2022-12-31 21:00:00,MLO,1.5022784810126582
2022-12-31 22:00:00,MLO,1.5015189873417722
2022-12-31 23:00:00,MLO,1.5007594936708861
2023-01-01 00:00:00,MLO,1.5
2023-01-01 01:00:00,MLO,1.5
2023-01-01 02:00:00,MLO,1.5
2023-01-01 03:00:00,MLO,1.5
2023-01-01 04:00:00,MLO,1.5
2023-01-01 05:00:00,MLO,1.5
2023-01-01 06:00:00,MLO,1.5
2023-01-01 07:00:00,MLO,1.5
2023-01-01 08:00:00,MLO,1.5
2023-01-01 09:00:00,MLO,1.5
2023-01-01 10:00:00,MLO,1.5
2023-01-01 11:00:00,MLO,1.5020408163265306
2023-01-01 12:00:00,MLO,1.5040816326530613
2023-01-01 13:00:00,MLO,1.506122448979592
2023-01-01 14:00:00,,1.5081632653061225
2023-01-01 15:00:00,,1.510204081632653
2023-01-01 16:00:00,,1.5122448979591836
2023-01-01 17:00:00,,1.5142857142857142
2023-01-01 18:00:00,,1.5163265306122449
2023-01-01 19:00:00,,1.5183673469387755
2023-01-01 20:00:00,,1.5204081632653061
2023-01-01 21:00:00,,1.5224489795918368
2023-01-01 22:00:00,,1.5244897959183674
2023-01-01 23:00:00,,1.526530612244898
2023-01-02 00:00:00,MLO,1.5285714285714285
2023-01-02 01:00:00,,1.530612244897959
2023-01-02 02:00:00,,1.5326530612244897
2023-01-02 03:00:00,,1.5346938775510204
2023-01-02 04:00:00,,1.536734693877551
2023-01-02 05:00:00,,1.5387755102040817
2023-01-02 06:00:00,,1.5408163265306123
2023-01-02 07:00:00,,1.542857142857143
2023-01-02 08:00:00,,1.5448979591836736
2023-01-02 09:00:00,,1.546938775510204
2023-01-02 10:00:00,,1.5489795918367346
2023-01-02 11:00:00,,1.5510204081632653
2023-01-02 12:00:00,,1.5530612244897959
2023-01-02 13:00:00,,1.5551020408163265
2023-01-02 14:00:00,,1.5571428571428572
2023-01-02 15:00:00,,1.5591836734693878
2023-01-02 16:00:00,,1.5612244897959184
2023-01-02 17:00:00,,1.563265306122449
2023-01-02 18:00:00,,1.5653061224489795
2023-01-02 19:00:00,,1.5673469387755101
2023-01-02 20:00:00,,1.5693877551020408
2023-01-02 21:00:00,,1.5714285714285714
2023-01-02 22:00:00,,1.573469387755102
2023-01-02 23:00:00,,1.5755102040816327
2023-01-03 00:00:00,MLO,1.5775510204081633
2023-01-03 01:00:00,,1.579591836734694
2023-01-03 02:00:00,,1.5816326530612246
2023-01-03 03:00:00,,1.583673469387755
2023-01-03 04:00:00,,1.5857142857142856
2023-01-03 05:00:00,,1.5877551020408163
2023-01-03 06:00:00,,1.589795918367347
2023-01-03 07:00:00,,1.5918367346938775
2023-01-03 08:00:00,,1.5938775510204082
2023-01-03 09:00:00,,1.5959183673469388
2023-01-03 10:00:00,,1.5979591836734695
2023-01-03 11:00:00,,1.6
2023-01-03 12:00:00,,1.6020408163265305
2023-01-03 13:00:00,,1.6040816326530611
2023-01-03 14:00:00,,1.6061224489795918
2023-01-03 15:00:00,,1.6081632653061224
2023-01-03 16:00:00,,1.610204081632653
2023-01-03 17:00:00,,1.6122448979591837
2023-01-03 18:00:00,,1.6142857142857143
2023-01-03 19:00:00,,1.616326530612245
2023-01-03 20:00:00,,1.6183673469387756
2023-01-03 21:00:00,,1.620408163265306
2023-01-03 22:00:00,,1.6224489795918366
2023-01-03 23:00:00,,1.6244897959183673
2023-01-04 00:00:00,MLO,1.626530612244898
2023-01-04 01:00:00,,1.6285714285714286
2023-01-04 02:00:00,,1.6306122448979592
2023-01-04 03:00:00,,1.6326530612244898
2023-01-04 04:00:00,,1.6346938775510205
2023-01-04 05:00:00,,1.636734693877551
2023-01-04 06:00:00,,1.6387755102040815
2023-01-04 07:00:00,,1.6408163265306122
2023-01-04 08:00:00,,1.6428571428571428
2023-01-04 09:00:00,,1.6448979591836734
2023-01-04 10:00:00,,1.646938775510204
2023-01-04 11:00:00,,1.6489795918367347
2023-01-04 12:00:00,,1.6510204081632653
2023-01-04 13:00:00,,1.653061224489796
2023-01-04 14:00:00,,1.6551020408163266
2023-01-04 15:00:00,,1.657142857142857
2023-01-04 16:00:00,,1.6591836734693877
2023-01-04 17:00:00,,1.6612244897959183
2023-01-04 18:00:00,,1.663265306122449
2023-01-04 19:00:00,,1.6653061224489796
2023-01-04 20:00:00,,1.6673469387755102
2023-01-04 21:00:00,,1.6693877551020408
2023-01-04 22:00:00,,1.6714285714285715
2023-01-04 23:00:00,,1.6734693877551021
2023-01-05 00:00:00,MLO,1.6755102040816325
2023-01-05 01:00:00,,1.6775510204081632
2023-01-05 02:00:00,,1.6795918367346938
2023-01-05 03:00:00,,1.6816326530612244
2023-01-05 04:00:00,,1.683673469387755
2023-01-05 05:00:00,,1.6857142857142857
2023-01-05 06:00:00,,1.6877551020408164
2023-01-05 07:00:00,,1.689795918367347
2023-01-05 08:00:00,,1.6918367346938776
2023-01-05 09:00:00,,1.693877551020408
2023-01-05 10:00:00,,1.6959183673469387
2023-01-05 11:00:00,,1.6979591836734693
2023-01-05 12:00:00,,1.7
2023-01-05 13:00:00,,1.7020408163265306
2023-01-05 14:00:00,,1.7040816326530612
2023-01-05 15:00:00,,1.7061224489795919
2023-01-05 16:00:00,,1.7081632653061225
2023-01-05 17:00:00,,1.7102040816326531
2023-01-05 18:00:00,,1.7122448979591836
2023-01-05 19:00:00,,1.7142857142857142
2023-01-05 20:00:00,,1.7163265306122448
2023-01-05 21:00:00,,1.7183673469387755
2023-01-05 22:00:00,,1.720408163265306
2023-01-05 23:00:00,,1.7224489795918367
2023-01-06 00:00:00,MLO,1.7244897959183674
2023-01-06 01:00:00,,1.726530612244898
2023-01-06 02:00:00,,1.7285714285714286
2023-01-06 03:00:00,,1.730612244897959
2023-01-06 04:00:00,,1.7326530612244897
2023-01-06 05:00:00,,1.7346938775510203
2023-01-06 06:00:00,,1.736734693877551
2023-01-06 07:00:00,,1.7387755102040816
2023-01-06 08:00:00,,1.7408163265306122
2023-01-06 09:00:00,,1.7428571428571429
2023-01-06 10:00:00,,1.7448979591836735
2023-01-06 11:00:00,,1.7469387755102042
2023-01-06 12:00:00,,1.7489795918367346
2023-01-06 13:00:00,,1.7510204081632652
2023-01-06 14:00:00,,1.7530612244897958
2023-01-06 15:00:00,,1.7551020408163265
2023-01-06 16:00:00,,1.7571428571428571
2023-01-06 17:00:00,,1.7591836734693878
2023-01-06 18:00:00,,1.7612244897959184
2023-01-06 19:00:00,,1.763265306122449
2023-01-06 20:00:00,,1.7653061224489797
2023-01-06 21:00:00,,1.76734693877551
2023-01-06 22:00:00,,1.7693877551020407
2023-01-06 23:00:00,,1.7714285714285714
2023-01-07 00:00:00,MLO,1.773469387755102
2023-01-07 01:00:00,,1.7755102040816326
2023-01-07 02:00:00,,1.7775510204081633
2023-01-07 03:00:00,,1.779591836734694
2023-01-07 04:00:00,,1.7816326530612245
2023-01-07 05:00:00,,1.7836734693877552
2023-01-07 06:00:00,,1.7857142857142856
2023-01-07 07:00:00,,1.7877551020408162
2023-01-07 08:00:00,,1.7897959183673469
2023-01-07 09:00:00,,1.7918367346938775
2023-01-07 10:00:00,,1.7938775510204081
2023-01-07 11:00:00,,1.7959183673469388
2023-01-07 12:00:00,,1.7979591836734694
2023-01-07 13:00:00,,1.8
2023-01-07 14:00:00,,1.8020408163265307
2023-01-07 15:00:00,,1.804081632653061
2023-01-07 16:00:00,,1.8061224489795917
2023-01-07 17:00:00,,1.8081632653061224
2023-01-07 18:00:00,,1.810204081632653
2023-01-07 19:00:00,,1.8122448979591836
2023-01-07 20:00:00,,1.8142857142857143
2023-01-07 21:00:00,,1.816326530612245
2023-01-07 22:00:00,,1.8183673469387756
2023-01-07 23:00:00,,1.8204081632653062
2023-01-08 00:00:00,MLO,1.8224489795918366
2023-01-08 01:00:00,,1.8244897959183672
2023-01-08 02:00:00,,1.8265306122448979
2023-01-08 03:00:00,,1.8285714285714285
2023-01-08 04:00:00,,1.8306122448979592
2023-01-08 05:00:00,,1.8326530612244898
2023-01-08 06:00:00,,1.8346938775510204
2023-01-08 07:00:00,,1.836734693877551
2023-01-08 08:00:00,,1.8387755102040817
2023-01-08 09:00:00,,1.8408163265306121
2023-01-08 10:00:00,,1.8428571428571427
2023-01-08 11:00:00,,1.8448979591836734
2023-01-08 12:00:00,,1.846938775510204
2023-01-08 13:00:00,,1.8489795918367347
2023-01-08 14:00:00,,1.8510204081632653
2023-01-08 15:00:00,,1.853061224489796
2023-01-08 16:00:00,,1.8551020408163266
2023-01-08 17:00:00,,1.8571428571428572
2023-01-08 18:00:00,,1.8591836734693876
2023-01-08 19:00:00,,1.8612244897959183
2023-01-08 20:00:00,,1.863265306122449
2023-01-08 21:00:00,,1.8653061224489795
2023-01-08 22:00:00,,1.8673469387755102
2023-01-08 23:00:00,,1.8693877551020408
2023-01-09 00:00:00,MLO,1.8714285714285714
2023-01-09 01:00:00,,1.873469387755102
2023-01-09 02:00:00,,1.8755102040816327
2023-01-09 03:00:00,,1.8775510204081631
2023-01-09 04:00:00,,1.8795918367346938
2023-01-09 05:00:00,,1.8816326530612244
2023-01-09 06:00:00,,1.883673469387755
2023-01-09 07:00:00,,1.8857142857142857
2023-01-09 08:00:00,,1.8877551020408163
2023-01-09 09:00:00,,1.889795918367347
2023-01-09 10:00:00,,1.8918367346938774
2023-01-09 11:00:00,,1.8938775510204082
2023-01-09 12:00:00,,1.8959183673469386
2023-01-09 13:00:00,,1.8979591836734693
2023-01-09 14:00:00,,1.9
2023-01-09 15:00:00,,1.9020408163265305
2023-01-09 16:00:00,,1.9040816326530612
2023-01-09 17:00:00,,1.9061224489795918
2023-01-09 18:00:00,,1.9081632653061225
2023-01-09 19:00:00,,1.9102040816326529
2023-01-09 20:00:00,,1.9122448979591837
2023-01-09 21:00:00,,1.9142857142857141
2023-01-09 22:00:00,,1.9163265306122448
2023-01-09 23:00:00,,1.9183673469387754
2023-01-10 00:00:00,MLO,1.920408163265306
2023-01-10 01:00:00,,1.9224489795918367
2023-01-10 02:00:00,,1.9244897959183673
2023-01-10 03:00:00,,1.926530612244898
2023-01-10 04:00:00,,1.9285714285714284
2023-01-10 05:00:00,,1.9306122448979592
2023-01-10 06:00:00,,1.9326530612244897
2023-01-10 07:00:00,,1.9346938775510203
2023-01-10 08:00:00,,1.936734693877551
2023-01-10 09:00:00,,1.9387755102040816
2023-01-10 10:00:00,,1.9408163265306122
2023-01-10 11:00:00,,1.9428571428571428
2023-01-10 12:00:00,,1.9448979591836735
2023-01-10 13:00:00,,1.946938775510204
2023-01-10 14:00:00,,1.9489795918367347
2023-01-10 15:00:00,,1.9510204081632652
2023-01-10 16:00:00,,1.9530612244897958
2023-01-10 17:00:00,,1.9551020408163264
2023-01-10 18:00:00,,1.957142857142857
2023-01-10 19:00:00,,1.9591836734693877
2023-01-10 20:00:00,,1.9612244897959183
2023-01-10 21:00:00,,1.963265306122449
2023-01-10 22:00:00,,1.9653061224489794
2023-01-10 23:00:00,,1.9673469387755103
2023-01-11 00:00:00,MLO,1.9693877551020407
2023-01-11 01:00:00,,1.9714285714285713
2023-01-11 02:00:00,,1.973469387755102
2023-01-11 03:00:00,,1.9755102040816326
2023-01-11 04:00:00,,1.9775510204081632
2023-01-11 05:00:00,,1.9795918367346939
2023-01-11 06:00:00,,1.9816326530612245
2023-01-11 07:00:00,,1.983673469387755
2023-01-11 08:00:00,,1.9857142857142858
2023-01-11 09:00:00,,1.9877551020408162
2023-01-11 10:00:00,,1.9897959183673468
2023-01-11 11:00:00,,1.9918367346938775
2023-01-11 12:00:00,,1.993877551020408
2023-01-11 13:00:00,,1.9959183673469387
2023-01-11 14:00:00,,1.9979591836734694
2023-01-11 15:00:00,,2.0
2023-01-11 16:00:00,,2.0020408163265304
2023-01-11 17:00:00,,2.0040816326530613
2023-01-11 18:00:00,,2.0061224489795917
2023-01-11 19:00:00,,2.0081632653061225
2023-01-11 20:00:00,,2.010204081632653
2023-01-11 21:00:00,,2.0122448979591834
2023-01-11 22:00:00,,2.0142857142857142
2023-01-11 23:00:00,,2.016326530612245
2023-01-12 00:00:00,MLO,2.0183673469387755
2023-01-12 01:00:00,,2.020408163265306
2023-01-12 02:00:00,,2.022448979591837
2023-01-12 03:00:00,,2.024489795918367
2023-01-12 04:00:00,,2.026530612244898
2023-01-12 05:00:00,,2.0285714285714285
2023-01-12 06:00:00,,2.0306122448979593
2023-01-12 07:00:00,,2.0326530612244897
2023-01-12 08:00:00,,2.03469387755102
2023-01-12 09:00:00,,2.036734693877551
2023-01-12 10:00:00,,2.0387755102040814
2023-01-12 11:00:00,,2.0408163265306123
2023-01-12 12:00:00,,2.0428571428571427
2023-01-12 13:00:00,,2.0448979591836736
2023-01-12 14:00:00,,2.046938775510204
2023-01-12 15:00:00,,2.0489795918367344
2023-01-12 16:00:00,,2.0510204081632653
2023-01-12 17:00:00,,2.053061224489796
2023-01-12 18:00:00,,2.0551020408163265
2023-01-12 19:00:00,,2.057142857142857
2023-01-12 20:00:00,,2.059183673469388
2023-01-12 21:00:00,,2.061224489795918
2023-01-12 22:00:00,,2.063265306122449
2023-01-12 23:00:00,,2.0653061224489795
2023-01-13 00:00:00,MLO,2.0673469387755103
2023-01-13 01:00:00,,2.0693877551020408
2023-01-13 02:00:00,,2.071428571428571
2023-01-13 03:00:00,,2.073469387755102
2023-01-13 04:00:00,,2.0755102040816324
2023-01-13 05:00:00,,2.0775510204081633
2023-01-13 06:00:00,,2.0795918367346937
2023-01-13 07:00:00,,2.0816326530612246
2023-01-13 08:00:00,,2.083673469387755
2023-01-13 09:00:00,,2.0857142857142854
2023-01-13 10:00:00,,2.0877551020408163
2023-01-13 11:00:00,,2.089795918367347
2023-01-13 12:00:00,,2.0918367346938775
2023-01-13 13:00:00,,2.093877551020408
2023-01-13 14:00:00,,2.095918367346939
2023-01-13 15:00:00,,2.0979591836734692
2023-01-13 16:00:00,,2.1
2023-01-13 17:00:00,,2.1020408163265305
2023-01-13 18:00:00,,2.1040816326530614
2023-01-13 19:00:00,,2.1061224489795918
2023-01-13 20:00:00,,2.108163265306122
2023-01-13 21:00:00,,2.110204081632653
2023-01-13 22:00:00,,2.1122448979591835
2023-01-13 23:00:00,,2.1142857142857143
2023-01-14 00:00:00,MLO,2.1163265306122447
2023-01-14 01:00:00,,2.1183673469387756
2023-01-14 02:00:00,,2.120408163265306
2023-01-14 03:00:00,,2.1224489795918364
2023-01-14 04:00:00,,2.1244897959183673
2023-01-14 05:00:00,,2.126530612244898
2023-01-14 06:00:00,,2.1285714285714286
2023-01-14 07:00:00,,2.130612244897959
2023-01-14 08:00:00,,2.13265306122449
2023-01-14 09:00:00,,2.1346938775510202
2023-01-14 10:00:00,,2.136734693877551
2023-01-14 11:00:00,,2.1387755102040815
2023-01-14 12:00:00,,2.1408163265306124
2023-01-14 13:00:00,,2.142857142857143
2023-01-14 14:00:00,,2.144897959183673
2023-01-14 15:00:00,,2.146938775510204
2023-01-14 16:00:00,,2.1489795918367345
2023-01-14 17:00:00,,2.1510204081632653
2023-01-14 18:00:00,,2.1530612244897958
2023-01-14 19:00:00,,2.1551020408163266
2023-01-14 20:00:00,,2.157142857142857
2023-01-14 21:00:00,,2.1591836734693874
2023-01-14 22:00:00,,2.1612244897959183
2023-01-14 23:00:00,,2.163265306122449
2023-01-15 00:00:00,MLO,2.1653061224489796
2023-01-15 01:00:00,,2.16734693877551
2023-01-15 02:00:00,,2.169387755102041
2023-01-15 03:00:00,,2.1714285714285713
2023-01-15 04:00:00,,2.173469387755102
2023-01-15 05:00:00,,2.1755102040816325
2023-01-15 06:00:00,,2.1775510204081634
2023-01-15 07:00:00,,2.179591836734694
2023-01-15 08:00:00,,2.1816326530612242
2023-01-15 09:00:00,,2.183673469387755
2023-01-15 10:00:00,,2.1857142857142855
2023-01-15 11:00:00,,2.1877551020408164
2023-01-15 12:00:00,,2.1897959183673468
2023-01-15 13:00:00,,2.1918367346938776
2023-01-15 14:00:00,,2.193877551020408
2023-01-15 15:00:00,,2.1959183673469385
2023-01-15 16:00:00,,2.1979591836734693
2023-01-15 17:00:00,,2.2
2023-01-15 18:00:00,,2.2020408163265306
2023-01-15 19:00:00,,2.204081632653061
2023-01-15 20:00:00,,2.206122448979592
2023-01-15 21:00:00,,2.2081632653061223
2023-01-15 22:00:00,,2.210204081632653
2023-01-15 23:00:00,,2.2122448979591836
2023-01-16 00:00:00,MLO,2.2142857142857144
2023-01-16 01:00:00,,2.216326530612245
2023-01-16 02:00:00,,2.2183673469387752
2023-01-16 03:00:00,,2.220408163265306
2023-01-16 04:00:00,,2.2224489795918365
2023-01-16 05:00:00,,2.2244897959183674
2023-01-16 06:00:00,,2.226530612244898
2023-01-16 07:00:00,,2.2285714285714286
2023-01-16 08:00:00,,2.230612244897959
2023-01-16 09:00:00,,2.2326530612244895
2023-01-16 10:00:00,,2.2346938775510203
2023-01-16 11:00:00,,2.236734693877551
2023-01-16 12:00:00,,2.2387755102040816
2023-01-16 13:00:00,,2.240816326530612
2023-01-16 14:00:00,,2.242857142857143
2023-01-16 15:00:00,,2.2448979591836733
2023-01-16 16:00:00,,2.246938775510204
2023-01-16 17:00:00,,2.2489795918367346
2023-01-16 18:00:00,,2.2510204081632654
2023-01-16 19:00:00,,2.253061224489796
2023-01-16 20:00:00,,2.2551020408163263
2023-01-16 21:00:00,,2.257142857142857
2023-01-16 22:00:00,,2.2591836734693875
2023-01-16 23:00:00,,2.2612244897959184
2023-01-17 00:00:00,MLO,2.263265306122449
2023-01-17 01:00:00,,2.2653061224489797
2023-01-17 02:00:00,,2.26734693877551
2023-01-17 03:00:00,,2.2693877551020405
2023-01-17 04:00:00,,2.2714285714285714
2023-01-17 05:00:00,,2.273469387755102
2023-01-17 06:00:00,,2.2755102040816326
2023-01-17 07:00:00,,2.277551020408163
2023-01-17 08:00:00,,2.279591836734694
2023-01-17 09:00:00,,2.2816326530612243
2023-01-17 10:00:00,,2.2836734693877547
2023-01-17 11:00:00,,2.2857142857142856
2023-01-17 12:00:00,,2.2877551020408164
2023-01-17 13:00:00,,2.289795918367347
2023-01-17 14:00:00,,2.2918367346938773
2023-01-17 15:00:00,,2.293877551020408
2023-01-17 16:00:00,,2.2959183673469385
2023-01-17 17:00:00,,2.2979591836734694
2023-01-17 18:00:00,,2.3
2023-01-17 19:00:00,,2.3020408163265307
2023-01-17 20:00:00,,2.304081632653061
2023-01-17 21:00:00,,2.3061224489795915
2023-01-17 22:00:00,,2.3081632653061224
2023-01-17 23:00:00,,2.3102040816326532
2023-01-18 00:00:00,MLO,2.3122448979591836
2023-01-18 01:00:00,,2.314285714285714
2023-01-18 02:00:00,,2.316326530612245
2023-01-18 03:00:00,,2.3183673469387753
2023-01-18 04:00:00,,2.3204081632653057
2023-01-18 05:00:00,,2.3224489795918366
2023-01-18 06:00:00,,2.3244897959183675
2023-01-18 07:00:00,,2.326530612244898
2023-01-18 08:00:00,,2.3285714285714283
2023-01-18 09:00:00,,2.330612244897959
2023-01-18 10:00:00,,2.3326530612244896
2023-01-18 11:00:00,,2.3346938775510204
2023-01-18 12:00:00,,2.336734693877551
2023-01-18 13:00:00,,2.3387755102040817
2023-01-18 14:00:00,,2.340816326530612
2023-01-18 15:00:00,,2.3428571428571425
2023-01-18 16:00:00,,2.3448979591836734
2023-01-18 17:00:00,,2.3469387755102042
2023-01-18 18:00:00,,2.3489795918367347
2023-01-18 19:00:00,MLO,2.351020408163265
2023-01-18 20:00:00,MLO,2.353061224489796
2023-01-18 21:00:00,MLO,2.3551020408163263
2023-01-18 22:00:00,MLO,2.3571428571428568
2023-01-18 23:00:00,MLO,2.3591836734693876
2023-01-19 00:00:00,MLO,2.3612244897959185
2023-01-19 01:00:00,MLO,2.363265306122449
2023-01-19 02:00:00,MLO,2.3653061224489793
2023-01-19 03:00:00,MLO,2.36734693877551
2023-01-19 04:00:00,MLO,2.3693877551020406
2023-01-19 05:00:00,MLO,2.3714285714285714
2023-01-19 06:00:00,MLO,2.373469387755102
2023-01-19 07:00:00,MLO,2.3755102040816327
2023-01-19 08:00:00,MLO,2.377551020408163
2023-01-19 09:00:00,MLO,2.3795918367346935
2023-01-19 10:00:00,MLO,2.3816326530612244
2023-01-19 11:00:00,MLO,2.3836734693877553
2023-01-19 12:00:00,MLO,2.3857142857142857
2023-01-19 13:00:00,MLO,2.387755102040816
2023-01-19 14:00:00,MLO,2.389795918367347
2023-01-19 15:00:00,MLO,2.3918367346938774
2023-01-19 16:00:00,MLO,2.393877551020408
2023-01-19 17:00:00,MLO,2.3959183673469386
2023-01-19 18:00:00,MLO,2.3979591836734695
2023-01-19 19:00:00,MLO,2.4
2023-01-19 20:00:00,MLO,2.6
2023-01-19 21:00:00,MLO,3.1
2023-01-19 22:00:00,MLO,3.7
2023-01-19 23:00:00,MLO,4.1
2023-01-20 00:00:00,MLO,4.5
2023-01-20 01:00:00,MLO,3.5
2023-01-20 02:00:00,MLO,3.4
2023-01-20 03:00:00,MLO,1.6
2023-01-20 04:00:00,MLO,0.9
2023-01-20 05:00:00,MLO,3.8
2023-01-20 06:00:00,MLO,6.9
2023-01-20 07:00:00,MLO,6.6
2023-01-20 08:00:00,MLO,7.9
2023-01-20 09:00:00,MLO,7.9
2023-01-20 10:00:00,MLO,7.8
2023-01-20 11:00:00,MLO,7.5
2023-01-20 12:00:00,MLO,7.2
2023-01-20 13:00:00,MLO,7.3
2023-01-20 14:00:00,MLO,6.4
2023-01-20 15:00:00,MLO,6.3
2023-01-20 16:00:00,MLO,6.5
2023-01-20 17:00:00,MLO,7.0
2023-01-20 18:00:00,MLO,3.9
2023-01-20 19:00:00,MLO,2.5
2023-01-20 20:00:00,MLO,2.2
2023-01-20 21:00:00,MLO,3.1
2023-01-20 22:00:00,MLO,4.0
2023-01-20 23:00:00,MLO,2.9
2023-01-21 00:00:00,MLO,3.4
2023-01-21 01:00:00,MLO,3.6
2023-01-21 02:00:00,MLO,1.7
2023-01-21 03:00:00,MLO,1.4
2023-01-21 04:00:00,MLO,0.7
2023-01-21 05:00:00,MLO,0.7
2023-01-21 06:00:00,MLO,2.1
2023-01-21 07:00:00,MLO,1.3
2023-01-21 08:00:00,MLO,1.5
2023-01-21 09:00:00,MLO,2.2
2023-01-21 10:00:00,MLO,1.2
2023-01-21 11:00:00,MLO,1.6
2023-01-21 12:00:00,MLO,1.9
2023-01-21 13:00:00,MLO,2.3
2023-01-21 14:00:00,MLO,2.8
2023-01-21 15:00:00,MLO,3.3
2023-01-21 16:00:00,MLO,4.4
2023-01-21 17:00:00,MLO,3.9
2023-01-21 18:00:00,MLO,1.6
2023-01-21 19:00:00,MLO,1.6
2023-01-21 20:00:00,MLO,2.2
2023-01-21 21:00:00,MLO,4.0
2023-01-21 22:00:00,MLO,4.0
2023-01-21 23:00:00,MLO,4.6
2023-01-22 00:00:00,MLO,4.5
2023-01-22 01:00:00,MLO,4.4
2023-01-22 02:00:00,MLO,4.2
2023-01-22 03:00:00,MLO,3.1
2023-01-22 04:00:00,MLO,2.3
2023-01-22 05:00:00,MLO,3.6
2023-01-22 06:00:00,MLO,4.4
2023-01-22 07:00:00,MLO,4.9
2023-01-22 08:00:00,MLO,5.2
2023-01-22 09:00:00,MLO,5.3
2023-01-22 10:00:00,MLO,6.8
2023-01-22 11:00:00,MLO,6.5
2023-01-22 12:00:00,MLO,4.4
2023-01-22 13:00:00,MLO,2.8
2023-01-22 14:00:00,MLO,5.8
2023-01-22 15:00:00,MLO,6.3
2023-01-22 16:00:00,MLO,4.0
2023-01-22 17:00:00,MLO,2.3
2023-01-22 18:00:00,MLO,0.7
2023-01-22 19:00:00,MLO,1.7
2023-01-22 20:00:00,MLO,2.6
2023-01-22 21:00:00,MLO,3.4
2023-01-22 22:00:00,MLO,4.6
2023-01-22 23:00:00,MLO,4.7
2023-01-23 00:00:00,MLO,3.5
2023-01-23 01:00:00,MLO,3.5
2023-01-23 02:00:00,MLO,2.9
2023-01-23 03:00:00,MLO,2.3
2023-01-23 04:00:00,MLO,0.8
2023-01-23 05:00:00,MLO,1.2
2023-01-23 06:00:00,MLO,1.7
2023-01-23 07:00:00,MLO,2.6
2023-01-23 08:00:00,MLO,2.3
2023-01-23 09:00:00,MLO,2.9
2023-01-23 10:00:00,MLO,3.4
2023-01-23 11:00:00,MLO,3.7
2023-01-23 12:00:00,MLO,4.4
2023-01-23 13:00:00,MLO,4.2
2023-01-23 14:00:00,MLO,5.3
2023-01-23 15:00:00,MLO,6.1
2023-01-23 16:00:00,MLO,6.4
2023-01-23 17:00:00,MLO,5.2
2023-01-23 18:00:00,MLO,3.2
2023-01-23 19:00:00,MLO,3.0
2023-01-23 20:00:00,MLO,2.7
2023-01-23 21:00:00,MLO,3.2
2023-01-23 22:00:00,MLO,4.1
2023-01-23 23:00:00,MLO,3.5
2023-01-24 00:00:00,MLO,4.1
2023-01-24 01:00:00,MLO,4.5
2023-01-24 02:00:00,MLO,4.4
2023-01-24 03:00:00,MLO,3.3
2023-01-24 04:00:00,MLO,2.1
2023-01-24 05:00:00,MLO,2.4
2023-01-24 06:00:00,MLO,1.7
2023-01-24 07:00:00,MLO,2.6
2023-01-24 08:00:00,MLO,1.9
2023-01-24 09:00:00,MLO,2.4
2023-01-24 10:00:00,MLO,4.0
2023-01-24 11:00:00,MLO,3.7
2023-01-24 12:00:00,MLO,3.5
2023-01-24 13:00:00,MLO,3.4
2023-01-24 14:00:00,MLO,3.0
2023-01-24 15:00:00,MLO,3.3
2023-01-24 16:00:00,MLO,4.6
2023-01-24 17:00:00,MLO,7.2
2023-01-24 18:00:00,MLO,4.8
2023-01-24 19:00:00,MLO,2.4
2023-01-24 20:00:00,MLO,4.9
2023-01-24 21:00:00,MLO,5.1
2023-01-24 22:00:00,MLO,4.9
2023-01-24 23:00:00,MLO,5.3
2023-01-25 00:00:00,MLO,3.8
2023-01-25 01:00:00,MLO,3.2
2023-01-25 02:00:00,MLO,4.3
2023-01-25 03:00:00,MLO,3.1
2023-01-25 04:00:00,MLO,1.6
2023-01-25 05:00:00,MLO,2.3
2023-01-25 06:00:00,MLO,1.9
2023-01-25 07:00:00,MLO,1.8
2023-01-25 08:00:00,MLO,3.8
2023-01-25 09:00:00,MLO,3.1
2023-01-25 10:00:00,MLO,2.2
2023-01-25 11:00:00,MLO,2.7
2023-01-25 12:00:00,MLO,2.2
2023-01-25 13:00:00,MLO,1.0
2023-01-25 14:00:00,MLO,0.9
2023-01-25 15:00:00,MLO,3.0
2023-01-25 16:00:00,MLO,5.6
2023-01-25 17:00:00,MLO,5.0
2023-01-25 18:00:00,MLO,4.4
2023-01-25 19:00:00,MLO,2.5
2023-01-25 20:00:00,MLO,1.9
2023-01-25 21:00:00,MLO,3.1
2023-01-25 22:00:00,MLO,2.7
2023-01-25 23:00:00,MLO,4.1
2023-01-26 00:00:00,MLO,4.6
2023-01-26 01:00:00,MLO,3.2
2023-01-26 02:00:00,MLO,3.3
2023-01-26 03:00:00,MLO,2.0
2023-01-26 04:00:00,MLO,1.8
2023-01-26 05:00:00,MLO,1.1
2023-01-26 06:00:00,MLO,1.9
2023-01-26 07:00:00,MLO,1.3
2023-01-26 08:00:00,MLO,0.5
2023-01-26 09:00:00,MLO,2.0
2023-01-26 10:00:00,MLO,1.2
2023-01-26 11:00:00,MLO,1.3
2023-01-26 12:00:00,MLO,0.8
2023-01-26 13:00:00,MLO,0.9
2023-01-26 14:00:00,MLO,1.6
2023-01-26 15:00:00,MLO,3.0
2023-01-26 16:00:00,MLO,3.1
2023-01-26 17:00:00,MLO,3.6
2023-01-26 18:00:00,MLO,1.8
2023-01-26 19:00:00,MLO,4.3
2023-01-26 20:00:00,MLO,0.8
2023-01-26 21:00:00,MLO,3.1
2023-01-26 22:00:00,MLO,2.3
2023-01-26 23:00:00,MLO,1.7
2023-01-27 00:00:00,MLO,2.4
2023-01-27 01:00:00,MLO,3.2
2023-01-27 02:00:00,MLO,3.1
2023-01-27 03:00:00,MLO,2.2
2023-01-27 04:00:00,MLO,2.2
2023-01-27 05:00:00,MLO,2.0
2023-01-27 06:00:00,MLO,1.7
2023-01-27 07:00:00,MLO,1.5
2023-01-27 08:00:00,MLO,1.7
2023-01-27 09:00:00,MLO,0.7
2023-01-27 10:00:00,MLO,2.4
2023-01-27 11:00:00,MLO,2.3
2023-01-27 12:00:00,MLO,1.7
2023-01-27 13:00:00,MLO,0.8
2023-01-27 14:00:00,MLO,2.3
2023-01-27 15:00:00,MLO,2.7
2023-01-27 16:00:00,MLO,2.7
2023-01-27 17:00:00,MLO,1.1
2023-01-27 18:00:00,MLO,0.5
2023-01-27 19:00:00,MLO,1.2
2023-01-27 20:00:00,MLO,2.7
2023-01-27 21:00:00,MLO,1.8
2023-01-27 22:00:00,MLO,1.9
2023-01-27 23:00:00,MLO,3.4
2023-01-28 00:00:00,MLO,2.0
2023-01-28 01:00:00,MLO,3.8
2023-01-28 02:00:00,MLO,4.2
2023-01-28 03:00:00,MLO,3.2
2023-01-28 04:00:00,MLO,4.4
2023-01-28 05:00:00,MLO,6.5
2023-01-28 06:00:00,MLO,6.8
2023-01-28 07:00:00,MLO,5.3
2023-01-28 08:00:00,MLO,7.9
2023-01-28 09:00:00,MLO,9.4
2023-01-28 10:00:00,MLO,9.2
2023-01-28 11:00:00,MLO,7.9
2023-01-28 12:00:00,MLO,4.8
2023-01-28 13:00:00,MLO,1.6
2023-01-28 14:00:00,MLO,3.8
2023-01-28 15:00:00,MLO,3.6
2023-01-28 16:00:00,MLO,5.0
2023-01-28 17:00:00,MLO,4.9
2023-01-28 18:00:00,MLO,5.5
2023-01-28 19:00:00,MLO,5.4
2023-01-28 20:00:00,MLO,4.8
2023-01-28 21:00:00,MLO,5.3
2023-01-28 22:00:00,MLO,4.0
2023-01-28 23:00:00,MLO,7.4
2023-01-29 00:00:00,MLO,7.4
2023-01-29 01:00:00,MLO,3.5
2023-01-29 02:00:00,MLO,4.3
2023-01-29 03:00:00,MLO,1.2
2023-01-29 04:00:00,MLO,2.4
2023-01-29 05:00:00,MLO,8.3
2023-01-29 06:00:00,MLO,8.4
2023-01-29 07:00:00,MLO,6.9
2023-01-29 08:00:00,MLO,2.1
2023-01-29 09:00:00,MLO,3.3
2023-01-29 10:00:00,MLO,3.0
2023-01-29 11:00:00,MLO,1.8
2023-01-29 12:00:00,MLO,0.8
2023-01-29 13:00:00,MLO,2.0
2023-01-29 14:00:00,MLO,2.1
2023-01-29 15:00:00,MLO,1.7
2023-01-29 16:00:00,MLO,1.4
2023-01-29 17:00:00,MLO,2.1
2023-01-29 18:00:00,MLO,2.0948979591836734
2023-01-29 19:00:00,MLO,2.089795918367347
2023-01-29 20:00:00,MLO,2.0846938775510204
2023-01-29 21:00:00,,2.079591836734694
2023-01-29 22:00:00,,2.0744897959183675
2023-01-29 23:00:00,,2.0693877551020408
2023-01-30 00:00:00,MLO,2.0642857142857145
2023-01-30 01:00:00,,2.059183673469388
2023-01-30 02:00:00,,2.0540816326530615
2023-01-30 03:00:00,,2.048979591836735
2023-01-30 04:00:00,,2.043877551020408
2023-01-30 05:00:00,,2.038775510204082
2023-01-30 06:00:00,,2.033673469387755
2023-01-30 07:00:00,,2.0285714285714285
2023-01-30 08:00:00,,2.023469387755102
2023-01-30 09:00:00,,2.0183673469387755
2023-01-30 10:00:00,,2.0132653061224492
2023-01-30 11:00:00,,2.0081632653061225
2023-01-30 12:00:00,,2.003061224489796
2023-01-30 13:00:00,,1.9979591836734696
2023-01-30 14:00:00,,1.9928571428571429
2023-01-30 15:00:00,,1.9877551020408164
2023-01-30 16:00:00,,1.98265306122449
2023-01-30 17:00:00,,1.9775510204081634
2023-01-30 18:00:00,,1.9724489795918367
2023-01-30 19:00:00,,1.9673469387755103
2023-01-30 20:00:00,,1.9622448979591838
2023-01-30 21:00:00,,1.9571428571428573
2023-01-30 22:00:00,,1.9520408163265306
2023-01-30 23:00:00,,1.9469387755102041
2023-01-31 00:00:00,MLO,1.9418367346938776
2023-01-31 01:00:00,,1.9367346938775512
2023-01-31 02:00:00,,1.9316326530612247
2023-01-31 03:00:00,,1.926530612244898
2023-01-31 04:00:00,,1.9214285714285715
2023-01-31 05:00:00,,1.916326530612245
2023-01-31 06:00:00,,1.9112244897959185
2023-01-31 07:00:00,,1.906122448979592
2023-01-31 08:00:00,,1.9010204081632653
2023-01-31 09:00:00,,1.8959183673469389
2023-01-31 10:00:00,,1.8908163265306124
2023-01-31 11:00:00,,1.885714285714286
2023-01-31 12:00:00,,1.8806122448979592
2023-01-31 13:00:00,,1.8755102040816327
2023-01-31 14:00:00,,1.8704081632653062
2023-01-31 15:00:00,,1.8653061224489798
2023-01-31 16:00:00,,1.860204081632653
2023-01-31 17:00:00,,1.8551020408163266
2023-01-31 18:00:00,,1.85
2023-01-31 19:00:00,,1.8448979591836736
2023-01-31 20:00:00,,1.8397959183673471
2023-01-31 21:00:00,,1.8346938775510204
2023-01-31 22:00:00,,1.829591836734694
2023-01-31 23:00:00,,1.8244897959183675
2023-02-01 00:00:00,MLO,1.819387755102041
2023-02-01 01:00:00,,1.8142857142857145
2023-02-01 02:00:00,,1.8091836734693878
2023-02-01 03:00:00,,1.8040816326530613
2023-02-01 04:00:00,,1.7989795918367348
2023-02-01 05:00:00,,1.7938775510204084
2023-02-01 06:00:00,,1.7887755102040819
2023-02-01 07:00:00,,1.7836734693877552
2023-02-01 08:00:00,,1.7785714285714287
2023-02-01 09:00:00,,1.7734693877551022
2023-02-01 10:00:00,,1.7683673469387755
2023-02-01 11:00:00,,1.763265306122449
2023-02-01 12:00:00,,1.7581632653061225
2023-02-01 13:00:00,,1.753061224489796
2023-02-01 14:00:00,,1.7479591836734696
2023-02-01 15:00:00,,1.7428571428571429
2023-02-01 16:00:00,,1.7377551020408164
2023-02-01 17:00:00,,1.73265306122449
2023-02-01 18:00:00,,1.7275510204081634
2023-02-01 19:00:00,,1.722448979591837
2023-02-01 20:00:00,,1.7173469387755103
2023-02-01 21:00:00,,1.7122448979591838
2023-02-01 22:00:00,,1.7071428571428573
2023-02-01 23:00:00,,1.7020408163265308
2023-02-02 00:00:00,MLO,1.6969387755102043
2023-02-02 01:00:00,,1.6918367346938776
2023-02-02 02:00:00,,1.6867346938775512
2023-02-02 03:00:00,,1.6816326530612247
2023-02-02 04:00:00,,1.676530612244898
2023-02-02 05:00:00,,1.6714285714285715
2023-02-02 06:00:00,,1.666326530612245
2023-02-02 07:00:00,,1.6612244897959185
2023-02-02 08:00:00,,1.656122448979592
2023-02-02 09:00:00,,1.6510204081632653
2023-02-02 10:00:00,,1.6459183673469389
2023-02-02 11:00:00,,1.6408163265306124
2023-02-02 12:00:00,,1.635714285714286
2023-02-02 13:00:00,,1.6306122448979594
2023-02-02 14:00:00,,1.6255102040816327
2023-02-02 15:00:00,,1.6204081632653062
2023-02-02 16:00:00,,1.6153061224489798
2023-02-02 17:00:00,,1.610204081632653
2023-02-02 18:00:00,,1.6051020408163268
2023-02-02 19:00:00,MLO,1.6
2023-02-02 20:00:00,MLO,2.8
2023-02-02 21:00:00,MLO,2.9
2023-02-02 22:00:00,MLO,3.0
2023-02-02 23:00:00,MLO,2.9
2023-02-03 00:00:00,MLO,3.7
2023-02-03 01:00:00,MLO,2.5
2023-02-03 02:00:00,MLO,2.7
2023-02-03 03:00:00,MLO,2.5
2023-02-03 04:00:00,MLO,2.9
2023-02-03 05:00:00,MLO,1.9
2023-02-03 06:00:00,MLO,0.9
2023-02-03 07:00:00,MLO,2.3
2023-02-03 08:00:00,MLO,1.7
2023-02-03 09:00:00,MLO,2.0
2023-02-03 10:00:00,MLO,2.0
2023-02-03 11:00:00,MLO,1.7
2023-02-03 12:00:00,MLO,1.4
2023-02-03 13:00:00,MLO,1.4
2023-02-03 14:00:00,MLO,1.5
2023-02-03 15:00:00,MLO,2.9
2023-02-03 16:00:00,MLO,3.3
2023-02-03 17:00:00,MLO,4.6
2023-02-03 18:00:00,MLO,3.9
2023-02-03 19:00:00,MLO,4.7
2023-02-03 20:00:00,MLO,5.9
2023-02-03 21:00:00,MLO,6.1
2023-02-03 22:00:00,MLO,5.8
2023-02-03 23:00:00,MLO,2.3
2023-02-04 00:00:00,MLO,2.2
2023-02-04 01:00:00,MLO,2.7
2023-02-04 02:00:00,MLO,3.8
2023-02-04 03:00:00,MLO,8.0
2023-02-04 04:00:00,MLO,6.2
2023-02-04 05:00:00,MLO,6.7
2023-02-04 06:00:00,MLO,8.5
2023-02-04 07:00:00,MLO,7.6
2023-02-04 08:00:00,MLO,6.8
2023-02-04 09:00:00,MLO,8.2
2023-02-04 10:00:00,MLO,8.3
2023-02-04 11:00:00,MLO,8.2
2023-02-04 12:00:00,MLO,6.4
2023-02-04 13:00:00,MLO,4.8
2023-02-04 14:00:00,MLO,7.3
2023-02-04 15:00:00,MLO,6.4
2023-02-04 16:00:00,MLO,6.9
2023-02-04 17:00:00,MLO,7.9
2023-02-04 18:00:00,MLO,6.7
2023-02-04 19:00:00,MLO,6.7
2023-02-04 20:00:00,MLO,7.2
2023-02-04 21:00:00,MLO,7.9
2023-02-04 22:00:00,MLO,8.0
2023-02-04 23:00:00,MLO,7.3
2023-02-05 00:00:00,MLO,6.5
2023-02-05 01:00:00,MLO,6.9
2023-02-05 02:00:00,MLO,7.2
2023-02-05 03:00:00,MLO,7.4
2023-02-05 04:00:00,MLO,8.1
2023-02-05 05:00:00,MLO,8.3
2023-02-05 06:00:00,MLO,9.0
2023-02-05 07:00:00,MLO,7.6
2023-02-05 08:00:00,MLO,6.8
2023-02-05 09:00:00,MLO,7.6
2023-02-05 10:00:00,MLO,8.9
2023-02-05 11:00:00,MLO,8.8
2023-02-05 12:00:00,MLO,8.3
2023-02-05 13:00:00,MLO,6.3
2023-02-05 14:00:00,MLO,4.2
2023-02-05 15:00:00,MLO,8.0
2023-02-05 16:00:00,MLO,7.9
2023-02-05 17:00:00,MLO,7.2
2023-02-05 18:00:00,MLO,6.6
2023-02-05 19:00:00,MLO,5.4
2023-02-05 20:00:00,MLO,4.6
2023-02-05 21:00:00,MLO,1.7
2023-02-05 22:00:00,MLO,3.4
2023-02-05 23:00:00,MLO,0.8
2023-02-06 00:00:00,MLO,3.4
2023-02-06 01:00:00,MLO,2.7
2023-02-06 02:00:00,MLO,1.7
2023-02-06 03:00:00,MLO,1.3
2023-02-06 04:00:00,MLO,0.5
2023-02-06 05:00:00,MLO,3.1
2023-02-06 06:00:00,MLO,4.1
2023-02-06 07:00:00,MLO,2.2
2023-02-06 08:00:00,MLO,4.8
2023-02-06 09:00:00,MLO,7.1
2023-02-06 10:00:00,MLO,8.2
2023-02-06 11:00:00,MLO,7.9
2023-02-06 12:00:00,MLO,9.0
2023-02-06 13:00:00,MLO,8.5
2023-02-06 14:00:00,MLO,7.9
2023-02-06 15:00:00,MLO,7.6
2023-02-06 16:00:00,MLO,7.9
2023-02-06 17:00:00,MLO,8.7
2023-02-06 18:00:00,MLO,9.1
2023-02-06 19:00:00,MLO,7.8
2023-02-06 20:00:00,MLO,8.0
2023-02-06 21:00:00,MLO,8.3
2023-02-06 22:00:00,MLO,8.3
2023-02-06 23:00:00,MLO,6.9
2023-02-07 00:00:00,MLO,5.8
2023-02-07 01:00:00,MLO,5.1
2023-02-07 02:00:00,MLO,7.0
2023-02-07 03:00:00,MLO,8.6
2023-02-07 04:00:00,MLO,8.5
2023-02-07 05:00:00,MLO,8.3
2023-02-07 06:00:00,MLO,8.9
2023-02-07 07:00:00,MLO,9.6
2023-02-07 08:00:00,MLO,10.1
2023-02-07 09:00:00,MLO,9.3
2023-02-07 10:00:00,MLO,9.2
2023-02-07 11:00:00,MLO,8.6
2023-02-07 12:00:00,MLO,9.5
2023-02-07 13:00:00,MLO,9.1
2023-02-07 14:00:00,MLO,8.1
2023-02-07 15:00:00,MLO,8.8
2023-02-07 16:00:00,MLO,9.5
2023-02-07 17:00:00,MLO,8.7
2023-02-07 18:00:00,MLO,8.8
2023-02-07 19:00:00,MLO,8.7
2023-02-07 20:00:00,MLO,8.2
2023-02-07 21:00:00,MLO,5.7
2023-02-07 22:00:00,MLO,5.5
2023-02-07 23:00:00,MLO,4.7
2023-02-08 00:00:00,MLO,4.8
2023-02-08 01:00:00,MLO,6.5
2023-02-08 02:00:00,MLO,5.5
2023-02-08 03:00:00,MLO,6.2
2023-02-08 04:00:00,MLO,6.6
2023-02-08 05:00:00,MLO,6.7
2023-02-08 06:00:00,MLO,7.1
2023-02-08 07:00:00,MLO,6.8
2023-02-08 08:00:00,MLO,7.2
2023-02-08 09:00:00,MLO,7.3
2023-02-08 10:00:00,MLO,7.5
2023-02-08 11:00:00,MLO,7.4
2023-02-08 12:00:00,MLO,8.5
2023-02-08 13:00:00,MLO,9.3
2023-02-08 14:00:00,MLO,9.7
2023-02-08 15:00:00,MLO,9.2
2023-02-08 16:00:00,MLO,9.0
2023-02-08 17:00:00,MLO,9.1
2023-02-08 18:00:00,MLO,8.3
2023-02-08 19:00:00,MLO,8.6
2023-02-08 20:00:00,MLO,8.7
2023-02-08 21:00:00,MLO,9.1
2023-02-08 22:00:00,MLO,8.6
2023-02-08 23:00:00,MLO,7.9
2023-02-09 00:00:00,MLO,7.4
2023-02-09 01:00:00,MLO,7.6
2023-02-09 02:00:00,MLO,8.6
2023-02-09 03:00:00,MLO,9.1
2023-02-09 04:00:00,MLO,9.1
2023-02-09 05:00:00,MLO,9.4
2023-02-09 06:00:00,MLO,10.5
2023-02-09 07:00:00,MLO,10.9
2023-02-09 08:00:00,MLO,10.8
2023-02-09 09:00:00,MLO,10.8
2023-02-09 10:00:00,MLO,11.0
2023-02-09 11:00:00,MLO,10.4
2023-02-09 12:00:00,MLO,10.1
2023-02-09 13:00:00,MLO,9.0
2023-02-09 14:00:00,MLO,9.3
2023-02-09 15:00:00,MLO,9.8
2023-02-09 16:00:00,MLO,10.2
2023-02-09 17:00:00,MLO,11.3
2023-02-09 18:00:00,MLO,12.5
2023-02-09 19:00:00,MLO,13.5
2023-02-09 20:00:00,MLO,13.1
2023-02-09 21:00:00,MLO,12.4
2023-02-09 22:00:00,MLO,12.3
2023-02-09 23:00:00,MLO,11.8
2023-02-10 00:00:00,MLO,11.8
2023-02-10 01:00:00,MLO,11.7
2023-02-10 02:00:00,MLO,11.9
2023-02-10 03:00:00,MLO,11.3
2023-02-10 04:00:00,MLO,11.1
2023-02-10 05:00:00,MLO,10.8
2023-02-10 06:00:00,MLO,11.1
2023-02-10 07:00:00,MLO,10.9
2023-02-10 08:00:00,MLO,10.5
2023-02-10 09:00:00,MLO,11.5
2023-02-10 10:00:00,MLO,11.7
2023-02-10 11:00:00,MLO,12.4
2023-02-10 12:00:00,MLO,12.9
2023-02-10 13:00:00,MLO,12.9
2023-02-10 14:00:00,MLO,12.5
2023-02-10 15:00:00,MLO,12.2
2023-02-10 16:00:00,MLO,12.5
2023-02-10 17:00:00,MLO,11.6
2023-02-10 18:00:00,MLO,12.3
2023-02-10 19:00:00,MLO,12.8
2023-02-10 20:00:00,MLO,12.7
2023-02-10 21:00:00,MLO,11.7
2023-02-10 22:00:00,MLO,13.0
2023-02-10 23:00:00,MLO,12.5
2023-02-11 00:00:00,MLO,12.1
2023-02-11 01:00:00,MLO,11.4
2023-02-11 02:00:00,MLO,11.4
2023-02-11 03:00:00,MLO,12.0
2023-02-11 04:00:00,MLO,11.6
2023-02-11 05:00:00,MLO,10.8
2023-02-11 06:00:00,MLO,11.5
2023-02-11 07:00:00,MLO,12.0
2023-02-11 08:00:00,MLO,11.7
2023-02-11 09:00:00,MLO,11.6
2023-02-11 10:00:00,MLO,10.9
2023-02-11 11:00:00,MLO,9.3
2023-02-11 12:00:00,MLO,9.6
2023-02-11 13:00:00,MLO,9.9
2023-02-11 14:00:00,MLO,9.4
2023-02-11 15:00:00,MLO,9.6
2023-02-11 16:00:00,MLO,8.9
2023-02-11 17:00:00,MLO,8.8
2023-02-11 18:00:00,MLO,8.3
2023-02-11 19:00:00,MLO,9.2
2023-02-11 20:00:00,MLO,8.8
2023-02-11 21:00:00,MLO,6.7
2023-02-11 22:00:00,MLO,6.3
2023-02-11 23:00:00,MLO,6.7
2023-02-12 00:00:00,MLO,7.5
2023-02-12 01:00:00,MLO,7.2
2023-02-12 02:00:00,MLO,7.1
2023-02-12 03:00:00,MLO,7.0
2023-02-12 04:00:00,MLO,6.3
2023-02-12 05:00:00,MLO,6.1
2023-02-12 06:00:00,MLO,6.9
2023-02-12 07:00:00,MLO,6.7
2023-02-12 08:00:00,MLO,5.6
2023-02-12 09:00:00,MLO,7.1
2023-02-12 10:00:00,MLO,6.9
2023-02-12 11:00:00,MLO,7.3
2023-02-12 12:00:00,MLO,6.4
2023-02-12 13:00:00,MLO,6.3
2023-02-12 14:00:00,MLO,7.2
2023-02-12 15:00:00,MLO,7.4
2023-02-12 16:00:00,MLO,8.4
2023-02-12 17:00:00,MLO,7.2
2023-02-12 18:00:00,MLO,5.9
2023-02-12 19:00:00,MLO,6.1
2023-02-12 20:00:00,MLO,6.5
2023-02-12 21:00:00,MLO,5.4
2023-02-12 22:00:00,MLO,6.6
2023-02-12 23:00:00,MLO,8.1
2023-02-13 00:00:00,MLO,7.2
2023-02-13 01:00:00,MLO,6.0
2023-02-13 02:00:00,MLO,4.7
2023-02-13 03:00:00,MLO,7.5
2023-02-13 04:00:00,MLO,5.5
2023-02-13 05:00:00,MLO,6.8
2023-02-13 06:00:00,MLO,5.8
2023-02-13 07:00:00,MLO,6.3
2023-02-13 08:00:00,MLO,6.1
2023-02-13 09:00:00,MLO,6.0
2023-02-13 10:00:00,MLO,5.0
2023-02-13 11:00:00,MLO,5.1
2023-02-13 12:00:00,MLO,4.6
2023-02-13 13:00:00,MLO,4.5
2023-02-13 14:00:00,MLO,3.4
2023-02-13 15:00:00,MLO,3.9
2023-02-13 16:00:00,MLO,5.0
2023-02-13 17:00:00,MLO,4.3
2023-02-13 18:00:00,MLO,4.2
2023-02-13 19:00:00,MLO,5.1
2023-02-13 20:00:00,MLO,4.5
2023-02-13 21:00:00,MLO,4.8
2023-02-13 22:00:00,MLO,4.2
2023-02-13 23:00:00,MLO,4.7
2023-02-14 00:00:00,MLO,6.2
2023-02-14 01:00:00,MLO,4.2
2023-02-14 02:00:00,MLO,2.9
2023-02-14 03:00:00,MLO,3.4
2023-02-14 04:00:00,MLO,3.1
2023-02-14 05:00:00,MLO,3.3
2023-02-14 06:00:00,MLO,3.1
2023-02-14 07:00:00,MLO,3.8
2023-02-14 08:00:00,MLO,3.1
2023-02-14 09:00:00,MLO,2.0
2023-02-14 10:00:00,MLO,2.0
2023-02-14 11:00:00,MLO,3.0
2023-02-14 12:00:00,MLO,2.7
2023-02-14 13:00:00,MLO,2.7
2023-02-14 14:00:00,MLO,3.2
2023-02-14 15:00:00,MLO,2.5
2023-02-14 16:00:00,MLO,3.1
2023-02-14 17:00:00,MLO,3.1
2023-02-14 18:00:00,MLO,1.2
2023-02-14 19:00:00,MLO,2.3
2023-02-14 20:00:00,MLO,2.9
2023-02-14 21:00:00,MLO,3.3
2023-02-14 22:00:00,MLO,4.0
2023-02-14 23:00:00,MLO,4.3
2023-02-15 00:00:00,MLO,4.3
2023-02-15 01:00:00,MLO,4.4
2023-02-15 02:00:00,MLO,3.9
2023-02-15 03:00:00,MLO,3.6
2023-02-15 04:00:00,MLO,3.0
2023-02-15 05:00:00,MLO,2.6
2023-02-15 06:00:00,MLO,3.8
2023-02-15 07:00:00,MLO,3.8
2023-02-15 08:00:00,MLO,3.8
2023-02-15 09:00:00,MLO,4.3
2023-02-15 10:00:00,MLO,4.3
2023-02-15 11:00:00,MLO,4.7
2023-02-15 12:00:00,MLO,3.2
2023-02-15 13:00:00,MLO,3.3
2023-02-15 14:00:00,MLO,1.3
2023-02-15 15:00:00,MLO,2.1
2023-02-15 16:00:00,MLO,2.5
2023-02-15 17:00:00,MLO,2.3
2023-02-15 18:00:00,MLO,1.7
2023-02-15 19:00:00,,1.6981132075471699
2023-02-15 20:00:00,,1.6962264150943396
2023-02-15 21:00:00,,1.6943396226415093
2023-02-15 22:00:00,,1.6924528301886792
2023-02-15 23:00:00,,1.6905660377358491
2023-02-16 00:00:00,,1.6886792452830188
2023-02-16 01:00:00,,1.6867924528301885
2023-02-16 02:00:00,,1.6849056603773584
2023-02-16 03:00:00,,1.6830188679245284
2023-02-16 04:00:00,,1.681132075471698
2023-02-16 05:00:00,,1.6792452830188678
2023-02-16 06:00:00,,1.6773584905660377
2023-02-16 07:00:00,,1.6754716981132076
2023-02-16 08:00:00,,1.6735849056603773
2023-02-16 09:00:00,,1.671698113207547
2023-02-16 10:00:00,,1.669811320754717
2023-02-16 11:00:00,,1.6679245283018869
2023-02-16 12:00:00,,1.6660377358490566
2023-02-16 13:00:00,,1.6641509433962263
2023-02-16 14:00:00,,1.6622641509433962
2023-02-16 15:00:00,,1.6603773584905661
2023-02-16 16:00:00,,1.6584905660377358
2023-02-16 17:00:00,,1.6566037735849055
2023-02-16 18:00:00,,1.6547169811320754
2023-02-16 19:00:00,,1.6528301886792454
2023-02-16 20:00:00,,1.650943396226415
2023-02-16 21:00:00,,1.6490566037735848
2023-02-16 22:00:00,,1.6471698113207547
2023-02-16 23:00:00,,1.6452830188679246
2023-02-17 00:00:00,,1.6433962264150943
2023-02-17 01:00:00,,1.641509433962264
2023-02-17 02:00:00,,1.639622641509434
2023-02-17 03:00:00,,1.6377358490566039
2023-02-17 04:00:00,,1.6358490566037736
2023-02-17 05:00:00,,1.6339622641509433
2023-02-17 06:00:00,,1.6320754716981132
2023-02-17 07:00:00,,1.630188679245283
2023-02-17 08:00:00,,1.6283018867924528
2023-02-17 09:00:00,,1.6264150943396225
2023-02-17 10:00:00,,1.6245283018867924
2023-02-17 11:00:00,,1.6226415094339623
2023-02-17 12:00:00,,1.620754716981132
2023-02-17 13:00:00,,1.6188679245283017
2023-02-17 14:00:00,,1.6169811320754717
2023-02-17 15:00:00,,1.6150943396226416
2023-02-17 16:00:00,,1.6132075471698113
2023-02-17 17:00:00,,1.611320754716981
2023-02-17 18:00:00,,1.609433962264151
2023-02-17 19:00:00,,1.6075471698113208
2023-02-17 20:00:00,,1.6056603773584905
2023-02-17 21:00:00,,1.6037735849056602
2023-02-17 22:00:00,,1.6018867924528302
2023-02-17 23:00:00,,1.6
2023-02-18 00:00:00,,1.5981132075471698
2023-02-18 01:00:00,,1.5962264150943395
2023-02-18 02:00:00,,1.5943396226415094
2023-02-18 03:00:00,,1.5924528301886793
2023-02-18 04:00:00,,1.590566037735849
2023-02-18 05:00:00,,1.5886792452830187
2023-02-18 06:00:00,,1.5867924528301887
2023-02-18 07:00:00,,1.5849056603773586
2023-02-18 08:00:00,,1.5830188679245283
2023-02-18 09:00:00,,1.581132075471698
2023-02-18 10:00:00,,1.579245283018868
2023-02-18 11:00:00,,1.5773584905660378
2023-02-18 12:00:00,,1.5754716981132075
2023-02-18 13:00:00,,1.5735849056603772
2023-02-18 14:00:00,,1.5716981132075472
2023-02-18 15:00:00,,1.569811320754717
2023-02-18 16:00:00,,1.5679245283018868
2023-02-18 17:00:00,,1.5660377358490565
2023-02-18 18:00:00,,1.5641509433962264
2023-02-18 19:00:00,,1.5622641509433963
2023-02-18 20:00:00,,1.560377358490566
2023-02-18 21:00:00,,1.5584905660377357
2023-02-18 22:00:00,,1.5566037735849056
2023-02-18 23:00:00,,1.5547169811320756
2023-02-19 00:00:00,,1.5528301886792453
2023-02-19 01:00:00,,1.550943396226415
2023-02-19 02:00:00,,1.549056603773585
2023-02-19 03:00:00,,1.5471698113207548
2023-02-19 04:00:00,,1.5452830188679245
2023-02-19 05:00:00,,1.5433962264150942
2023-02-19 06:00:00,,1.5415094339622641
2023-02-19 07:00:00,,1.539622641509434
2023-02-19 08:00:00,,1.5377358490566038
2023-02-19 09:00:00,,1.5358490566037735
2023-02-19 10:00:00,,1.5339622641509434
2023-02-19 11:00:00,,1.5320754716981133
2023-02-19 12:00:00,,1.530188679245283
2023-02-19 13:00:00,,1.5283018867924527
2023-02-19 14:00:00,,1.5264150943396226
2023-02-19 15:00:00,,1.5245283018867926
2023-02-19 16:00:00,,1.5226415094339623
2023-02-19 17:00:00,,1.520754716981132
2023-02-19 18:00:00,,1.5188679245283019
2023-02-19 19:00:00,,1.5169811320754718
2023-02-19 20:00:00,,1.5150943396226415
2023-02-19 21:00:00,,1.5132075471698112
2023-02-19 22:00:00,,1.5113207547169811
2023-02-19 23:00:00,,1.509433962264151
2023-02-20 00:00:00,,1.5075471698113208
2023-02-20 01:00:00,,1.5056603773584905
2023-02-20 02:00:00,,1.5037735849056604
2023-02-20 03:00:00,,1.5018867924528303
2023-02-20 04:00:00,,1.5
2023-02-20 05:00:00,,1.4981132075471697
2023-02-20 06:00:00,,1.4962264150943396
2023-02-20 07:00:00,,1.4943396226415095
2023-02-20 08:00:00,,1.4924528301886792
2023-02-20 09:00:00,,1.490566037735849
2023-02-20 10:00:00,,1.4886792452830189
2023-02-20 11:00:00,,1.4867924528301888
2023-02-20 12:00:00,,1.4849056603773585
2023-02-20 13:00:00,,1.4830188679245282
2023-02-20 14:00:00,,1.4811320754716981
2023-02-20 15:00:00,,1.479245283018868
2023-02-20 16:00:00,,1.4773584905660377
2023-02-20 17:00:00,,1.4754716981132074
2023-02-20 18:00:00,,1.4735849056603774
2023-02-20 19:00:00,,1.4716981132075473
2023-02-20 20:00:00,,1.469811320754717
2023-02-20 21:00:00,,1.4679245283018867
2023-02-20 22:00:00,,1.4660377358490566
2023-02-20 23:00:00,,1.4641509433962265
2023-02-21 00:00:00,,1.4622641509433962
2023-02-21 01:00:00,,1.460377358490566
2023-02-21 02:00:00,,1.4584905660377359
2023-02-21 03:00:00,,1.4566037735849058
2023-02-21 04:00:00,,1.4547169811320755
2023-02-21 05:00:00,,1.4528301886792452
2023-02-21 06:00:00,,1.450943396226415
2023-02-21 07:00:00,,1.449056603773585
2023-02-21 08:00:00,,1.4471698113207547
2023-02-21 09:00:00,,1.4452830188679244
2023-02-21 10:00:00,,1.4433962264150944
2023-02-21 11:00:00,,1.4415094339622643
2023-02-21 12:00:00,,1.439622641509434
2023-02-21 13:00:00,,1.4377358490566037
2023-02-21 14:00:00,,1.4358490566037736
2023-02-21 15:00:00,,1.4339622641509435
2023-02-21 16:00:00,,1.4320754716981132
2023-02-21 17:00:00,,1.430188679245283
2023-02-21 18:00:00,,1.4283018867924528
2023-02-21 19:00:00,,1.4264150943396228
2023-02-21 20:00:00,,1.4245283018867925
2023-02-21 21:00:00,,1.4226415094339622
2023-02-21 22:00:00,,1.420754716981132
2023-02-21 23:00:00,,1.418867924528302
2023-02-22 00:00:00,,1.4169811320754717
2023-02-22 01:00:00,,1.4150943396226414
2023-02-22 02:00:00,,1.4132075471698113
2023-02-22 03:00:00,,1.4113207547169813
2023-02-22 04:00:00,,1.409433962264151
2023-02-22 05:00:00,,1.4075471698113207
2023-02-22 06:00:00,,1.4056603773584906
2023-02-22 07:00:00,,1.4037735849056605
2023-02-22 08:00:00,,1.4018867924528302
2023-02-22 09:00:00,,1.4
2023-02-22 10:00:00,,1.3981132075471698
2023-02-22 11:00:00,,1.3962264150943398
2023-02-22 12:00:00,,1.3943396226415095
2023-02-22 13:00:00,,1.3924528301886792
2023-02-22 14:00:00,,1.390566037735849
2023-02-22 15:00:00,,1.388679245283019
2023-02-22 16:00:00,,1.3867924528301887
2023-02-22 17:00:00,,1.3849056603773584
2023-02-22 18:00:00,,1.3830188679245283
2023-02-22 19:00:00,,1.3811320754716983
2023-02-22 20:00:00,,1.379245283018868
2023-02-22 21:00:00,,1.3773584905660377
2023-02-22 22:00:00,,1.3754716981132076
2023-02-22 23:00:00,,1.3735849056603775
2023-02-23 00:00:00,,1.3716981132075472
2023-02-23 01:00:00,,1.369811320754717
2023-02-23 02:00:00,,1.3679245283018868
2023-02-23 03:00:00,,1.3660377358490567
2023-02-23 04:00:00,,1.3641509433962264
2023-02-23 05:00:00,,1.3622641509433961
2023-02-23 06:00:00,,1.360377358490566
2023-02-23 07:00:00,,1.358490566037736
2023-02-23 08:00:00,,1.3566037735849057
2023-02-23 09:00:00,,1.3547169811320754
2023-02-23 10:00:00,,1.3528301886792453
2023-02-23 11:00:00,,1.3509433962264152
2023-02-23 12:00:00,,1.349056603773585
2023-02-23 13:00:00,,1.3471698113207546
2023-02-23 14:00:00,,1.3452830188679246
2023-02-23 15:00:00,,1.3433962264150945
2023-02-23 16:00:00,,1.3415094339622642
2023-02-23 17:00:00,,1.3396226415094339
2023-02-23 18:00:00,,1.3377358490566038
2023-02-23 19:00:00,,1.3358490566037737
2023-02-23 20:00:00,,1.3339622641509434
2023-02-23 21:00:00,,1.3320754716981131
2023-02-23 22:00:00,,1.330188679245283
2023-02-23 23:00:00,,1.328301886792453
2023-02-24 00:00:00,,1.3264150943396227
2023-02-24 01:00:00,,1.3245283018867924
2023-02-24 02:00:00,,1.3226415094339623
2023-02-24 03:00:00,,1.3207547169811322
2023-02-24 04:00:00,,1.318867924528302
2023-02-24 05:00:00,,1.3169811320754716
2023-02-24 06:00:00,,1.3150943396226416
2023-02-24 07:00:00,,1.3132075471698115
2023-02-24 08:00:00,,1.3113207547169812
2023-02-24 09:00:00,,1.3094339622641509
2023-02-24 10:00:00,,1.3075471698113208
2023-02-24 11:00:00,,1.3056603773584907
2023-02-24 12:00:00,,1.3037735849056604
2023-02-24 13:00:00,,1.3018867924528301
2023-02-24 14:00:00,MLO,1.3
2023-02-24 15:00:00,MLO,2.5
2023-02-24 16:00:00,MLO,2.3
2023-02-24 17:00:00,MLO,3.6
2023-02-24 18:00:00,MLO,1.2
2023-02-24 19:00:00,MLO,3.0
2023-02-24 20:00:00,MLO,3.3
2023-02-24 21:00:00,MLO,2.9
2023-02-24 22:00:00,MLO,3.7
2023-02-24 23:00:00,MLO,4.6
2023-02-25 00:00:00,MLO,5.1
2023-02-25 01:00:00,MLO,5.4
2023-02-25 02:00:00,MLO,2.2
2023-02-25 03:00:00,MLO,2.6
2023-02-25 04:00:00,MLO,1.7
2023-02-25 05:00:00,MLO,1.2
2023-02-25 06:00:00,MLO,1.9
2023-02-25 07:00:00,MLO,2.3
2023-02-25 08:00:00,MLO,4.8
2023-02-25 09:00:00,MLO,4.7
2023-02-25 10:00:00,MLO,2.9
2023-02-25 11:00:00,MLO,1.9
2023-02-25 12:00:00,MLO,2.3
2023-02-25 13:00:00,MLO,2.0
2023-02-25 14:00:00,MLO,3.2
2023-02-25 15:00:00,MLO,2.3
2023-02-25 16:00:00,MLO,3.6
2023-02-25 17:00:00,MLO,1.8
2023-02-25 18:00:00,MLO,0.6
2023-02-25 19:00:00,MLO,1.7
2023-02-25 20:00:00,MLO,3.5
2023-02-25 21:00:00,MLO,4.3
2023-02-25 22:00:00,MLO,4.1
2023-02-25 23:00:00,MLO,4.8
2023-02-26 00:00:00,MLO,3.9
2023-02-26 01:00:00,MLO,3.7
2023-02-26 02:00:00,MLO,3.0
2023-02-26 03:00:00,MLO,2.1
2023-02-26 04:00:00,MLO,1.4
2023-02-26 05:00:00,MLO,2.3
2023-02-26 06:00:00,MLO,5.2
2023-02-26 07:00:00,MLO,5.1
2023-02-26 08:00:00,MLO,4.7
2023-02-26 09:00:00,MLO,3.9
2023-02-26 10:00:00,MLO,4.5
2023-02-26 11:00:00,MLO,2.8
2023-02-26 12:00:00,MLO,2.5
2023-02-26 13:00:00,MLO,2.5
2023-02-26 14:00:00,MLO,3.8
2023-02-26 15:00:00,MLO,4.8
2023-02-26 16:00:00,MLO,4.8
2023-02-26 17:00:00,MLO,3.5
2023-02-26 18:00:00,MLO,3.4
2023-02-26 19:00:00,MLO,4.8
2023-02-26 20:00:00,MLO,4.3
2023-02-26 21:00:00,MLO,4.7
2023-02-26 22:00:00,MLO,4.6
2023-02-26 23:00:00,MLO,5.0
2023-02-27 00:00:00,MLO,5.0
2023-02-27 01:00:00,MLO,4.8
2023-02-27 02:00:00,MLO,4.4
2023-02-27 03:00:00,MLO,7.3
2023-02-27 04:00:00,MLO,7.8
2023-02-27 05:00:00,MLO,7.9
2023-02-27 06:00:00,MLO,7.4
2023-02-27 07:00:00,MLO,8.8
2023-02-27 08:00:00,MLO,7.8
2023-02-27 09:00:00,MLO,7.3
2023-02-27 10:00:00,MLO,6.9
2023-02-27 11:00:00,MLO,7.5
2023-02-27 12:00:00,MLO,8.3
2023-02-27 13:00:00,MLO,8.2
2023-02-27 14:00:00,MLO,8.1
2023-02-27 15:00:00,MLO,7.8
2023-02-27 16:00:00,MLO,8.4
2023-02-27 17:00:00,MLO,8.2
2023-02-27 18:00:00,MLO,8.9
2023-02-27 19:00:00,MLO,8.7
2023-02-27 20:00:00,MLO,7.5
2023-02-27 21:00:00,MLO,6.2
2023-02-27 22:00:00,MLO,5.9
2023-02-27 23:00:00,MLO,4.6
2023-02-28 00:00:00,MLO,4.4
2023-02-28 01:00:00,MLO,5.0
2023-02-28 02:00:00,MLO,5.0
2023-02-28 03:00:00,MLO,6.5
2023-02-28 04:00:00,MLO,6.1
2023-02-28 05:00:00,MLO,5.8
2023-02-28 06:00:00,MLO,6.7
2023-02-28 07:00:00,MLO,5.7
2023-02-28 08:00:00,MLO,4.5
2023-02-28 09:00:00,MLO,3.0
2023-02-28 10:00:00,MLO,2.5
2023-02-28 11:00:00,MLO,2.9
2023-02-28 12:00:00,MLO,2.3
2023-02-28 13:00:00,MLO,5.5
2023-02-28 14:00:00,MLO,7.1
2023-02-28 15:00:00,MLO,6.7
2023-02-28 16:00:00,MLO,5.2
2023-02-28 17:00:00,MLO,5.7
2023-02-28 18:00:00,MLO,5.2
2023-02-28 19:00:00,MLO,6.6
2023-02-28 20:00:00,MLO,8.4
2023-02-28 21:00:00,MLO,8.7
2023-02-28 22:00:00,MLO,8.7
2023-02-28 23:00:00,MLO,8.1
2023-03-01 00:00:00,MLO,7.4
2023-03-01 01:00:00,MLO,7.8
2023-03-01 02:00:00,MLO,8.0
2023-03-01 03:00:00,MLO,7.2
2023-03-01 04:00:00,MLO,7.5
2023-03-01 05:00:00,MLO,9.1
2023-03-01 06:00:00,MLO,7.9
2023-03-01 07:00:00,MLO,6.6
2023-03-01 08:00:00,MLO,5.7
2023-03-01 09:00:00,MLO,6.5
2023-03-01 10:00:00,MLO,7.0
2023-03-01 11:00:00,MLO,6.8
2023-03-01 12:00:00,MLO,8.3
2023-03-01 13:00:00,MLO,8.6
2023-03-01 14:00:00,MLO,7.7
2023-03-01 15:00:00,MLO,6.9
2023-03-01 16:00:00,MLO,7.7
2023-03-01 17:00:00,MLO,8.0
2023-03-01 18:00:00,MLO,8.7
2023-03-01 19:00:00,MLO,8.8
2023-03-01 20:00:00,MLO,9.9
2023-03-01 21:00:00,MLO,9.4
2023-03-01 22:00:00,MLO,10.8
2023-03-01 23:00:00,MLO,8.6
2023-03-02 00:00:00,MLO,7.9
2023-03-02 01:00:00,MLO,7.7
2023-03-02 02:00:00,MLO,7.4
2023-03-02 03:00:00,MLO,8.0
2023-03-02 04:00:00,MLO,8.4
2023-03-02 05:00:00,MLO,9.2
2023-03-02 06:00:00,MLO,6.9
2023-03-02 07:00:00,MLO,8.4
2023-03-02 08:00:00,MLO,8.1
2023-03-02 09:00:00,MLO,17.9
2023-03-02 10:00:00,MLO,12.0
2023-03-02 11:00:00,MLO,10.4
2023-03-02 12:00:00,MLO,9.9
2023-03-02 13:00:00,MLO,9.9
2023-03-02 14:00:00,MLO,7.0
2023-03-02 15:00:00,MLO,7.4
2023-03-02 16:00:00,MLO,7.8
2023-03-02 17:00:00,MLO,11.1
2023-03-02 18:00:00,MLO,10.5
2023-03-02 19:00:00,MLO,10.6
2023-03-02 20:00:00,MLO,10.5
2023-03-02 21:00:00,MLO,10.5
2023-03-02 22:00:00,MLO,3.1
2023-03-02 23:00:00,MLO,4.9
2023-03-03 00:00:00,MLO,6.7
2023-03-03 01:00:00,MLO,8.0
2023-03-03 02:00:00,MLO,8.3
2023-03-03 03:00:00,MLO,9.6
2023-03-03 04:00:00,MLO,5.4
2023-03-03 05:00:00,MLO,8.5
2023-03-03 06:00:00,MLO,8.7
2023-03-03 07:00:00,MLO,9.8
2023-03-03 08:00:00,MLO,9.4
2023-03-03 09:00:00,MLO,8.9
2023-03-03 10:00:00,MLO,6.4
2023-03-03 11:00:00,MLO,4.3
2023-03-03 12:00:00,MLO,1.2
2023-03-03 13:00:00,MLO,5.1
2023-03-03 14:00:00,MLO,7.6
2023-03-03 15:00:00,MLO,2.1
2023-03-03 16:00:00,MLO,2.0
2023-03-03 17:00:00,MLO,3.0
2023-03-03 18:00:00,MLO,3.4
2023-03-03 19:00:00,MLO,5.4
2023-03-03 20:00:00,MLO,3.5
2023-03-03 21:00:00,MLO,4.0
2023-03-03 22:00:00,MLO,3.5
2023-03-03 23:00:00,MLO,3.4
2023-03-04 00:00:00,MLO,3.2
2023-03-04 01:00:00,MLO,6.4
2023-03-04 02:00:00,MLO,7.2
2023-03-04 03:00:00,MLO,7.4
2023-03-04 04:00:00,MLO,6.4
2023-03-04 05:00:00,MLO,6.2
2023-03-04 06:00:00,MLO,7.1
2023-03-04 07:00:00,MLO,9.4
2023-03-04 08:00:00,MLO,7.2
2023-03-04 09:00:00,MLO,4.0
2023-03-04 10:00:00,MLO,3.9
2023-03-04 11:00:00,MLO,2.9
2023-03-04 12:00:00,MLO,2.8
2023-03-04 13:00:00,MLO,2.5
2023-03-04 14:00:00,MLO,1.7
2023-03-04 15:00:00,MLO,1.5
2023-03-04 16:00:00,MLO,2.1
2023-03-04 17:00:00,MLO,1.7
2023-03-04 18:00:00,MLO,0.5
2023-03-04 19:00:00,MLO,0.6
2023-03-04 20:00:00,MLO,1.1
2023-03-04 21:00:00,MLO,1.2
2023-03-04 22:00:00,MLO,0.7
2023-03-04 23:00:00,MLO,2.0
2023-03-05 00:00:00,MLO,1.4
2023-03-05 01:00:00,MLO,0.7
2023-03-05 02:00:00,MLO,2.4
2023-03-05 03:00:00,MLO,2.0
2023-03-05 04:00:00,MLO,2.5
2023-03-05 05:00:00,MLO,2.6
2023-03-05 06:00:00,MLO,3.4
2023-03-05 07:00:00,MLO,4.9
2023-03-05 08:00:00,MLO,5.1
2023-03-05 09:00:00,MLO,5.3
2023-03-05 10:00:00,MLO,5.8
2023-03-05 11:00:00,MLO,6.6
2023-03-05 12:00:00,MLO,5.9
2023-03-05 13:00:00,MLO,5.9
2023-03-05 14:00:00,MLO,5.9
2023-03-05 15:00:00,MLO,6.3
2023-03-05 16:00:00,MLO,6.0
2023-03-05 17:00:00,MLO,5.1
2023-03-05 18:00:00,MLO,3.6
2023-03-05 19:00:00,MLO,4.1
2023-03-05 20:00:00,MLO,4.3
2023-03-05 21:00:00,MLO,5.0
2023-03-05 22:00:00,MLO,5.4
2023-03-05 23:00:00,MLO,6.0
2023-03-06 00:00:00,MLO,6.8
2023-03-06 01:00:00,MLO,5.8
2023-03-06 02:00:00,MLO,5.5
2023-03-06 03:00:00,MLO,4.9
2023-03-06 04:00:00,MLO,7.5
2023-03-06 05:00:00,MLO,7.1
2023-03-06 06:00:00,MLO,7.1
2023-03-06 07:00:00,MLO,6.9
2023-03-06 08:00:00,MLO,6.2
2023-03-06 09:00:00,MLO,6.5
2023-03-06 10:00:00,MLO,7.9
2023-03-06 11:00:00,MLO,7.8
2023-03-06 12:00:00,MLO,7.5
2023-03-06 13:00:00,MLO,7.6
2023-03-06 14:00:00,MLO,6.6
2023-03-06 15:00:00,MLO,6.2
2023-03-06 16:00:00,MLO,5.4
2023-03-06 17:00:00,MLO,4.8
2023-03-06 18:00:00,MLO,7.8
2023-03-06 19:00:00,MLO,8.7
2023-03-06 20:00:00,MLO,9.4
2023-03-06 21:00:00,MLO,11.3
2023-03-06 22:00:00,MLO,11.0
2023-03-06 23:00:00,MLO,10.6
2023-03-07 00:00:00,MLO,11.2
2023-03-07 01:00:00,MLO,12.1
2023-03-07 02:00:00,MLO,11.3
2023-03-07 03:00:00,MLO,11.5
2023-03-07 04:00:00,MLO,9.9
2023-03-07 05:00:00,MLO,10.7
2023-03-07 06:00:00,MLO,10.6
2023-03-07 07:00:00,MLO,11.5
2023-03-07 08:00:00,MLO,11.2
2023-03-07 09:00:00,MLO,10.0
2023-03-07 10:00:00,MLO,10.3
2023-03-07 11:00:00,MLO,13.4
2023-03-07 12:00:00,MLO,14.4
2023-03-07 13:00:00,MLO,14.3
2023-03-07 14:00:00,MLO,13.7
2023-03-07 15:00:00,MLO,13.8
2023-03-07 16:00:00,MLO,14.8
2023-03-07 17:00:00,MLO,14.6
2023-03-07 18:00:00,MLO,14.2
2023-03-07 19:00:00,,14.148846153846153
2023-03-07 20:00:00,,14.097692307692308
2023-03-07 21:00:00,,14.04653846153846
2023-03-07 22:00:00,,13.995384615384614
2023-03-07 23:00:00,,13.944230769230769
2023-03-08 00:00:00,,13.893076923076922
2023-03-08 01:00:00,,13.841923076923075
2023-03-08 02:00:00,,13.79076923076923
2023-03-08 03:00:00,,13.739615384615384
2023-03-08 04:00:00,,13.688461538461539
2023-03-08 05:00:00,,13.637307692307692
2023-03-08 06:00:00,,13.586153846153845
2023-03-08 07:00:00,,13.535
2023-03-08 08:00:00,,13.483846153846153
2023-03-08 09:00:00,,13.432692307692307
2023-03-08 10:00:00,,13.381538461538462
2023-03-08 11:00:00,,13.330384615384615
2023-03-08 12:00:00,,13.279230769230768
2023-03-08 13:00:00,,13.228076923076923
2023-03-08 14:00:00,,13.176923076923076
2023-03-08 15:00:00,,13.12576923076923
2023-03-08 16:00:00,,13.074615384615385
2023-03-08 17:00:00,,13.023461538461538
2023-03-08 18:00:00,,12.972307692307691
2023-03-08 19:00:00,,12.921153846153846
2023-03-08 20:00:00,,12.87
2023-03-08 21:00:00,,12.818846153846152
2023-03-08 22:00:00,,12.767692307692307
2023-03-08 23:00:00,,12.71653846153846
2023-03-09 00:00:00,,12.665384615384614
2023-03-09 01:00:00,,12.614230769230769
2023-03-09 02:00:00,,12.563076923076922
2023-03-09 03:00:00,,12.511923076923077
2023-03-09 04:00:00,,12.46076923076923
2023-03-09 05:00:00,,12.409615384615384
2023-03-09 06:00:00,,12.358461538461539
2023-03-09 07:00:00,,12.307307692307692
2023-03-09 08:00:00,,12.256153846153845
2023-03-09 09:00:00,,12.205
2023-03-09 10:00:00,,12.153846153846153
2023-03-09 11:00:00,,12.102692307692308
2023-03-09 12:00:00,,12.051538461538462
2023-03-09 13:00:00,,12.000384615384615
2023-03-09 14:00:00,,11.94923076923077
2023-03-09 15:00:00,,11.898076923076923
2023-03-09 16:00:00,,11.846923076923076
2023-03-09 17:00:00,,11.795769230769231
2023-03-09 18:00:00,,11.744615384615384
2023-03-09 19:00:00,,11.693461538461538
2023-03-09 20:00:00,,11.642307692307693
2023-03-09 21:00:00,,11.591153846153846
2023-03-09 22:00:00,,11.54
2023-03-09 23:00:00,,11.488846153846154
2023-03-10 00:00:00,,11.437692307692307
2023-03-10 01:00:00,,11.38653846153846
2023-03-10 02:00:00,,11.335384615384616
2023-03-10 03:00:00,,11.284230769230769
2023-03-10 04:00:00,,11.233076923076922
2023-03-10 05:00:00,,11.181923076923077
2023-03-10 06:00:00,,11.13076923076923
2023-03-10 07:00:00,,11.079615384615384
2023-03-10 08:00:00,,11.028461538461539
2023-03-10 09:00:00,,10.977307692307692
2023-03-10 10:00:00,,10.926153846153845
2023-03-10 11:00:00,,10.875
2023-03-10 12:00:00,,10.823846153846153
2023-03-10 13:00:00,,10.772692307692306
2023-03-10 14:00:00,,10.721538461538461
2023-03-10 15:00:00,,10.670384615384615
2023-03-10 16:00:00,,10.619230769230768
2023-03-10 17:00:00,,10.568076923076923
2023-03-10 18:00:00,,10.516923076923076
2023-03-10 19:00:00,,10.465769230769231
2023-03-10 20:00:00,,10.414615384615384
2023-03-10 21:00:00,,10.363461538461538
2023-03-10 22:00:00,,10.312307692307693
2023-03-10 23:00:00,,10.261153846153846
2023-03-11 00:00:00,,10.21
2023-03-11 01:00:00,,10.158846153846154
2023-03-11 02:00:00,,10.107692307692307
2023-03-11 03:00:00,,10.056538461538462
2023-03-11 04:00:00,,10.005384615384616
2023-03-11 05:00:00,,9.954230769230769
2023-03-11 06:00:00,,9.903076923076924
2023-03-11 07:00:00,,9.851923076923077
2023-03-11 08:00:00,,9.80076923076923
2023-03-11 09:00:00,,9.749615384615385
2023-03-11 10:00:00,,9.698461538461538
2023-03-11 11:00:00,,9.647307692307692
2023-03-11 12:00:00,,9.596153846153847
2023-03-11 13:00:00,,9.545
2023-03-11 14:00:00,,9.493846153846153
2023-03-11 15:00:00,,9.442692307692308
2023-03-11 16:00:00,,9.391538461538461
2023-03-11 17:00:00,,9.340384615384615
2023-03-11 18:00:00,,9.28923076923077
2023-03-11 19:00:00,,9.238076923076923
2023-03-11 20:00:00,,9.186923076923076
2023-03-11 21:00:00,,9.135769230769231
2023-03-11 22:00:00,,9.084615384615384
2023-03-11 23:00:00,,9.033461538461538
2023-03-12 00:00:00,,8.982307692307693
2023-03-12 01:00:00,,8.931153846153846
2023-03-12 02:00:00,,8.879999999999999
2023-03-12 03:00:00,,8.828846153846154
2023-03-12 04:00:00,,8.777692307692309
2023-03-12 05:00:00,,8.72653846153846
2023-03-12 06:00:00,,8.675384615384615
2023-03-12 07:00:00,,8.62423076923077
2023-03-12 08:00:00,,8.573076923076922
2023-03-12 09:00:00,,8.521923076923077
2023-03-12 10:00:00,,8.470769230769232
2023-03-12 11:00:00,,8.419615384615383
2023-03-12 12:00:00,,8.368461538461538
2023-03-12 13:00:00,,8.317307692307693
2023-03-12 14:00:00,,8.266153846153847
2023-03-12 15:00:00,,8.215
2023-03-12 16:00:00,,8.163846153846155
2023-03-12 17:00:00,,8.112692307692308
2023-03-12 18:00:00,,8.061538461538461
2023-03-12 19:00:00,,8.010384615384616
2023-03-12 20:00:00,,7.9592307692307696
2023-03-12 21:00:00,,7.908076923076923
2023-03-12 22:00:00,,7.856923076923077
2023-03-12 23:00:00,,7.805769230769231
2023-03-13 00:00:00,,7.754615384615385
2023-03-13 01:00:00,,7.703461538461538
2023-03-13 02:00:00,,7.6523076923076925
2023-03-13 03:00:00,,7.601153846153847
2023-03-13 04:00:00,,7.55
2023-03-13 05:00:00,,7.498846153846154
2023-03-13 06:00:00,,7.447692307692308
2023-03-13 07:00:00,,7.396538461538462
2023-03-13 08:00:00,,7.345384615384615
2023-03-13 09:00:00,,7.2942307692307695
2023-03-13 10:00:00,,7.243076923076924
2023-03-13 11:00:00,,7.191923076923077
2023-03-13 12:00:00,,7.140769230769231
2023-03-13 13:00:00,,7.089615384615385
2023-03-13 14:00:00,,7.038461538461538
2023-03-13 15:00:00,,6.987307692307692
2023-03-13 16:00:00,,6.936153846153847
2023-03-13 17:00:00,,6.885000000000001
2023-03-13 18:00:00,,6.833846153846154
2023-03-13 19:00:00,,6.782692307692308
2023-03-13 20:00:00,,6.731538461538462
2023-03-13 21:00:00,,6.680384615384615
2023-03-13 22:00:00,,6.6292307692307695
2023-03-13 23:00:00,,6.578076923076924
2023-03-14 00:00:00,,6.526923076923077
2023-03-14 01:00:00,,6.475769230769231
2023-03-14 02:00:00,,6.424615384615385
2023-03-14 03:00:00,,6.373461538461539
2023-03-14 04:00:00,,6.322307692307692
2023-03-14 05:00:00,,6.2711538461538465
2023-03-14 06:00:00,,6.220000000000001
2023-03-14 07:00:00,,6.168846153846154
2023-03-14 08:00:00,,6.117692307692309
2023-03-14 09:00:00,,6.066538461538462
2023-03-14 10:00:00,,6.015384615384615
2023-03-14 11:00:00,,5.96423076923077
2023-03-14 12:00:00,,5.913076923076924
2023-03-14 13:00:00,,5.861923076923077
2023-03-14 14:00:00,,5.810769230769232
2023-03-14 15:00:00,,5.759615384615385
2023-03-14 16:00:00,,5.708461538461538
2023-03-14 17:00:00,,5.657307692307693
2023-03-14 18:00:00,,5.6061538461538465
2023-03-14 19:00:00,,5.555
2023-03-14 20:00:00,,5.503846153846155
2023-03-14 21:00:00,,5.452692307692308
2023-03-14 22:00:00,,5.401538461538461
2023-03-14 23:00:00,,5.350384615384616
2023-03-15 00:00:00,,5.299230769230769
2023-03-15 01:00:00,,5.248076923076924
2023-03-15 02:00:00,,5.196923076923078
2023-03-15 03:00:00,,5.145769230769231
2023-03-15 04:00:00,,5.094615384615386
2023-03-15 05:00:00,,5.043461538461539
2023-03-15 06:00:00,,4.992307692307692
2023-03-15 07:00:00,,4.941153846153847
2023-03-15 08:00:00,,4.890000000000001
2023-03-15 09:00:00,,4.838846153846154
2023-03-15 10:00:00,,4.787692307692309
2023-03-15 11:00:00,,4.736538461538462
2023-03-15 12:00:00,,4.685384615384615
2023-03-15 13:00:00,,4.63423076923077
2023-03-15 14:00:00,,4.5830769230769235
2023-03-15 15:00:00,,4.531923076923077
2023-03-15 16:00:00,,4.480769230769232
2023-03-15 17:00:00,,4.429615384615385
2023-03-15 18:00:00,,4.37846153846154
2023-03-15 19:00:00,,4.327307692307693
2023-03-15 20:00:00,,4.276153846153846
2023-03-15 21:00:00,,4.225000000000001
2023-03-15 22:00:00,,4.173846153846155
2023-03-15 23:00:00,,4.122692307692308
2023-03-16 00:00:00,,4.071538461538463
2023-03-16 01:00:00,,4.020384615384616
2023-03-16 02:00:00,,3.9692307692307693
2023-03-16 03:00:00,,3.9180769230769243
2023-03-16 04:00:00,,3.8669230769230776
2023-03-16 05:00:00,,3.815769230769231
2023-03-16 06:00:00,,3.764615384615386
2023-03-16 07:00:00,,3.713461538461539
2023-03-16 08:00:00,,3.6623076923076923
2023-03-16 09:00:00,,3.6111538461538473
2023-03-16 10:00:00,,3.5600000000000005
2023-03-16 11:00:00,,3.5088461538461537
2023-03-16 12:00:00,,3.4576923076923087
2023-03-16 13:00:00,,3.406538461538462
2023-03-16 14:00:00,,3.355384615384617
2023-03-16 15:00:00,,3.30423076923077
2023-03-16 16:00:00,,3.2530769230769234
2023-03-16 17:00:00,,3.2019230769230784
2023-03-16 18:00:00,,3.1507692307692317
2023-03-16 19:00:00,,3.099615384615385
2023-03-16 20:00:00,,3.04846153846154
2023-03-16 21:00:00,,2.997307692307693
2023-03-16 22:00:00,,2.9461538461538463
2023-03-16 23:00:00,,2.8950000000000014
2023-03-17 00:00:00,,2.8438461538461546
2023-03-17 01:00:00,,2.792692307692308
2023-03-17 02:00:00,,2.741538461538463
2023-03-17 03:00:00,,2.690384615384616
2023-03-17 04:00:00,,2.6392307692307693
2023-03-17 05:00:00,,2.5880769230769243
2023-03-17 06:00:00,,2.5369230769230775
2023-03-17 07:00:00,,2.4857692307692325
2023-03-17 08:00:00,,2.4346153846153857
2023-03-17 09:00:00,,2.383461538461539
2023-03-17 10:00:00,,2.332307692307694
2023-03-17 11:00:00,,2.281153846153847
2023-03-17 12:00:00,,2.2300000000000004
2023-03-17 13:00:00,,2.1788461538461554
2023-03-17 14:00:00,,2.1276923076923087
2023-03-17 15:00:00,,2.076538461538462
2023-03-17 16:00:00,,2.025384615384617
2023-03-17 17:00:00,,1.9742307692307701
2023-03-17 18:00:00,,1.9230769230769234
2023-03-17 19:00:00,,1.8719230769230784
2023-03-17 20:00:00,,1.8207692307692316
2023-03-17 21:00:00,,1.7696153846153848
2023-03-17 22:00:00,,1.7184615384615398
2023-03-17 23:00:00,,1.667307692307693
2023-03-18 00:00:00,,1.6161538461538463
2023-03-18 01:00:00,,1.5650000000000013
2023-03-18 02:00:00,,1.5138461538461545
2023-03-18 03:00:00,,1.4626923076923095
2023-03-18 04:00:00,,1.4115384615384627
2023-03-18 05:00:00,,1.360384615384616
2023-03-18 06:00:00,,1.309230769230771
2023-03-18 07:00:00,,1.2580769230769242
2023-03-18 08:00:00,,1.2069230769230774
2023-03-18 09:00:00,,1.1557692307692324
2023-03-18 10:00:00,,1.1046153846153857
2023-03-18 11:00:00,,1.053461538461539
2023-03-18 12:00:00,,1.002307692307694
2023-03-18 13:00:00,,0.9511538461538471
2023-03-18 14:00:00,MLO,0.9
2023-03-18 15:00:00,MLO,2.1
2023-03-18 16:00:00,MLO,3.3
2023-03-18 17:00:00,MLO,2.1
2023-03-18 18:00:00,MLO,1.8
2023-03-18 19:00:00,MLO,2.2
2023-03-18 20:00:00,MLO,2.7
2023-03-18 21:00:00,MLO,3.6
2023-03-18 22:00:00,MLO,3.4
2023-03-18 23:00:00,MLO,3.8
2023-03-19 00:00:00,MLO,3.5
2023-03-19 01:00:00,MLO,3.6
2023-03-19 02:00:00,MLO,2.5
2023-03-19 03:00:00,MLO,1.4
2023-03-19 04:00:00,MLO,1.0
2023-03-19 05:00:00,MLO,3.8
2023-03-19 06:00:00,MLO,1.3
2023-03-19 07:00:00,MLO,4.2
2023-03-19 08:00:00,MLO,7.0
2023-03-19 09:00:00,MLO,7.9
2023-03-19 10:00:00,MLO,8.1
2023-03-19 11:00:00,MLO,8.1
2023-03-19 12:00:00,MLO,8.2
2023-03-19 13:00:00,MLO,7.3
2023-03-19 14:00:00,MLO,7.7
2023-03-19 15:00:00,MLO,7.3
2023-03-19 16:00:00,MLO,3.4
2023-03-19 17:00:00,MLO,1.7
2023-03-19 18:00:00,MLO,1.8
2023-03-19 19:00:00,MLO,2.7
2023-03-19 20:00:00,MLO,2.8
2023-03-19 21:00:00,MLO,3.9
2023-03-19 22:00:00,MLO,3.1
2023-03-19 23:00:00,MLO,4.7
2023-03-20 00:00:00,MLO,3.9
2023-03-20 01:00:00,MLO,3.4
2023-03-20 02:00:00,MLO,2.5
2023-03-20 03:00:00,MLO,1.5
2023-03-20 04:00:00,MLO,1.2
2023-03-20 05:00:00,MLO,0.5
2023-03-20 06:00:00,MLO,1.4
2023-03-20 07:00:00,MLO,2.3
2023-03-20 08:00:00,MLO,1.8
2023-03-20 09:00:00,MLO,2.5
2023-03-20 10:00:00,MLO,5.1
2023-03-20 11:00:00,MLO,7.0
2023-03-20 12:00:00,MLO,6.5
2023-03-20 13:00:00,MLO,7.1
2023-03-20 14:00:00,MLO,6.5
2023-03-20 15:00:00,MLO,6.1
2023-03-20 16:00:00,MLO,7.2
2023-03-20 17:00:00,MLO,6.3
2023-03-20 18:00:00,MLO,0.2
2023-03-20 19:00:00,MLO,2.0
2023-03-20 20:00:00,MLO,2.7
2023-03-20 21:00:00,MLO,3.0
2023-03-20 22:00:00,MLO,3.5
2023-03-20 23:00:00,MLO,3.5
2023-03-21 00:00:00,MLO,3.4
2023-03-21 01:00:00,MLO,3.6
2023-03-21 02:00:00,MLO,2.5
2023-03-21 03:00:00,MLO,2.4
2023-03-21 04:00:00,MLO,1.3
2023-03-21 05:00:00,MLO,1.3
2023-03-21 06:00:00,MLO,0.4
2023-03-21 07:00:00,MLO,2.2
2023-03-21 08:00:00,MLO,3.3
2023-03-21 09:00:00,MLO,3.3
2023-03-21 10:00:00,MLO,3.3
2023-03-21 11:00:00,MLO,4.2
2023-03-21 12:00:00,MLO,4.5
2023-03-21 13:00:00,MLO,5.3
2023-03-21 14:00:00,MLO,3.7
2023-03-21 15:00:00,MLO,3.3
2023-03-21 16:00:00,MLO,3.7
2023-03-21 17:00:00,MLO,2.0
2023-03-21 18:00:00,MLO,1.5
2023-03-21 19:00:00,MLO,2.5
2023-03-21 20:00:00,MLO,3.4
2023-03-21 21:00:00,MLO,4.0
2023-03-21 22:00:00,MLO,4.2
2023-03-21 23:00:00,MLO,4.6
2023-03-22 00:00:00,MLO,3.6
2023-03-22 01:00:00,MLO,3.5
2023-03-22 02:00:00,MLO,2.8
2023-03-22 03:00:00,MLO,1.5
2023-03-22 04:00:00,MLO,1.3
2023-03-22 05:00:00,MLO,1.3
2023-03-22 06:00:00,MLO,1.7
2023-03-22 07:00:00,MLO,2.3
2023-03-22 08:00:00,MLO,2.8
2023-03-22 09:00:00,MLO,5.3
2023-03-22 10:00:00,MLO,5.8
2023-03-22 11:00:00,MLO,4.9
2023-03-22 12:00:00,MLO,4.7
2023-03-22 13:00:00,MLO,5.3
2023-03-22 14:00:00,MLO,5.5
2023-03-22 15:00:00,MLO,7.2
2023-03-22 16:00:00,MLO,7.5
2023-03-22 17:00:00,MLO,9.5
2023-03-22 18:00:00,MLO,8.1
2023-03-22 19:00:00,MLO,9.6
2023-03-22 20:00:00,MLO,7.6
2023-03-22 21:00:00,MLO,2.9
2023-03-22 22:00:00,MLO,6.4
2023-03-22 23:00:00,MLO,2.1
2023-03-23 00:00:00,MLO,5.7
2023-03-23 01:00:00,MLO,7.1
2023-03-23 02:00:00,MLO,5.5
2023-03-23 03:00:00,MLO,3.6
2023-03-23 04:00:00,MLO,2.0
2023-03-23 05:00:00,MLO,3.4
2023-03-23 06:00:00,MLO,3.1
2023-03-23 07:00:00,MLO,3.0
2023-03-23 08:00:00,MLO,2.1
2023-03-23 09:00:00,MLO,9.0
2023-03-23 10:00:00,MLO,9.0
2023-03-23 11:00:00,MLO,6.5
2023-03-23 12:00:00,MLO,8.2
2023-03-23 13:00:00,MLO,4.3
2023-03-23 14:00:00,MLO,8.7
2023-03-23 15:00:00,MLO,6.3
2023-03-23 16:00:00,MLO,1.2
2023-03-23 17:00:00,MLO,1.2
2023-03-23 18:00:00,MLO,1.2
2023-03-23 19:00:00,MLO,1.3
2023-03-23 20:00:00,MLO,2.5
2023-03-23 21:00:00,MLO,1.7
2023-03-23 22:00:00,MLO,3.5
2023-03-23 23:00:00,MLO,3.3
2023-03-24 00:00:00,MLO,3.0
2023-03-24 01:00:00,MLO,1.6
2023-03-24 02:00:00,MLO,2.5
2023-03-24 03:00:00,MLO,1.6
2023-03-24 04:00:00,MLO,0.4
2023-03-24 05:00:00,MLO,1.1
2023-03-24 06:00:00,MLO,2.3
2023-03-24 07:00:00,MLO,2.1
2023-03-24 08:00:00,MLO,4.2
2023-03-24 09:00:00,MLO,4.4
2023-03-24 10:00:00,MLO,1.4
2023-03-24 11:00:00,MLO,2.9
2023-03-24 12:00:00,MLO,3.7
2023-03-24 13:00:00,MLO,0.4
2023-03-24 14:00:00,MLO,1.0
2023-03-24 15:00:00,MLO,0.8
2023-03-24 16:00:00,MLO,1.2
2023-03-24 17:00:00,MLO,1.3
2023-03-24 18:00:00,MLO,2.0
2023-03-24 19:00:00,MLO,3.4
2023-03-24 20:00:00,MLO,4.3
2023-03-24 21:00:00,MLO,5.9
2023-03-24 22:00:00,MLO,5.8
2023-03-24 23:00:00,MLO,6.3
2023-03-25 00:00:00,MLO,1.4
2023-03-25 01:00:00,MLO,3.4
2023-03-25 02:00:00,MLO,3.4
2023-03-25 03:00:00,MLO,2.7
2023-03-25 04:00:00,MLO,2.4
2023-03-25 05:00:00,MLO,5.9
2023-03-25 06:00:00,MLO,6.8
2023-03-25 07:00:00,MLO,7.3
2023-03-25 08:00:00,MLO,6.4
2023-03-25 09:00:00,MLO,5.1
2023-03-25 10:00:00,MLO,3.9
2023-03-25 11:00:00,MLO,5.7
2023-03-25 12:00:00,MLO,6.9
2023-03-25 13:00:00,MLO,6.0
2023-03-25 14:00:00,MLO,5.7
2023-03-25 15:00:00,MLO,6.9
2023-03-25 16:00:00,MLO,7.6
2023-03-25 17:00:00,MLO,6.8
2023-03-25 18:00:00,MLO,5.5
2023-03-25 19:00:00,MLO,2.3
2023-03-25 20:00:00,MLO,3.2
2023-03-25 21:00:00,MLO,6.2
2023-03-25 22:00:00,MLO,6.8
2023-03-25 23:00:00,MLO,7.1
2023-03-26 00:00:00,MLO,8.0
2023-03-26 01:00:00,MLO,6.8
2023-03-26 02:00:00,MLO,6.2
2023-03-26 03:00:00,MLO,5.5
2023-03-26 04:00:00,MLO,4.2
2023-03-26 05:00:00,MLO,4.1
2023-03-26 06:00:00,MLO,5.4
2023-03-26 07:00:00,MLO,6.1
2023-03-26 08:00:00,MLO,7.1
2023-03-26 09:00:00,MLO,6.0
2023-03-26 10:00:00,MLO,4.5
2023-03-26 11:00:00,MLO,4.4
2023-03-26 12:00:00,MLO,3.4
2023-03-26 13:00:00,MLO,3.1
2023-03-26 14:00:00,MLO,4.3
2023-03-26 15:00:00,MLO,4.9
2023-03-26 16:00:00,MLO,3.9
2023-03-26 17:00:00,MLO,1.6
2023-03-26 18:00:00,MLO,1.8
2023-03-26 19:00:00,MLO,2.7
2023-03-26 20:00:00,MLO,3.3
2023-03-26 21:00:00,MLO,4.7
2023-03-26 22:00:00,MLO,4.6
2023-03-26 23:00:00,MLO,4.7
2023-03-27 00:00:00,MLO,3.7
2023-03-27 01:00:00,MLO,3.6
2023-03-27 02:00:00,MLO,2.9
2023-03-27 03:00:00,MLO,2.1
2023-03-27 04:00:00,MLO,0.6
2023-03-27 05:00:00,MLO,1.8
2023-03-27 06:00:00,MLO,1.9
2023-03-27 07:00:00,MLO,2.4
2023-03-27 08:00:00,MLO,2.6
2023-03-27 09:00:00,MLO,1.4
2023-03-27 10:00:00,MLO,2.1
2023-03-27 11:00:00,MLO,2.2
2023-03-27 12:00:00,MLO,2.7
2023-03-27 13:00:00,MLO,2.5
2023-03-27 14:00:00,MLO,5.4
2023-03-27 15:00:00,MLO,4.7
2023-03-27 16:00:00,MLO,4.1
2023-03-27 17:00:00,MLO,3.5
2023-03-27 18:00:00,MLO,2.3
2023-03-27 19:00:00,MLO,2.8
2023-03-27 20:00:00,MLO,3.3
2023-03-27 21:00:00,MLO,4.8
2023-03-27 22:00:00,MLO,4.6
2023-03-27 23:00:00,MLO,4.1
2023-03-28 00:00:00,MLO,4.2
2023-03-28 01:00:00,MLO,4.6
2023-03-28 02:00:00,MLO,3.4
2023-03-28 03:00:00,MLO,3.0
2023-03-28 04:00:00,MLO,1.5
2023-03-28 05:00:00,MLO,0.7
2023-03-28 06:00:00,MLO,1.1
2023-03-28 07:00:00,MLO,1.9
2023-03-28 08:00:00,MLO,2.3
2023-03-28 09:00:00,MLO,3.0
2023-03-28 10:00:00,MLO,3.0
2023-03-28 11:00:00,MLO,2.9
2023-03-28 12:00:00,MLO,4.2
2023-03-28 13:00:00,MLO,4.4
2023-03-28 14:00:00,MLO,3.7
2023-03-28 15:00:00,MLO,3.6
2023-03-28 16:00:00,MLO,3.9
2023-03-28 17:00:00,MLO,2.3
2023-03-28 18:00:00,MLO,1.4
2023-03-28 19:00:00,MLO,3.1
2023-03-28 20:00:00,MLO,3.1
2023-03-28 21:00:00,MLO,4.0
2023-03-28 22:00:00,MLO,3.9
2023-03-28 23:00:00,MLO,3.8
2023-03-29 00:00:00,MLO,4.1
2023-03-29 01:00:00,MLO,3.3
2023-03-29 02:00:00,MLO,2.3
2023-03-29 03:00:00,MLO,1.6
2023-03-29 04:00:00,MLO,0.5
2023-03-29 05:00:00,MLO,0.3
2023-03-29 06:00:00,MLO,0.8
2023-03-29 07:00:00,MLO,1.4
2023-03-29 08:00:00,MLO,1.2
2023-03-29 09:00:00,MLO,3.1
2023-03-29 10:00:00,MLO,1.1
2023-03-29 11:00:00,MLO,0.9
2023-03-29 12:00:00,MLO,0.8
2023-03-29 13:00:00,MLO,3.8
2023-03-29 14:00:00,MLO,6.0
2023-03-29 15:00:00,MLO,6.8
2023-03-29 16:00:00,MLO,2.6
2023-03-29 17:00:00,MLO,2.5
2023-03-29 18:00:00,MLO,0.3
2023-03-29 19:00:00,MLO,6.5
2023-03-29 20:00:00,MLO,6.8
2023-03-29 21:00:00,MLO,3.8
2023-03-29 22:00:00,MLO,5.3
2023-03-29 23:00:00,MLO,5.8
2023-03-30 00:00:00,MLO,6.3
2023-03-30 01:00:00,MLO,5.9
2023-03-30 02:00:00,MLO,5.1
2023-03-30 03:00:00,MLO,5.0
2023-03-30 04:00:00,MLO,7.6
2023-03-30 05:00:00,MLO,6.0
2023-03-30 06:00:00,MLO,5.1
2023-03-30 07:00:00,MLO,5.3
2023-03-30 08:00:00,MLO,4.8
2023-03-30 09:00:00,MLO,5.0
2023-03-30 10:00:00,MLO,5.8
2023-03-30 11:00:00,MLO,5.5
2023-03-30 12:00:00,MLO,4.9
2023-03-30 13:00:00,MLO,4.5
2023-03-30 14:00:00,MLO,3.5
2023-03-30 15:00:00,MLO,3.2
2023-03-30 16:00:00,MLO,3.1
2023-03-30 17:00:00,MLO,2.9
2023-03-30 18:00:00,MLO,2.2
2023-03-30 19:00:00,MLO,3.0
2023-03-30 20:00:00,MLO,3.9
2023-03-30 21:00:00,MLO,4.2
2023-03-30 22:00:00,MLO,4.5
2023-03-30 23:00:00,MLO,4.4
2023-03-31 00:00:00,MLO,4.5
2023-03-31 01:00:00,MLO,4.4
2023-03-31 02:00:00,MLO,3.3
2023-03-31 03:00:00,MLO,1.9
2023-03-31 04:00:00,MLO,1.4
2023-03-31 05:00:00,MLO,0.7
2023-03-31 06:00:00,MLO,1.0
2023-03-31 07:00:00,MLO,0.9
2023-03-31 08:00:00,MLO,1.1
2023-03-31 09:00:00,MLO,3.2
2023-03-31 10:00:00,MLO,3.0
2023-03-31 11:00:00,MLO,3.2
2023-03-31 12:00:00,MLO,3.4
2023-03-31 13:00:00,MLO,4.2
2023-03-31 14:00:00,MLO,3.7
2023-03-31 15:00:00,MLO,1.9
2023-03-31 16:00:00,MLO,2.3
2023-03-31 17:00:00,MLO,1.7
2023-03-31 18:00:00,MLO,2.9
2023-03-31 19:00:00,MLO,3.5
2023-03-31 20:00:00,MLO,4.7
2023-03-31 21:00:00,MLO,4.1
2023-03-31 22:00:00,MLO,4.2
2023-03-31 23:00:00,MLO,3.7
2023-04-01 00:00:00,MLO,3.6
2023-04-01 01:00:00,MLO,3.9
2023-04-01 02:00:00,MLO,2.9
2023-04-01 03:00:00,MLO,3.1
2023-04-01 04:00:00,MLO,1.7
2023-04-01 05:00:00,MLO,0.7
2023-04-01 06:00:00,MLO,1.4
2023-04-01 07:00:00,MLO,1.8
2023-04-01 08:00:00,MLO,1.8
2023-04-01 09:00:00,MLO,1.4
2023-04-01 10:00:00,MLO,2.2
2023-04-01 11:00:00,MLO,1.3
2023-04-01 12:00:00,MLO,1.6
2023-04-01 13:00:00,MLO,2.3
2023-04-01 14:00:00,MLO,2.5
2023-04-01 15:00:00,MLO,2.5
2023-04-01 16:00:00,MLO,2.3
2023-04-01 17:00:00,MLO,1.4
2023-04-01 18:00:00,MLO,1.9
2023-04-01 19:00:00,MLO,3.9
2023-04-01 20:00:00,MLO,3.7
2023-04-01 21:00:00,MLO,3.5
2023-04-01 22:00:00,MLO,4.4
2023-04-01 23:00:00,MLO,5.4
2023-04-02 00:00:00,MLO,5.5
2023-04-02 01:00:00,MLO,3.5
2023-04-02 02:00:00,MLO,2.5
2023-04-02 03:00:00,MLO,1.1
2023-04-02 04:00:00,MLO,0.8
2023-04-02 05:00:00,MLO,3.4
2023-04-02 06:00:00,MLO,2.9
2023-04-02 07:00:00,MLO,5.6
2023-04-02 08:00:00,MLO,7.0
2023-04-02 09:00:00,MLO,2.4
2023-04-02 10:00:00,MLO,4.7
2023-04-02 11:00:00,MLO,4.4
2023-04-02 12:00:00,MLO,3.3
2023-04-02 13:00:00,MLO,1.2
2023-04-02 14:00:00,MLO,0.8
2023-04-02 15:00:00,MLO,0.4
2023-04-02 16:00:00,MLO,1.4
2023-04-02 17:00:00,MLO,0.2
2023-04-02 18:00:00,MLO,0.5
2023-04-02 19:00:00,MLO,1.2
2023-04-02 20:00:00,MLO,1.7
2023-04-02 21:00:00,MLO,3.0
2023-04-02 22:00:00,MLO,3.3
2023-04-02 23:00:00,MLO,1.4
2023-04-03 00:00:00,MLO,2.0
2023-04-03 01:00:00,MLO,6.5
2023-04-03 02:00:00,MLO,10.3
2023-04-03 03:00:00,MLO,6.6
2023-04-03 04:00:00,MLO,7.8
2023-04-03 05:00:00,MLO,7.7
2023-04-03 06:00:00,MLO,1.1
2023-04-03 07:00:00,MLO,0.6
2023-04-03 08:00:00,MLO,0.7
2023-04-03 09:00:00,MLO,0.5
2023-04-03 10:00:00,MLO,0.9
2023-04-03 11:00:00,MLO,1.1
2023-04-03 12:00:00,MLO,2.7
2023-04-03 13:00:00,MLO,2.9
2023-04-03 14:00:00,MLO,3.7
2023-04-03 15:00:00,MLO,6.0
2023-04-03 16:00:00,MLO,3.1
2023-04-03 17:00:00,MLO,0.6
2023-04-03 18:00:00,MLO,1.3
2023-04-03 19:00:00,MLO,1.6
2023-04-03 20:00:00,MLO,1.7
2023-04-03 21:00:00,MLO,2.5
2023-04-03 22:00:00,MLO,3.2
2023-04-03 23:00:00,MLO,3.8
2023-04-04 00:00:00,MLO,4.0
2023-04-04 01:00:00,MLO,4.6
2023-04-04 02:00:00,MLO,3.5
2023-04-04 03:00:00,MLO,3.1
2023-04-04 04:00:00,MLO,2.2
2023-04-04 05:00:00,,2.2
2023-04-04 06:00:00,,2.2
2023-04-04 07:00:00,,2.2
2023-04-04 08:00:00,,2.2
2023-04-04 09:00:00,,2.2
2023-04-04 10:00:00,,2.2
2023-04-04 11:00:00,,2.2
2023-04-04 12:00:00,,2.2
2023-04-04 13:00:00,,2.2
2023-04-04 14:00:00,,2.2
2023-04-04 15:00:00,,2.2
2023-04-04 16:00:00,,2.2
2023-04-04 17:00:00,,2.2
2023-04-04 18:00:00,,2.2
2023-04-04 19:00:00,,2.2
2023-04-04 20:00:00,,2.2
2023-04-04 21:00:00,,2.2
2023-04-04 22:00:00,,2.2
2023-04-04 23:00:00,,2.2
2023-04-05 00:00:00,MLO,2.2
2023-04-05 01:00:00,MLO,1.7
2023-04-05 02:00:00,MLO,3.8
2023-04-05 03:00:00,MLO,2.8
2023-04-05 04:00:00,MLO,1.4
2023-04-05 05:00:00,MLO,1.7
2023-04-05 06:00:00,MLO,1.5
2023-04-05 07:00:00,MLO,1.5
2023-04-05 08:00:00,MLO,0.7
2023-04-05 09:00:00,MLO,1.8
2023-04-05 10:00:00,MLO,0.8
2023-04-05 11:00:00,MLO,1.4
2023-04-05 12:00:00,MLO,1.4
2023-04-05 13:00:00,MLO,1.0
2023-04-05 14:00:00,MLO,1.6
2023-04-05 15:00:00,MLO,1.4
2023-04-05 16:00:00,MLO,3.1
2023-04-05 17:00:00,MLO,0.5
2023-04-05 18:00:00,MLO,1.3
2023-04-05 19:00:00,MLO,2.2
2023-04-05 20:00:00,MLO,2.9
2023-04-05 21:00:00,MLO,3.2
2023-04-05 22:00:00,MLO,4.0
2023-04-05 23:00:00,MLO,3.5
2023-04-06 00:00:00,MLO,2.7
2023-04-06 01:00:00,MLO,3.4
2023-04-06 02:00:00,MLO,2.8
2023-04-06 03:00:00,MLO,1.9
2023-04-06 04:00:00,MLO,1.1
2023-04-06 05:00:00,MLO,0.9
2023-04-06 06:00:00,MLO,3.7
2023-04-06 07:00:00,MLO,2.9
2023-04-06 08:00:00,MLO,4.1
2023-04-06 09:00:00,MLO,4.3
2023-04-06 10:00:00,MLO,4.5
2023-04-06 11:00:00,MLO,3.7
2023-04-06 12:00:00,MLO,3.7
2023-04-06 13:00:00,MLO,3.5
2023-04-06 14:00:00,MLO,4.5
2023-04-06 15:00:00,MLO,3.9
2023-04-06 16:00:00,MLO,3.7
2023-04-06 17:00:00,MLO,2.4
2023-04-06 18:00:00,MLO,1.9
2023-04-06 19:00:00,MLO,2.5
2023-04-06 20:00:00,MLO,2.6
2023-04-06 21:00:00,MLO,3.4
2023-04-06 22:00:00,MLO,4.5
2023-04-06 23:00:00,MLO,4.7
2023-04-07 00:00:00,MLO,5.2
2023-04-07 01:00:00,MLO,5.1
2023-04-07 02:00:00,MLO,4.5
2023-04-07 03:00:00,MLO,3.2
2023-04-07 04:00:00,MLO,2.5
2023-04-07 05:00:00,MLO,3.2
2023-04-07 06:00:00,MLO,0.1
2023-04-07 07:00:00,MLO,1.6
2023-04-07 08:00:00,MLO,4.6
2023-04-07 09:00:00,MLO,2.3
2023-04-07 10:00:00,MLO,2.9
2023-04-07 11:00:00,MLO,2.9
2023-04-07 12:00:00,MLO,2.3
2023-04-07 13:00:00,MLO,2.8
2023-04-07 14:00:00,MLO,2.4
2023-04-07 15:00:00,MLO,2.7
2023-04-07 16:00:00,MLO,2.2
2023-04-07 17:00:00,MLO,0.6
2023-04-07 18:00:00,MLO,1.3
2023-04-07 19:00:00,MLO,3.0
2023-04-07 20:00:00,MLO,3.7
2023-04-07 21:00:00,MLO,3.9
2023-04-07 22:00:00,MLO,3.8
2023-04-07 23:00:00,MLO,4.4
2023-04-08 00:00:00,MLO,4.5
2023-04-08 01:00:00,MLO,4.3
2023-04-08 02:00:00,MLO,3.1
2023-04-08 03:00:00,MLO,2.9
2023-04-08 04:00:00,MLO,1.9
2023-04-08 05:00:00,MLO,1.0
2023-04-08 06:00:00,MLO,2.6
2023-04-08 07:00:00,MLO,2.7
2023-04-08 08:00:00,MLO,1.7
2023-04-08 09:00:00,MLO,1.8
2023-04-08 10:00:00,MLO,2.4
2023-04-08 11:00:00,MLO,3.0
2023-04-08 12:00:00,MLO,3.4
2023-04-08 13:00:00,MLO,3.7
2023-04-08 14:00:00,MLO,5.5
2023-04-08 15:00:00,MLO,4.7
2023-04-08 16:00:00,MLO,3.9
2023-04-08 17:00:00,MLO,2.2
2023-04-08 18:00:00,MLO,3.3
2023-04-08 19:00:00,MLO,4.3
2023-04-08 20:00:00,MLO,4.8
2023-04-08 21:00:00,MLO,5.4
2023-04-08 22:00:00,MLO,5.2
2023-04-08 23:00:00,MLO,5.2
2023-04-09 00:00:00,MLO,4.1
2023-04-09 01:00:00,MLO,4.2
2023-04-09 02:00:00,MLO,3.3
2023-04-09 03:00:00,MLO,2.7
2023-04-09 04:00:00,MLO,1.6
2023-04-09 05:00:00,MLO,1.5
2023-04-09 06:00:00,MLO,1.8
2023-04-09 07:00:00,MLO,2.2
2023-04-09 08:00:00,MLO,1.2
2023-04-09 09:00:00,MLO,1.8
2023-04-09 10:00:00,MLO,1.9
2023-04-09 11:00:00,MLO,3.9
2023-04-09 12:00:00,MLO,3.7
2023-04-09 13:00:00,MLO,4.2
2023-04-09 14:00:00,MLO,3.2
2023-04-09 15:00:00,MLO,2.6
2023-04-09 16:00:00,MLO,3.8
2023-04-09 17:00:00,MLO,1.4
2023-04-09 18:00:00,MLO,2.2
2023-04-09 19:00:00,MLO,3.1
2023-04-09 20:00:00,MLO,3.9
2023-04-09 21:00:00,MLO,4.6
2023-04-09 22:00:00,MLO,5.5
2023-04-09 23:00:00,MLO,2.9
2023-04-10 00:00:00,MLO,1.1
2023-04-10 01:00:00,MLO,2.8
2023-04-10 02:00:00,MLO,1.8
2023-04-10 03:00:00,MLO,0.9
2023-04-10 04:00:00,MLO,1.0
2023-04-10 05:00:00,MLO,1.9
2023-04-10 06:00:00,MLO,2.0
2023-04-10 07:00:00,MLO,1.7
2023-04-10 08:00:00,MLO,2.0
2023-04-10 09:00:00,MLO,1.6
2023-04-10 10:00:00,MLO,2.6
2023-04-10 11:00:00,MLO,2.3
2023-04-10 12:00:00,MLO,2.4
2023-04-10 13:00:00,MLO,2.2
2023-04-10 14:00:00,MLO,2.3
2023-04-10 15:00:00,MLO,2.1
2023-04-10 16:00:00,MLO,2.5
2023-04-10 17:00:00,MLO,1.7
2023-04-10 18:00:00,MLO,0.8
2023-04-10 19:00:00,MLO,2.1
2023-04-10 20:00:00,MLO,2.9
2023-04-10 21:00:00,MLO,3.2
2023-04-10 22:00:00,MLO,3.7
2023-04-10 23:00:00,MLO,6.3
2023-04-11 00:00:00,MLO,4.9
2023-04-11 01:00:00,MLO,5.0
2023-04-11 02:00:00,MLO,4.9
2023-04-11 03:00:00,MLO,3.4
2023-04-11 04:00:00,MLO,2.6
2023-04-11 05:00:00,MLO,3.1
2023-04-11 06:00:00,MLO,1.7
2023-04-11 07:00:00,MLO,2.8
2023-04-11 08:00:00,MLO,4.1
2023-04-11 09:00:00,MLO,5.7
2023-04-11 10:00:00,MLO,2.8
2023-04-11 11:00:00,MLO,3.3
2023-04-11 12:00:00,MLO,1.1
2023-04-11 13:00:00,MLO,1.7
2023-04-11 14:00:00,MLO,1.7
2023-04-11 15:00:00,MLO,2.3
2023-04-11 16:00:00,MLO,1.9
2023-04-11 17:00:00,MLO,1.1
2023-04-11 18:00:00,MLO,1.7
2023-04-11 19:00:00,MLO,3.0
2023-04-11 20:00:00,MLO,3.6
2023-04-11 21:00:00,MLO,3.9
2023-04-11 22:00:00,MLO,3.9
2023-04-11 23:00:00,MLO,2.5
2023-04-12 00:00:00,MLO,3.9
2023-04-12 01:00:00,MLO,4.3
2023-04-12 02:00:00,MLO,3.5
2023-04-12 03:00:00,MLO,3.6
2023-04-12 04:00:00,MLO,1.6
2023-04-12 05:00:00,MLO,2.2
2023-04-12 06:00:00,MLO,3.5
2023-04-12 07:00:00,MLO,3.1
2023-04-12 08:00:00,MLO,6.1
2023-04-12 09:00:00,MLO,5.3
2023-04-12 10:00:00,MLO,2.9
2023-04-12 11:00:00,MLO,1.5
2023-04-12 12:00:00,MLO,1.5
2023-04-12 13:00:00,MLO,1.1
2023-04-12 14:00:00,MLO,1.9
2023-04-12 15:00:00,MLO,1.7
2023-04-12 16:00:00,MLO,0.8
2023-04-12 17:00:00,MLO,1.7
2023-04-12 18:00:00,MLO,2.0
2023-04-12 19:00:00,MLO,2.9
2023-04-12 20:00:00,MLO,3.3
2023-04-12 21:00:00,MLO,3.5
2023-04-12 22:00:00,MLO,3.8
2023-04-12 23:00:00,MLO,4.5
2023-04-13 00:00:00,MLO,4.4
2023-04-13 01:00:00,MLO,5.4
2023-04-13 02:00:00,MLO,3.4
2023-04-13 03:00:00,MLO,3.5
2023-04-13 04:00:00,MLO,2.3
2023-04-13 05:00:00,MLO,0.6
2023-04-13 06:00:00,MLO,0.9
2023-04-13 07:00:00,MLO,0.2
2023-04-13 08:00:00,MLO,0.4
2023-04-13 09:00:00,MLO,1.0
2023-04-13 10:00:00,MLO,1.1
2023-04-13 11:00:00,MLO,0.3
2023-04-13 12:00:00,MLO,0.4
2023-04-13 13:00:00,MLO,0.5
2023-04-13 14:00:00,MLO,2.3
2023-04-13 15:00:00,MLO,0.2
2023-04-13 16:00:00,MLO,2.0
2023-04-13 17:00:00,MLO,5.0
2023-04-13 18:00:00,MLO,4.5
2023-04-13 19:00:00,MLO,1.9
2023-04-13 20:00:00,MLO,0.3
2023-04-13 21:00:00,MLO,4.9
2023-04-13 22:00:00,MLO,5.4
2023-04-13 23:00:00,MLO,5.4
2023-04-14 00:00:00,MLO,5.5
2023-04-14 01:00:00,MLO,6.2
2023-04-14 02:00:00,MLO,4.2
2023-04-14 03:00:00,MLO,3.2
2023-04-14 04:00:00,MLO,0.6
2023-04-14 05:00:00,MLO,1.8
2023-04-14 06:00:00,MLO,2.0
2023-04-14 07:00:00,MLO,1.0
2023-04-14 08:00:00,MLO,2.5
2023-04-14 09:00:00,MLO,2.9
2023-04-14 10:00:00,MLO,3.5
2023-04-14 11:00:00,MLO,3.3
2023-04-14 12:00:00,MLO,2.9
2023-04-14 13:00:00,MLO,2.0
2023-04-14 14:00:00,MLO,1.9
2023-04-14 15:00:00,MLO,3.6
2023-04-14 16:00:00,MLO,3.3
2023-04-14 17:00:00,MLO,2.6
2023-04-14 18:00:00,MLO,2.1
2023-04-14 19:00:00,MLO,2.8
2023-04-14 20:00:00,MLO,3.2
2023-04-14 21:00:00,MLO,3.8
2023-04-14 22:00:00,MLO,4.0
2023-04-14 23:00:00,MLO,4.3
2023-04-15 00:00:00,MLO,4.6
2023-04-15 01:00:00,MLO,4.3
2023-04-15 02:00:00,MLO,3.4
2023-04-15 03:00:00,MLO,2.9
2023-04-15 04:00:00,MLO,1.9
2023-04-15 05:00:00,MLO,1.4
2023-04-15 06:00:00,MLO,2.0
2023-04-15 07:00:00,MLO,2.1
2023-04-15 08:00:00,MLO,2.1
2023-04-15 09:00:00,MLO,2.6
2023-04-15 10:00:00,MLO,3.4
2023-04-15 11:00:00,MLO,3.6
2023-04-15 12:00:00,MLO,3.2
2023-04-15 13:00:00,MLO,2.5
2023-04-15 14:00:00,MLO,2.2
2023-04-15 15:00:00,MLO,3.7
2023-04-15 16:00:00,MLO,4.8
2023-04-15 17:00:00,MLO,2.0
2023-04-15 18:00:00,MLO,2.0
2023-04-15 19:00:00,MLO,1.8
2023-04-15 20:00:00,MLO,2.4
2023-04-15 21:00:00,MLO,3.4
2023-04-15 22:00:00,MLO,3.5
2023-04-15 23:00:00,MLO,3.6
2023-04-16 00:00:00,MLO,4.9
2023-04-16 01:00:00,MLO,4.2
2023-04-16 02:00:00,MLO,3.5
2023-04-16 03:00:00,MLO,2.2
2023-04-16 04:00:00,MLO,1.1
2023-04-16 05:00:00,MLO,0.6
2023-04-16 06:00:00,MLO,1.3
2023-04-16 07:00:00,MLO,1.8
2023-04-16 08:00:00,MLO,1.1
2023-04-16 09:00:00,MLO,0.9
2023-04-16 10:00:00,MLO,1.0
2023-04-16 11:00:00,MLO,1.2
2023-04-16 12:00:00,MLO,1.2
2023-04-16 13:00:00,MLO,0.9
2023-04-16 14:00:00,MLO,1.1
2023-04-16 15:00:00,MLO,1.0
2023-04-16 16:00:00,MLO,0.8
2023-04-16 17:00:00,MLO,0.2
2023-04-16 18:00:00,MLO,2.2
2023-04-16 19:00:00,MLO,1.8
2023-04-16 20:00:00,MLO,2.5
2023-04-16 21:00:00,MLO,3.2
2023-04-16 22:00:00,MLO,3.3
2023-04-16 23:00:00,MLO,2.6
2023-04-17 00:00:00,MLO,3.6
2023-04-17 01:00:00,MLO,3.8
2023-04-17 02:00:00,MLO,3.2
2023-04-17 03:00:00,MLO,3.5
2023-04-17 04:00:00,MLO,1.9
2023-04-17 05:00:00,MLO,0.6
2023-04-17 06:00:00,MLO,0.8
2023-04-17 07:00:00,MLO,0.6
2023-04-17 08:00:00,MLO,1.6
2023-04-17 09:00:00,MLO,2.4
2023-04-17 10:00:00,MLO,2.6
2023-04-17 11:00:00,MLO,0.8
2023-04-17 12:00:00,MLO,1.9
2023-04-17 13:00:00,MLO,2.8
2023-04-17 14:00:00,MLO,1.8
2023-04-17 15:00:00,MLO,1.9
2023-04-17 16:00:00,MLO,2.0
2023-04-17 17:00:00,MLO,1.6
2023-04-17 18:00:00,MLO,1.3
2023-04-17 19:00:00,MLO,2.2
2023-04-17 20:00:00,MLO,2.8
2023-04-17 21:00:00,MLO,3.4
2023-04-17 22:00:00,MLO,3.1
2023-04-17 23:00:00,MLO,2.0
2023-04-18 00:00:00,MLO,2.6
2023-04-18 01:00:00,MLO,2.9
2023-04-18 02:00:00,MLO,1.8
2023-04-18 03:00:00,MLO,2.0
2023-04-18 04:00:00,MLO,1.6
2023-04-18 05:00:00,MLO,3.1
2023-04-18 06:00:00,MLO,2.5
2023-04-18 07:00:00,MLO,1.2
2023-04-18 08:00:00,MLO,1.0
2023-04-18 09:00:00,MLO,0.8
2023-04-18 10:00:00,MLO,1.3
2023-04-18 11:00:00,MLO,1.2
2023-04-18 12:00:00,MLO,0.9
2023-04-18 13:00:00,MLO,0.4
2023-04-18 14:00:00,MLO,2.1
2023-04-18 15:00:00,MLO,1.5
2023-04-18 16:00:00,MLO,1.4
2023-04-18 17:00:00,MLO,0.8
2023-04-18 18:00:00,MLO,1.0
2023-04-18 19:00:00,MLO,2.3
2023-04-18 20:00:00,MLO,2.8
2023-04-18 21:00:00,MLO,3.4
2023-04-18 22:00:00,MLO,2.8
2023-04-18 23:00:00,MLO,4.1
2023-04-19 00:00:00,MLO,3.0
2023-04-19 01:00:00,MLO,3.9
2023-04-19 02:00:00,MLO,6.2
2023-04-19 03:00:00,MLO,7.5
2023-04-19 04:00:00,MLO,5.9
2023-04-19 05:00:00,MLO,4.7
2023-04-19 06:00:00,MLO,2.7
2023-04-19 07:00:00,MLO,3.7
2023-04-19 08:00:00,MLO,3.7
2023-04-19 09:00:00,MLO,2.4
2023-04-19 10:00:00,MLO,0.9
2023-04-19 11:00:00,MLO,4.4
2023-04-19 12:00:00,MLO,5.5
2023-04-19 13:00:00,MLO,4.2
2023-04-19 14:00:00,MLO,9.5
2023-04-19 15:00:00,MLO,8.9
2023-04-19 16:00:00,MLO,10.6
2023-04-19 17:00:00,MLO,8.2
2023-04-19 18:00:00,MLO,8.6
2023-04-19 19:00:00,MLO,10.3
2023-04-19 20:00:00,MLO,7.0
2023-04-19 21:00:00,MLO,6.2
2023-04-19 22:00:00,MLO,11.3
2023-04-19 23:00:00,MLO,13.5
2023-04-20 00:00:00,MLO,11.8
2023-04-20 01:00:00,MLO,9.7
2023-04-20 02:00:00,MLO,8.9
2023-04-20 03:00:00,MLO,6.7
2023-04-20 04:00:00,MLO,9.6
2023-04-20 05:00:00,MLO,8.9
2023-04-20 06:00:00,MLO,7.9
2023-04-20 07:00:00,MLO,6.9
2023-04-20 08:00:00,MLO,6.6
2023-04-20 09:00:00,MLO,6.3
2023-04-20 10:00:00,MLO,5.9
2023-04-20 11:00:00,MLO,5.6
2023-04-20 12:00:00,MLO,5.558252427184466
2023-04-20 13:00:00,MLO,5.5165048543689315
2023-04-20 14:00:00,,5.474757281553398
2023-04-20 15:00:00,,5.433009708737864
2023-04-20 16:00:00,,5.39126213592233
2023-04-20 17:00:00,,5.349514563106796
2023-04-20 18:00:00,,5.307766990291261
2023-04-20 19:00:00,,5.266019417475728
2023-04-20 20:00:00,,5.224271844660194
2023-04-20 21:00:00,,5.18252427184466
2023-04-20 22:00:00,,5.140776699029126
2023-04-20 23:00:00,,5.099029126213592
2023-04-21 00:00:00,MLO,5.057281553398058
2023-04-21 01:00:00,,5.015533980582524
2023-04-21 02:00:00,,4.97378640776699
2023-04-21 03:00:00,,4.932038834951456
2023-04-21 04:00:00,,4.890291262135922
2023-04-21 05:00:00,,4.848543689320388
2023-04-21 06:00:00,,4.806796116504854
2023-04-21 07:00:00,,4.76504854368932
2023-04-21 08:00:00,,4.723300970873786
2023-04-21 09:00:00,,4.681553398058252
2023-04-21 10:00:00,,4.639805825242718
2023-04-21 11:00:00,,4.598058252427184
2023-04-21 12:00:00,,4.55631067961165
2023-04-21 13:00:00,,4.514563106796116
2023-04-21 14:00:00,,4.472815533980582
2023-04-21 15:00:00,,4.4310679611650485
2023-04-21 16:00:00,,4.389320388349514
2023-04-21 17:00:00,,4.34757281553398
2023-04-21 18:00:00,,4.305825242718447
2023-04-21 19:00:00,,4.264077669902912
2023-04-21 20:00:00,,4.2223300970873785
2023-04-21 21:00:00,,4.180582524271845
2023-04-21 22:00:00,,4.13883495145631
2023-04-21 23:00:00,,4.097087378640777
2023-04-22 00:00:00,MLO,4.055339805825243
2023-04-22 01:00:00,,4.0135922330097085
2023-04-22 02:00:00,,3.971844660194175
2023-04-22 03:00:00,,3.9300970873786403
2023-04-22 04:00:00,,3.8883495145631066
2023-04-22 05:00:00,,3.8466019417475725
2023-04-22 06:00:00,,3.8048543689320384
2023-04-22 07:00:00,,3.763106796116505
2023-04-22 08:00:00,,3.7213592233009707
2023-04-22 09:00:00,,3.6796116504854366
2023-04-22 10:00:00,,3.637864077669903
2023-04-22 11:00:00,,3.596116504854369
2023-04-22 12:00:00,,3.5543689320388347
2023-04-22 13:00:00,,3.5126213592233007
2023-04-22 14:00:00,,3.470873786407767
2023-04-22 15:00:00,,3.429126213592233
2023-04-22 16:00:00,,3.387378640776699
2023-04-22 17:00:00,,3.3456310679611647
2023-04-22 18:00:00,,3.303883495145631
2023-04-22 19:00:00,,3.262135922330097
2023-04-22 20:00:00,,3.220388349514563
2023-04-22 21:00:00,,3.178640776699029
2023-04-22 22:00:00,,3.136893203883495
2023-04-22 23:00:00,,3.095145631067961
2023-04-23 00:00:00,MLO,3.053398058252427
2023-04-23 01:00:00,,3.011650485436893
2023-04-23 02:00:00,,2.969902912621359
2023-04-23 03:00:00,,2.928155339805825
2023-04-23 04:00:00,,2.886407766990291
2023-04-23 05:00:00,,2.8446601941747574
2023-04-23 06:00:00,,2.8029126213592233
2023-04-23 07:00:00,,2.761165048543689
2023-04-23 08:00:00,,2.719417475728155
2023-04-23 09:00:00,,2.6776699029126214
2023-04-23 10:00:00,,2.6359223300970873
2023-04-23 11:00:00,,2.5941747572815532
2023-04-23 12:00:00,,2.552427184466019
2023-04-23 13:00:00,,2.5106796116504855
2023-04-23 14:00:00,,2.4689320388349514
2023-04-23 15:00:00,,2.4271844660194173
2023-04-23 16:00:00,,2.385436893203883
2023-04-23 17:00:00,,2.3436893203883495
2023-04-23 18:00:00,,2.3019417475728154
2023-04-23 19:00:00,,2.2601941747572813
2023-04-23 20:00:00,,2.2184466019417477
2023-04-23 21:00:00,,2.1766990291262136
2023-04-23 22:00:00,,2.1349514563106795
2023-04-23 23:00:00,,2.0932038834951454
2023-04-24 00:00:00,MLO,2.0514563106796118
2023-04-24 01:00:00,,2.0097087378640777
2023-04-24 02:00:00,,1.9679611650485436
2023-04-24 03:00:00,,1.9262135922330095
2023-04-24 04:00:00,,1.8844660194174758
2023-04-24 05:00:00,,1.8427184466019417
2023-04-24 06:00:00,,1.8009708737864076
2023-04-24 07:00:00,,1.7592233009708735
2023-04-24 08:00:00,,1.7174757281553399
2023-04-24 09:00:00,,1.6757281553398058
2023-04-24 10:00:00,,1.6339805825242717
2023-04-24 11:00:00,,1.592233009708738
2023-04-24 12:00:00,,1.5504854368932035
2023-04-24 13:00:00,,1.5087378640776699
2023-04-24 14:00:00,,1.4669902912621362
2023-04-24 15:00:00,,1.4252427184466017
2023-04-24 16:00:00,,1.383495145631068
2023-04-24 17:00:00,,1.3417475728155344
2023-04-24 18:00:00,MLO,1.3
2023-04-24 19:00:00,MLO,2.7
2023-04-24 20:00:00,MLO,4.1
2023-04-24 21:00:00,MLO,4.3
2023-04-24 22:00:00,MLO,4.4
2023-04-24 23:00:00,MLO,4.4
2023-04-25 00:00:00,MLO,3.8
2023-04-25 01:00:00,MLO,4.0
2023-04-25 02:00:00,MLO,3.3
2023-04-25 03:00:00,MLO,2.9
2023-04-25 04:00:00,MLO,3.0
2023-04-25 05:00:00,MLO,3.6
2023-04-25 06:00:00,MLO,2.0
2023-04-25 07:00:00,MLO,4.5
2023-04-25 08:00:00,MLO,4.8
2023-04-25 09:00:00,MLO,5.0
2023-04-25 10:00:00,MLO,4.4
2023-04-25 11:00:00,MLO,4.3
2023-04-25 12:00:00,MLO,4.0
2023-04-25 13:00:00,MLO,3.8
2023-04-25 14:00:00,MLO,4.0
2023-04-25 15:00:00,MLO,3.9
2023-04-25 16:00:00,MLO,3.4
2023-04-25 17:00:00,MLO,1.3
2023-04-25 18:00:00,MLO,2.1
2023-04-25 19:00:00,MLO,3.0
2023-04-25 20:00:00,MLO,4.0
2023-04-25 21:00:00,MLO,4.4
2023-04-25 22:00:00,MLO,4.8
2023-04-25 23:00:00,MLO,5.1
2023-04-26 00:00:00,MLO,4.6
2023-04-26 01:00:00,MLO,3.6
2023-04-26 02:00:00,MLO,2.7
2023-04-26 03:00:00,MLO,2.2
2023-04-26 04:00:00,MLO,1.4
2023-04-26 05:00:00,MLO,0.5
2023-04-26 06:00:00,MLO,0.5
2023-04-26 07:00:00,MLO,2.0
2023-04-26 08:00:00,MLO,1.6
2023-04-26 09:00:00,MLO,2.9
2023-04-26 10:00:00,MLO,3.2
2023-04-26 11:00:00,MLO,2.2
2023-04-26 12:00:00,MLO,2.1
2023-04-26 13:00:00,MLO,1.8
2023-04-26 14:00:00,MLO,2.8
2023-04-26 15:00:00,MLO,2.6
2023-04-26 16:00:00,MLO,1.9
2023-04-26 17:00:00,MLO,0.8
2023-04-26 18:00:00,MLO,2.4
2023-04-26 19:00:00,MLO,2.7
2023-04-26 20:00:00,MLO,3.3
2023-04-26 21:00:00,MLO,4.5
2023-04-26 22:00:00,MLO,4.6
2023-04-26 23:00:00,MLO,4.9
2023-04-27 00:00:00,MLO,4.2
2023-04-27 01:00:00,MLO,3.0
2023-04-27 02:00:00,MLO,3.1
2023-04-27 03:00:00,MLO,2.9
2023-04-27 04:00:00,MLO,3.7
2023-04-27 05:00:00,MLO,2.8
2023-04-27 06:00:00,MLO,3.1
2023-04-27 07:00:00,MLO,3.1
2023-04-27 08:00:00,MLO,3.8
2023-04-27 09:00:00,MLO,3.7
2023-04-27 10:00:00,MLO,4.3
2023-04-27 11:00:00,MLO,5.0
2023-04-27 12:00:00,MLO,5.3
2023-04-27 13:00:00,MLO,5.7
2023-04-27 14:00:00,MLO,5.7
2023-04-27 15:00:00,MLO,5.5
2023-04-27 16:00:00,MLO,4.8
2023-04-27 17:00:00,MLO,2.9
2023-04-27 18:00:00,MLO,3.2
2023-04-27 19:00:00,MLO,4.0
2023-04-27 20:00:00,MLO,3.9
2023-04-27 21:00:00,MLO,4.5
2023-04-27 22:00:00,MLO,4.6
2023-04-27 23:00:00,MLO,4.9
2023-04-28 00:00:00,MLO,4.4
2023-04-28 01:00:00,MLO,4.2
2023-04-28 02:00:00,MLO,3.2
2023-04-28 03:00:00,MLO,2.5
2023-04-28 04:00:00,MLO,2.1
2023-04-28 05:00:00,MLO,2.6
2023-04-28 06:00:00,MLO,1.6
2023-04-28 07:00:00,MLO,1.7
2023-04-28 08:00:00,MLO,1.8
2023-04-28 09:00:00,MLO,1.5
2023-04-28 10:00:00,MLO,1.3
2023-04-28 11:00:00,MLO,1.7
2023-04-28 12:00:00,MLO,1.2
2023-04-28 13:00:00,MLO,2.7
2023-04-28 14:00:00,MLO,2.1
2023-04-28 15:00:00,MLO,2.7
2023-04-28 16:00:00,MLO,2.0
2023-04-28 17:00:00,MLO,1.4
2023-04-28 18:00:00,MLO,2.1
2023-04-28 19:00:00,MLO,3.5
2023-04-28 20:00:00,MLO,3.2
2023-04-28 21:00:00,MLO,1.0
2023-04-28 22:00:00,MLO,2.9
2023-04-28 23:00:00,MLO,3.4
2023-04-29 00:00:00,MLO,1.1
2023-04-29 01:00:00,MLO,3.9
2023-04-29 02:00:00,MLO,7.5
2023-04-29 03:00:00,MLO,4.7
2023-04-29 04:00:00,MLO,4.7
2023-04-29 05:00:00,MLO,1.0
2023-04-29 06:00:00,MLO,1.5
2023-04-29 07:00:00,MLO,2.2
2023-04-29 08:00:00,MLO,1.5
2023-04-29 09:00:00,MLO,1.8
2023-04-29 10:00:00,MLO,1.5
2023-04-29 11:00:00,MLO,2.8
2023-04-29 12:00:00,MLO,3.0
2023-04-29 13:00:00,MLO,4.1
2023-04-29 14:00:00,MLO,3.7
2023-04-29 15:00:00,MLO,3.8
2023-04-29 16:00:00,MLO,4.3
2023-04-29 17:00:00,MLO,4.0
2023-04-29 18:00:00,MLO,2.8
2023-04-29 19:00:00,MLO,2.8
2023-04-29 20:00:00,MLO,2.9
2023-04-29 21:00:00,MLO,3.3
2023-04-29 22:00:00,MLO,1.6
2023-04-29 23:00:00,MLO,1.1
2023-04-30 00:00:00,MLO,1.3
2023-04-30 01:00:00,MLO,2.3
2023-04-30 02:00:00,MLO,4.4
2023-04-30 03:00:00,MLO,4.3
2023-04-30 04:00:00,MLO,3.9
2023-04-30 05:00:00,MLO,3.8
2023-04-30 06:00:00,MLO,4.1
2023-04-30 07:00:00,MLO,4.2
2023-04-30 08:00:00,MLO,3.9
2023-04-30 09:00:00,MLO,4.5
2023-04-30 10:00:00,MLO,4.5
2023-04-30 11:00:00,MLO,4.1
2023-04-30 12:00:00,MLO,4.3
2023-04-30 13:00:00,MLO,4.4
2023-04-30 14:00:00,MLO,4.0
2023-04-30 15:00:00,MLO,4.1
2023-04-30 16:00:00,MLO,3.9
2023-04-30 17:00:00,MLO,3.1
2023-04-30 18:00:00,MLO,3.6
2023-04-30 19:00:00,MLO,3.9
2023-04-30 20:00:00,MLO,4.3
2023-04-30 21:00:00,MLO,5.2
2023-04-30 22:00:00,MLO,6.5
2023-04-30 23:00:00,MLO,8.4
2023-05-01 00:00:00,MLO,8.0
2023-05-01 01:00:00,MLO,6.4
2023-05-01 02:00:00,MLO,3.7
2023-05-01 03:00:00,MLO,3.4
2023-05-01 04:00:00,MLO,2.1
2023-05-01 05:00:00,MLO,4.4
2023-05-01 06:00:00,MLO,6.7
2023-05-01 07:00:00,MLO,5.4
2023-05-01 08:00:00,MLO,4.0
2023-05-01 09:00:00,MLO,6.0
2023-05-01 10:00:00,MLO,6.3
2023-05-01 11:00:00,MLO,7.1
2023-05-01 12:00:00,MLO,5.7
2023-05-01 13:00:00,MLO,5.0
2023-05-01 14:00:00,MLO,2.9
2023-05-01 15:00:00,MLO,5.4
2023-05-01 16:00:00,MLO,6.3
2023-05-01 17:00:00,MLO,2.8
2023-05-01 18:00:00,MLO,1.4
2023-05-01 19:00:00,MLO,2.5
2023-05-01 20:00:00,MLO,3.4
2023-05-01 21:00:00,MLO,4.1
2023-05-01 22:00:00,MLO,4.8
2023-05-01 23:00:00,MLO,2.9
2023-05-02 00:00:00,MLO,1.5
2023-05-02 01:00:00,MLO,2.7
2023-05-02 02:00:00,MLO,2.3
2023-05-02 03:00:00,MLO,2.1
2023-05-02 04:00:00,MLO,0.4
2023-05-02 05:00:00,MLO,1.5
2023-05-02 06:00:00,MLO,1.3
2023-05-02 07:00:00,MLO,2.1
2023-05-02 08:00:00,MLO,2.4
2023-05-02 09:00:00,MLO,2.1
2023-05-02 10:00:00,MLO,2.4
2023-05-02 11:00:00,MLO,3.2
2023-05-02 12:00:00,MLO,2.6
2023-05-02 13:00:00,MLO,2.6
2023-05-02 14:00:00,MLO,2.5
2023-05-02 15:00:00,MLO,2.7
2023-05-02 16:00:00,MLO,3.5
2023-05-02 17:00:00,MLO,0.8
2023-05-02 18:00:00,MLO,2.1
2023-05-02 19:00:00,MLO,2.3
2023-05-02 20:00:00,MLO,2.9
2023-05-02 21:00:00,MLO,3.6
2023-05-02 22:00:00,MLO,4.4
2023-05-02 23:00:00,MLO,4.2
2023-05-03 00:00:00,MLO,4.2
2023-05-03 01:00:00,MLO,3.8
2023-05-03 02:00:00,MLO,3.5
2023-05-03 03:00:00,MLO,2.6
2023-05-03 04:00:00,MLO,1.5
2023-05-03 05:00:00,MLO,1.8
2023-05-03 06:00:00,MLO,1.1
2023-05-03 07:00:00,MLO,2.0
2023-05-03 08:00:00,MLO,1.5
2023-05-03 09:00:00,MLO,2.6
2023-05-03 10:00:00,MLO,1.9
2023-05-03 11:00:00,MLO,2.0
2023-05-03 12:00:00,MLO,3.3
2023-05-03 13:00:00,MLO,1.8
2023-05-03 14:00:00,MLO,1.9
2023-05-03 15:00:00,MLO,3.1
2023-05-03 16:00:00,MLO,1.4
2023-05-03 17:00:00,MLO,1.0
2023-05-03 18:00:00,MLO,2.2
2023-05-03 19:00:00,MLO,2.5
2023-05-03 20:00:00,MLO,3.4
2023-05-03 21:00:00,MLO,3.4
2023-05-03 22:00:00,MLO,4.0
2023-05-03 23:00:00,MLO,4.1
2023-05-04 00:00:00,MLO,1.0
2023-05-04 01:00:00,MLO,1.2
2023-05-04 02:00:00,MLO,1.9
2023-05-04 03:00:00,MLO,1.9
2023-05-04 04:00:00,MLO,0.2
2023-05-04 05:00:00,MLO,1.6
2023-05-04 06:00:00,MLO,2.0
2023-05-04 07:00:00,MLO,1.8
2023-05-04 08:00:00,MLO,2.9
2023-05-04 09:00:00,MLO,2.7
2023-05-04 10:00:00,MLO,5.6
2023-05-04 11:00:00,MLO,3.5
2023-05-04 12:00:00,MLO,1.9
2023-05-04 13:00:00,MLO,2.8
2023-05-04 14:00:00,MLO,3.8
2023-05-04 15:00:00,MLO,7.2
2023-05-04 16:00:00,MLO,6.7
2023-05-04 17:00:00,MLO,3.4
2023-05-04 18:00:00,MLO,0.6
2023-05-04 19:00:00,MLO,2.6
2023-05-04 20:00:00,MLO,2.2
2023-05-04 21:00:00,MLO,3.4
2023-05-04 22:00:00,MLO,3.2
2023-05-04 23:00:00,MLO,3.7
2023-05-05 00:00:00,MLO,3.5
2023-05-05 01:00:00,MLO,2.9
2023-05-05 02:00:00,MLO,3.2
2023-05-05 03:00:00,MLO,2.6
2023-05-05 04:00:00,MLO,2.5
2023-05-05 05:00:00,MLO,1.2
2023-05-05 06:00:00,MLO,1.9
2023-05-05 07:00:00,MLO,3.5
2023-05-05 08:00:00,MLO,2.7
2023-05-05 09:00:00,MLO,2.3
2023-05-05 10:00:00,MLO,3.5
2023-05-05 11:00:00,MLO,3.3
2023-05-05 12:00:00,MLO,4.6
2023-05-05 13:00:00,MLO,3.7
2023-05-05 14:00:00,MLO,2.5
2023-05-05 15:00:00,MLO,2.9
2023-05-05 16:00:00,MLO,3.5
2023-05-05 17:00:00,MLO,1.5
2023-05-05 18:00:00,MLO,1.9
2023-05-05 19:00:00,MLO,3.0
2023-05-05 20:00:00,MLO,2.9
2023-05-05 21:00:00,MLO,3.3
2023-05-05 22:00:00,MLO,4.2
2023-05-05 23:00:00,MLO,3.9
2023-05-06 00:00:00,MLO,4.6
2023-05-06 01:00:00,MLO,5.8
2023-05-06 02:00:00,MLO,5.3
2023-05-06 03:00:00,MLO,3.6
2023-05-06 04:00:00,MLO,2.5
2023-05-06 05:00:00,MLO,0.2
2023-05-06 06:00:00,MLO,0.6
2023-05-06 07:00:00,MLO,1.4
2023-05-06 08:00:00,MLO,1.5
2023-05-06 09:00:00,MLO,1.9
2023-05-06 10:00:00,MLO,2.3
2023-05-06 11:00:00,MLO,3.1
2023-05-06 12:00:00,MLO,3.7
2023-05-06 13:00:00,MLO,3.3
2023-05-06 14:00:00,MLO,1.6
2023-05-06 15:00:00,MLO,1.8
2023-05-06 16:00:00,MLO,1.0
2023-05-06 17:00:00,MLO,0.5
2023-05-06 18:00:00,MLO,2.1
2023-05-06 19:00:00,MLO,2.1
2023-05-06 20:00:00,MLO,3.1
2023-05-06 21:00:00,MLO,3.7
2023-05-06 22:00:00,MLO,3.9
2023-05-06 23:00:00,MLO,3.8
2023-05-07 00:00:00,MLO,3.6
2023-05-07 01:00:00,MLO,3.2
2023-05-07 02:00:00,MLO,3.0
2023-05-07 03:00:00,MLO,2.5
2023-05-07 04:00:00,MLO,2.2
2023-05-07 05:00:00,MLO,0.9
2023-05-07 06:00:00,MLO,1.4
2023-05-07 07:00:00,MLO,2.4
2023-05-07 08:00:00,MLO,2.4
2023-05-07 09:00:00,MLO,2.2
2023-05-07 10:00:00,MLO,1.8
2023-05-07 11:00:00,MLO,1.1
2023-05-07 12:00:00,MLO,1.3
2023-05-07 13:00:00,MLO,1.4
2023-05-07 14:00:00,MLO,1.5
2023-05-07 15:00:00,MLO,1.3
2023-05-07 16:00:00,MLO,1.6
2023-05-07 17:00:00,MLO,0.6
2023-05-07 18:00:00,MLO,1.7
2023-05-07 19:00:00,MLO,2.9
2023-05-07 20:00:00,MLO,3.6
2023-05-07 21:00:00,MLO,3.9
2023-05-07 22:00:00,MLO,4.1
2023-05-07 23:00:00,MLO,4.0
2023-05-08 00:00:00,MLO,3.9
2023-05-08 01:00:00,MLO,2.6
2023-05-08 02:00:00,MLO,2.0
2023-05-08 03:00:00,MLO,2.3
2023-05-08 04:00:00,MLO,2.3
2023-05-08 05:00:00,MLO,0.9
2023-05-08 06:00:00,MLO,1.4
2023-05-08 07:00:00,MLO,1.7
2023-05-08 08:00:00,MLO,2.3
2023-05-08 09:00:00,MLO,2.7
2023-05-08 10:00:00,MLO,2.9
2023-05-08 11:00:00,MLO,4.7
2023-05-08 12:00:00,MLO,4.7
2023-05-08 13:00:00,MLO,5.3
2023-05-08 14:00:00,MLO,5.8
2023-05-08 15:00:00,MLO,6.0
2023-05-08 16:00:00,MLO,5.0
2023-05-08 17:00:00,MLO,1.9
2023-05-08 18:00:00,MLO,2.8
2023-05-08 19:00:00,MLO,3.3
2023-05-08 20:00:00,MLO,4.0
2023-05-08 21:00:00,MLO,4.2
2023-05-08 22:00:00,MLO,4.9
2023-05-08 23:00:00,MLO,4.6
2023-05-09 00:00:00,MLO,5.0
2023-05-09 01:00:00,MLO,4.3
2023-05-09 02:00:00,MLO,2.9
2023-05-09 03:00:00,MLO,2.3
2023-05-09 04:00:00,MLO,1.6
2023-05-09 05:00:00,MLO,1.0
2023-05-09 06:00:00,MLO,0.9
2023-05-09 07:00:00,MLO,1.5
2023-05-09 08:00:00,MLO,1.8
2023-05-09 09:00:00,MLO,2.2
2023-05-09 10:00:00,MLO,1.6
2023-05-09 11:00:00,MLO,2.6
2023-05-09 12:00:00,MLO,2.7
2023-05-09 13:00:00,MLO,2.9
2023-05-09 14:00:00,MLO,2.5
2023-05-09 15:00:00,MLO,2.5
2023-05-09 16:00:00,MLO,2.4
2023-05-09 17:00:00,MLO,0.9
2023-05-09 18:00:00,MLO,2.4
2023-05-09 19:00:00,MLO,2.6
2023-05-09 20:00:00,MLO,3.7
2023-05-09 21:00:00,MLO,4.2
2023-05-09 22:00:00,MLO,4.3
2023-05-09 23:00:00,MLO,4.7
2023-05-10 00:00:00,MLO,3.8
2023-05-10 01:00:00,MLO,3.1
2023-05-10 02:00:00,MLO,3.1
2023-05-10 03:00:00,MLO,2.7
2023-05-10 04:00:00,MLO,3.1
2023-05-10 05:00:00,MLO,1.3
2023-05-10 06:00:00,MLO,0.5
2023-05-10 07:00:00,MLO,1.5
2023-05-10 08:00:00,MLO,2.8
2023-05-10 09:00:00,MLO,2.9
2023-05-10 10:00:00,MLO,2.5
2023-05-10 11:00:00,MLO,2.6
2023-05-10 12:00:00,MLO,3.4
2023-05-10 13:00:00,MLO,3.6
2023-05-10 14:00:00,MLO,4.0
2023-05-10 15:00:00,MLO,3.0
2023-05-10 16:00:00,MLO,2.0
2023-05-10 17:00:00,MLO,1.8
2023-05-10 18:00:00,MLO,2.8
2023-05-10 19:00:00,MLO,3.0
2023-05-10 20:00:00,MLO,3.8
2023-05-10 21:00:00,MLO,3.8
2023-05-10 22:00:00,MLO,2.5
2023-05-10 23:00:00,MLO,4.0
2023-05-11 00:00:00,MLO,0.9
2023-05-11 01:00:00,MLO,3.1
2023-05-11 02:00:00,MLO,3.0
2023-05-11 03:00:00,MLO,1.9
2023-05-11 04:00:00,MLO,1.9
2023-05-11 05:00:00,MLO,0.8
2023-05-11 06:00:00,MLO,1.3
2023-05-11 07:00:00,MLO,2.1
2023-05-11 08:00:00,MLO,2.3
2023-05-11 09:00:00,MLO,2.0
2023-05-11 10:00:00,MLO,1.6
2023-05-11 11:00:00,MLO,1.7
2023-05-11 12:00:00,MLO,1.1
2023-05-11 13:00:00,MLO,1.6
2023-05-11 14:00:00,MLO,1.3
2023-05-11 15:00:00,MLO,1.6
2023-05-11 16:00:00,MLO,1.3
2023-05-11 17:00:00,MLO,1.3
2023-05-11 18:00:00,MLO,1.7
2023-05-11 19:00:00,MLO,2.3
2023-05-11 20:00:00,MLO,4.4
2023-05-11 21:00:00,MLO,6.0
2023-05-11 22:00:00,MLO,6.2
2023-05-11 23:00:00,MLO,5.9
2023-05-12 00:00:00,MLO,5.6
2023-05-12 01:00:00,MLO,5.5
2023-05-12 02:00:00,MLO,5.8
2023-05-12 03:00:00,MLO,4.8
2023-05-12 04:00:00,MLO,4.3
2023-05-12 05:00:00,MLO,3.7
2023-05-12 06:00:00,MLO,4.9
2023-05-12 07:00:00,MLO,5.2
2023-05-12 08:00:00,MLO,5.2
2023-05-12 09:00:00,MLO,4.9
2023-05-12 10:00:00,MLO,5.1
2023-05-12 11:00:00,MLO,5.6
2023-05-12 12:00:00,MLO,5.3
2023-05-12 13:00:00,MLO,5.8
2023-05-12 14:00:00,MLO,5.7
2023-05-12 15:00:00,MLO,5.2
2023-05-12 16:00:00,MLO,2.5
2023-05-12 17:00:00,MLO,0.9
2023-05-12 18:00:00,MLO,3.5
2023-05-12 19:00:00,MLO,4.5
2023-05-12 20:00:00,MLO,4.0
2023-05-12 21:00:00,MLO,3.9
2023-05-12 22:00:00,MLO,4.3
2023-05-12 23:00:00,MLO,5.2
2023-05-13 00:00:00,MLO,5.7
2023-05-13 01:00:00,MLO,5.4
2023-05-13 02:00:00,MLO,5.7
2023-05-13 03:00:00,MLO,5.3
2023-05-13 04:00:00,MLO,6.2
2023-05-13 05:00:00,MLO,4.7
2023-05-13 06:00:00,MLO,4.7
2023-05-13 07:00:00,MLO,4.1
2023-05-13 08:00:00,MLO,4.0
2023-05-13 09:00:00,MLO,4.9
2023-05-13 10:00:00,MLO,4.8
2023-05-13 11:00:00,MLO,4.7
2023-05-13 12:00:00,MLO,4.9
2023-05-13 13:00:00,MLO,4.8
2023-05-13 14:00:00,MLO,5.1
2023-05-13 15:00:00,MLO,4.8
2023-05-13 16:00:00,MLO,3.7
2023-05-13 17:00:00,MLO,1.7
2023-05-13 18:00:00,MLO,3.5
2023-05-13 19:00:00,MLO,3.2
2023-05-13 20:00:00,MLO,3.5
2023-05-13 21:00:00,MLO,4.2
2023-05-13 22:00:00,MLO,5.6
2023-05-13 23:00:00,MLO,7.1
2023-05-14 00:00:00,MLO,7.7
2023-05-14 01:00:00,MLO,6.8
2023-05-14 02:00:00,MLO,7.1
2023-05-14 03:00:00,MLO,7.7
2023-05-14 04:00:00,MLO,8.0
2023-05-14 05:00:00,MLO,7.1
2023-05-14 06:00:00,MLO,6.1
2023-05-14 07:00:00,MLO,6.6
2023-05-14 08:00:00,MLO,7.7
2023-05-14 09:00:00,MLO,8.5
2023-05-14 10:00:00,MLO,8.1
2023-05-14 11:00:00,MLO,9.0
2023-05-14 12:00:00,MLO,9.2
2023-05-14 13:00:00,MLO,8.7
2023-05-14 14:00:00,MLO,8.8
2023-05-14 15:00:00,MLO,8.8
2023-05-14 16:00:00,MLO,8.0
2023-05-14 17:00:00,MLO,8.9
2023-05-14 18:00:00,MLO,9.0
2023-05-14 19:00:00,MLO,8.1
2023-05-14 20:00:00,MLO,7.1
2023-05-14 21:00:00,MLO,6.6
2023-05-14 22:00:00,MLO,7.2
2023-05-14 23:00:00,MLO,6.7
2023-05-15 00:00:00,MLO,6.7
2023-05-15 01:00:00,MLO,6.2
2023-05-15 02:00:00,MLO,7.0
2023-05-15 03:00:00,MLO,7.0
2023-05-15 04:00:00,MLO,7.5
2023-05-15 05:00:00,MLO,7.1
2023-05-15 06:00:00,MLO,6.4
2023-05-15 07:00:00,MLO,5.9
2023-05-15 08:00:00,MLO,6.7
2023-05-15 09:00:00,MLO,6.9
2023-05-15 10:00:00,MLO,6.6
2023-05-15 11:00:00,MLO,6.7
2023-05-15 12:00:00,MLO,6.7
2023-05-15 13:00:00,MLO,6.8
2023-05-15 14:00:00,MLO,6.9
2023-05-15 15:00:00,MLO,6.2
2023-05-15 16:00:00,MLO,6.0
2023-05-15 17:00:00,MLO,5.4
2023-05-15 18:00:00,MLO,4.7
2023-05-15 19:00:00,MLO,4.1
2023-05-15 20:00:00,MLO,4.5
2023-05-15 21:00:00,MLO,5.3
2023-05-15 22:00:00,MLO,5.2
2023-05-15 23:00:00,MLO,5.0
2023-05-16 00:00:00,MLO,5.0
2023-05-16 01:00:00,MLO,5.0
2023-05-16 02:00:00,MLO,4.7
2023-05-16 03:00:00,MLO,5.5
2023-05-16 04:00:00,MLO,4.9
2023-05-16 05:00:00,MLO,4.3
2023-05-16 06:00:00,MLO,4.0
2023-05-16 07:00:00,MLO,4.7
2023-05-16 08:00:00,MLO,5.6
2023-05-16 09:00:00,MLO,6.4
2023-05-16 10:00:00,MLO,6.4
2023-05-16 11:00:00,MLO,5.6
2023-05-16 12:00:00,MLO,3.5
2023-05-16 13:00:00,MLO,1.8
2023-05-16 14:00:00,MLO,3.2
2023-05-16 15:00:00,MLO,5.7
2023-05-16 16:00:00,MLO,5.9
2023-05-16 17:00:00,MLO,7.7
2023-05-16 18:00:00,MLO,15.4
2023-05-16 19:00:00,MLO,14.9
2023-05-16 20:00:00,MLO,14.9
2023-05-16 21:00:00,MLO,13.9
2023-05-16 22:00:00,MLO,15.4
2023-05-16 23:00:00,MLO,15.9
2023-05-17 00:00:00,MLO,14.2
2023-05-17 01:00:00,MLO,13.3
2023-05-17 02:00:00,MLO,12.8
2023-05-17 03:00:00,MLO,10.5
2023-05-17 04:00:00,MLO,9.3
2023-05-17 05:00:00,MLO,8.4
2023-05-17 06:00:00,MLO,9.2
2023-05-17 07:00:00,MLO,10.6
2023-05-17 08:00:00,MLO,12.0
2023-05-17 09:00:00,MLO,12.8
2023-05-17 10:00:00,MLO,12.6
2023-05-17 11:00:00,MLO,12.5
2023-05-17 12:00:00,MLO,12.5
2023-05-17 13:00:00,MLO,13.0
2023-05-17 14:00:00,MLO,12.8
2023-05-17 15:00:00,MLO,11.7
2023-05-17 16:00:00,MLO,10.4
2023-05-17 17:00:00,MLO,10.1
2023-05-17 18:00:00,MLO,10.5
2023-05-17 19:00:00,MLO,11.3
2023-05-17 20:00:00,MLO,12.8
2023-05-17 21:00:00,MLO,13.1
2023-05-17 22:00:00,MLO,13.1
2023-05-17 23:00:00,MLO,12.3
2023-05-18 00:00:00,MLO,11.6
2023-05-18 01:00:00,MLO,10.4
2023-05-18 02:00:00,MLO,9.3
2023-05-18 03:00:00,MLO,8.3
2023-05-18 04:00:00,MLO,8.6
2023-05-18 05:00:00,MLO,9.0
2023-05-18 06:00:00,MLO,9.7
2023-05-18 07:00:00,MLO,8.6
2023-05-18 08:00:00,MLO,7.9
2023-05-18 09:00:00,MLO,6.3
2023-05-18 10:00:00,MLO,6.3
2023-05-18 11:00:00,MLO,7.0
2023-05-18 12:00:00,MLO,6.0
2023-05-18 13:00:00,MLO,7.2
2023-05-18 14:00:00,MLO,7.7
2023-05-18 15:00:00,MLO,8.8
2023-05-18 16:00:00,MLO,8.0
2023-05-18 17:00:00,MLO,4.5
2023-05-18 18:00:00,MLO,7.2
2023-05-18 19:00:00,MLO,3.8
2023-05-18 20:00:00,MLO,2.5
2023-05-18 21:00:00,MLO,2.8
2023-05-18 22:00:00,MLO,2.2
2023-05-18 23:00:00,MLO,1.8
2023-05-19 00:00:00,MLO,2.4
2023-05-19 01:00:00,MLO,6.6
2023-05-19 02:00:00,MLO,7.1
2023-05-19 03:00:00,MLO,7.6
2023-05-19 04:00:00,MLO,4.6
2023-05-19 05:00:00,MLO,0.4
2023-05-19 06:00:00,MLO,2.9
2023-05-19 07:00:00,MLO,10.2
2023-05-19 08:00:00,MLO,11.3
2023-05-19 09:00:00,MLO,19.0
2023-05-19 10:00:00,MLO,18.5
2023-05-19 11:00:00,MLO,16.3
2023-05-19 12:00:00,MLO,15.1
2023-05-19 13:00:00,MLO,14.5
2023-05-19 14:00:00,MLO,12.4
2023-05-19 15:00:00,MLO,12.1
2023-05-19 16:00:00,MLO,11.2
2023-05-19 17:00:00,MLO,9.8
2023-05-19 18:00:00,MLO,8.6
2023-05-19 19:00:00,MLO,3.7
2023-05-19 20:00:00,MLO,2.2
2023-05-19 21:00:00,MLO,7.9
2023-05-19 22:00:00,MLO,7.6
2023-05-19 23:00:00,MLO,6.5
2023-05-20 00:00:00,MLO,6.0
2023-05-20 01:00:00,MLO,6.0
2023-05-20 02:00:00,MLO,6.7
2023-05-20 03:00:00,MLO,5.2
2023-05-20 04:00:00,MLO,5.6
2023-05-20 05:00:00,MLO,4.3
2023-05-20 06:00:00,MLO,3.9
2023-05-20 07:00:00,MLO,0.2
2023-05-20 08:00:00,MLO,0.9
2023-05-20 09:00:00,MLO,3.2
2023-05-20 10:00:00,MLO,3.5
2023-05-20 11:00:00,MLO,3.6
2023-05-20 12:00:00,MLO,3.8
2023-05-20 13:00:00,MLO,3.6
2023-05-20 14:00:00,MLO,3.5
2023-05-20 15:00:00,MLO,2.9
2023-05-20 16:00:00,MLO,1.4
2023-05-20 17:00:00,MLO,1.0
2023-05-20 18:00:00,MLO,1.7
2023-05-20 19:00:00,MLO,2.8
2023-05-20 20:00:00,MLO,3.4
2023-05-20 21:00:00,MLO,3.6
2023-05-20 22:00:00,MLO,2.7
2023-05-20 23:00:00,MLO,3.5
2023-05-21 00:00:00,MLO,2.4
2023-05-21 01:00:00,MLO,3.1
2023-05-21 02:00:00,MLO,3.4
2023-05-21 03:00:00,,3.4499999999999997
2023-05-21 04:00:00,,3.5
2023-05-21 05:00:00,,3.55
2023-05-21 06:00:00,,3.6
2023-05-21 07:00:00,,3.65
2023-05-21 08:00:00,,3.7
2023-05-21 09:00:00,,3.75
2023-05-21 10:00:00,,3.8
2023-05-21 11:00:00,,3.85
2023-05-21 12:00:00,,3.9
2023-05-21 13:00:00,,3.95
2023-05-21 14:00:00,,4.0
2023-05-21 15:00:00,,4.05
2023-05-21 16:00:00,,4.1
2023-05-21 17:00:00,,4.15
2023-05-21 18:00:00,,4.2
2023-05-21 19:00:00,,4.25
2023-05-21 20:00:00,,4.3
2023-05-21 21:00:00,,4.35
2023-05-21 22:00:00,,4.4
2023-05-21 23:00:00,,4.45
2023-05-22 00:00:00,MLO,4.5
2023-05-22 01:00:00,MLO,4.4
2023-05-22 02:00:00,MLO,4.6
2023-05-22 03:00:00,MLO,4.4
2023-05-22 04:00:00,MLO,4.1
2023-05-22 05:00:00,MLO,6.3
2023-05-22 06:00:00,MLO,6.0
2023-05-22 07:00:00,MLO,6.1
2023-05-22 08:00:00,MLO,5.5
2023-05-22 09:00:00,MLO,5.5
2023-05-22 10:00:00,MLO,5.7
2023-05-22 11:00:00,MLO,5.5
2023-05-22 12:00:00,MLO,5.9
2023-05-22 13:00:00,MLO,6.1
2023-05-22 14:00:00,MLO,6.5
2023-05-22 15:00:00,MLO,6.6
2023-05-22 16:00:00,MLO,6.4
2023-05-22 17:00:00,MLO,5.9
2023-05-22 18:00:00,MLO,5.6
2023-05-22 19:00:00,MLO,5.9
2023-05-22 20:00:00,MLO,6.0
2023-05-22 21:00:00,MLO,5.2
2023-05-22 22:00:00,MLO,4.6
2023-05-22 23:00:00,MLO,4.9
2023-05-23 00:00:00,MLO,5.7
2023-05-23 01:00:00,MLO,6.0
2023-05-23 02:00:00,MLO,5.9
2023-05-23 03:00:00,MLO,5.3
2023-05-23 04:00:00,MLO,5.6
2023-05-23 05:00:00,MLO,6.5
2023-05-23 06:00:00,MLO,7.0
2023-05-23 07:00:00,MLO,8.4
2023-05-23 08:00:00,MLO,8.7
2023-05-23 09:00:00,MLO,9.8
2023-05-23 10:00:00,MLO,10.3
2023-05-23 11:00:00,MLO,10.4
2023-05-23 12:00:00,MLO,10.1
2023-05-23 13:00:00,MLO,10.2
2023-05-23 14:00:00,MLO,8.4
2023-05-23 15:00:00,MLO,8.1
2023-05-23 16:00:00,MLO,5.9
2023-05-23 17:00:00,MLO,0.9
2023-05-23 18:00:00,MLO,2.3
2023-05-23 19:00:00,MLO,3.4
2023-05-23 20:00:00,MLO,3.8
2023-05-23 21:00:00,MLO,4.5
2023-05-23 22:00:00,MLO,4.4
2023-05-23 23:00:00,MLO,4.3
2023-05-24 00:00:00,MLO,4.6
2023-05-24 01:00:00,MLO,4.2
2023-05-24 02:00:00,MLO,5.8
2023-05-24 03:00:00,MLO,4.3
2023-05-24 04:00:00,MLO,4.2
2023-05-24 05:00:00,MLO,5.4
2023-05-24 06:00:00,MLO,5.7
2023-05-24 07:00:00,MLO,6.0
2023-05-24 08:00:00,MLO,4.7
2023-05-24 09:00:00,MLO,6.4
2023-05-24 10:00:00,MLO,5.0
2023-05-24 11:00:00,MLO,5.0
2023-05-24 12:00:00,MLO,5.2
2023-05-24 13:00:00,MLO,5.6
2023-05-24 14:00:00,MLO,5.4
2023-05-24 15:00:00,MLO,2.7
2023-05-24 16:00:00,MLO,1.3
2023-05-24 17:00:00,MLO,1.7
2023-05-24 18:00:00,MLO,2.8
2023-05-24 19:00:00,MLO,3.9
2023-05-24 20:00:00,MLO,4.1
2023-05-24 21:00:00,MLO,4.3
2023-05-24 22:00:00,MLO,4.5
2023-05-24 23:00:00,MLO,5.2
2023-05-25 00:00:00,MLO,4.7
2023-05-25 01:00:00,MLO,4.7
2023-05-25 02:00:00,MLO,3.5
2023-05-25 03:00:00,MLO,4.1
2023-05-25 04:00:00,MLO,3.5
2023-05-25 05:00:00,MLO,2.8
2023-05-25 06:00:00,MLO,2.9
2023-05-25 07:00:00,MLO,4.0
2023-05-25 08:00:00,MLO,4.2
2023-05-25 09:00:00,MLO,4.3
2023-05-25 10:00:00,MLO,4.2
2023-05-25 11:00:00,MLO,4.1
2023-05-25 12:00:00,MLO,4.9
2023-05-25 13:00:00,MLO,4.2
2023-05-25 14:00:00,MLO,3.6
2023-05-25 15:00:00,MLO,4.0
2023-05-25 16:00:00,MLO,1.8
2023-05-25 17:00:00,MLO,1.3
2023-05-25 18:00:00,MLO,2.9
2023-05-25 19:00:00,MLO,3.9
2023-05-25 20:00:00,MLO,4.0
2023-05-25 21:00:00,MLO,4.3
2023-05-25 22:00:00,MLO,4.2
2023-05-25 23:00:00,MLO,4.3
2023-05-26 00:00:00,MLO,4.0
2023-05-26 01:00:00,MLO,4.1
2023-05-26 02:00:00,MLO,2.5
2023-05-26 03:00:00,MLO,1.8
2023-05-26 04:00:00,MLO,1.9
2023-05-26 05:00:00,MLO,0.9
2023-05-26 06:00:00,MLO,1.4
2023-05-26 07:00:00,MLO,1.9
2023-05-26 08:00:00,MLO,1.6
2023-05-26 09:00:00,MLO,0.8
2023-05-26 10:00:00,MLO,1.5
2023-05-26 11:00:00,MLO,1.8
2023-05-26 12:00:00,MLO,1.7
2023-05-26 13:00:00,MLO,1.7
2023-05-26 14:00:00,MLO,1.7
2023-05-26 15:00:00,MLO,3.1
2023-05-26 16:00:00,MLO,2.7
2023-05-26 17:00:00,MLO,1.6
2023-05-26 18:00:00,MLO,1.9
2023-05-26 19:00:00,MLO,2.5
2023-05-26 20:00:00,MLO,3.9
2023-05-26 21:00:00,MLO,3.7
2023-05-26 22:00:00,MLO,4.5
2023-05-26 23:00:00,MLO,4.3
2023-05-27 00:00:00,MLO,4.7
2023-05-27 01:00:00,MLO,3.6
2023-05-27 02:00:00,MLO,3.9
2023-05-27 03:00:00,MLO,3.1
2023-05-27 04:00:00,MLO,3.1
2023-05-27 05:00:00,MLO,3.7
2023-05-27 06:00:00,MLO,3.6
2023-05-27 07:00:00,MLO,3.9
2023-05-27 08:00:00,MLO,3.8
2023-05-27 09:00:00,MLO,4.5
2023-05-27 10:00:00,MLO,4.2
2023-05-27 11:00:00,MLO,4.6
2023-05-27 12:00:00,MLO,4.5
2023-05-27 13:00:00,MLO,4.0
2023-05-27 14:00:00,MLO,3.7
2023-05-27 15:00:00,MLO,3.4
2023-05-27 16:00:00,MLO,3.0
2023-05-27 17:00:00,MLO,0.8
2023-05-27 18:00:00,MLO,2.3
2023-05-27 19:00:00,MLO,3.7
2023-05-27 20:00:00,MLO,4.4
2023-05-27 21:00:00,MLO,4.8
2023-05-27 22:00:00,MLO,5.1
2023-05-27 23:00:00,MLO,4.2
2023-05-28 00:00:00,MLO,4.6
2023-05-28 01:00:00,MLO,4.3
2023-05-28 02:00:00,MLO,4.0
2023-05-28 03:00:00,MLO,3.5
2023-05-28 04:00:00,MLO,3.1
2023-05-28 05:00:00,MLO,2.4
2023-05-28 06:00:00,MLO,1.9
2023-05-28 07:00:00,MLO,4.0
2023-05-28 08:00:00,MLO,4.1
2023-05-28 09:00:00,MLO,4.7
2023-05-28 10:00:00,MLO,4.9
2023-05-28 11:00:00,MLO,5.6
2023-05-28 12:00:00,MLO,5.2
2023-05-28 13:00:00,MLO,5.3
2023-05-28 14:00:00,MLO,6.2
2023-05-28 15:00:00,MLO,6.0
2023-05-28 16:00:00,MLO,5.7
2023-05-28 17:00:00,MLO,4.2
2023-05-28 18:00:00,MLO,3.5
2023-05-28 19:00:00,MLO,3.2
2023-05-28 20:00:00,MLO,3.3
2023-05-28 21:00:00,MLO,4.1
2023-05-28 22:00:00,MLO,4.5
2023-05-28 23:00:00,MLO,3.8
2023-05-29 00:00:00,MLO,2.5
2023-05-29 01:00:00,MLO,3.0
2023-05-29 02:00:00,MLO,3.0
2023-05-29 03:00:00,MLO,3.3
2023-05-29 04:00:00,MLO,3.5
2023-05-29 05:00:00,MLO,4.4
2023-05-29 06:00:00,MLO,3.6
2023-05-29 07:00:00,MLO,4.1
2023-05-29 08:00:00,MLO,3.5
2023-05-29 09:00:00,MLO,3.8
2023-05-29 10:00:00,MLO,3.8
2023-05-29 11:00:00,MLO,4.0
2023-05-29 12:00:00,MLO,5.1
2023-05-29 13:00:00,MLO,5.4
2023-05-29 14:00:00,MLO,5.3
2023-05-29 15:00:00,MLO,5.4
2023-05-29 16:00:00,MLO,5.1
2023-05-29 17:00:00,MLO,4.7
2023-05-29 18:00:00,MLO,3.7
2023-05-29 19:00:00,MLO,3.8
2023-05-29 20:00:00,MLO,3.3
2023-05-29 21:00:00,MLO,3.4
2023-05-29 22:00:00,MLO,3.7
2023-05-29 23:00:00,MLO,3.5
2023-05-30 00:00:00,MLO,4.1
2023-05-30 01:00:00,MLO,4.2
2023-05-30 02:00:00,MLO,3.3
2023-05-30 03:00:00,MLO,2.7
2023-05-30 04:00:00,MLO,2.7
2023-05-30 05:00:00,MLO,3.6
2023-05-30 06:00:00,MLO,4.0
2023-05-30 07:00:00,MLO,3.8
2023-05-30 08:00:00,MLO,4.2
2023-05-30 09:00:00,MLO,4.4
2023-05-30 10:00:00,MLO,2.8
2023-05-30 11:00:00,MLO,2.0
2023-05-30 12:00:00,MLO,1.1
2023-05-30 13:00:00,MLO,1.3
2023-05-30 14:00:00,MLO,1.0
2023-05-30 15:00:00,MLO,1.3
2023-05-30 16:00:00,MLO,1.0
2023-05-30 17:00:00,MLO,1.7
2023-05-30 18:00:00,MLO,1.4
2023-05-30 19:00:00,MLO,2.7
2023-05-30 20:00:00,MLO,2.6
2023-05-30 21:00:00,MLO,2.0
2023-05-30 22:00:00,MLO,3.5
2023-05-30 23:00:00,MLO,4.2
2023-05-31 00:00:00,MLO,4.0
2023-05-31 01:00:00,MLO,3.4
2023-05-31 02:00:00,MLO,1.0
2023-05-31 03:00:00,MLO,0.3
2023-05-31 04:00:00,MLO,1.3
2023-05-31 05:00:00,MLO,0.7
2023-05-31 06:00:00,MLO,0.6
2023-05-31 07:00:00,MLO,0.2
2023-05-31 08:00:00,MLO,0.7
2023-05-31 09:00:00,MLO,0.5
2023-05-31 10:00:00,MLO,1.3
2023-05-31 11:00:00,MLO,0.2
2023-05-31 12:00:00,MLO,0.4
2023-05-31 13:00:00,MLO,3.5
2023-05-31 14:00:00,MLO,1.7
2023-05-31 15:00:00,MLO,5.0
2023-05-31 16:00:00,MLO,5.8
2023-05-31 17:00:00,MLO,0.6
2023-05-31 18:00:00,MLO,1.5
2023-05-31 19:00:00,MLO,2.7
2023-05-31 20:00:00,MLO,3.9
2023-05-31 21:00:00,MLO,3.1
2023-05-31 22:00:00,MLO,3.5
2023-05-31 23:00:00,MLO,4.0
2023-06-01 00:00:00,MLO,4.2
2023-06-01 01:00:00,MLO,4.1
2023-06-01 02:00:00,MLO,2.9
2023-06-01 03:00:00,MLO,3.3
2023-06-01 04:00:00,MLO,2.5
2023-06-01 05:00:00,MLO,1.9
2023-06-01 06:00:00,MLO,1.1
2023-06-01 07:00:00,MLO,0.7
2023-06-01 08:00:00,MLO,1.3
2023-06-01 09:00:00,MLO,1.6
2023-06-01 10:00:00,MLO,5.1
2023-06-01 11:00:00,MLO,5.3
2023-06-01 12:00:00,MLO,5.2
2023-06-01 13:00:00,MLO,6.6
2023-06-01 14:00:00,MLO,7.1
2023-06-01 15:00:00,MLO,7.0
2023-06-01 16:00:00,MLO,6.4
2023-06-01 17:00:00,MLO,4.3
2023-06-01 18:00:00,MLO,2.8
2023-06-01 19:00:00,MLO,3.5
2023-06-01 20:00:00,MLO,3.7
2023-06-01 21:00:00,MLO,3.9
2023-06-01 22:00:00,MLO,3.9
2023-06-01 23:00:00,MLO,3.5
2023-06-02 00:00:00,MLO,3.6
2023-06-02 01:00:00,MLO,3.4
2023-06-02 02:00:00,MLO,3.3
2023-06-02 03:00:00,MLO,3.5
2023-06-02 04:00:00,MLO,3.6
2023-06-02 05:00:00,MLO,3.6011494252873564
2023-06-02 06:00:00,MLO,3.6022988505747127
2023-06-02 07:00:00,MLO,3.603448275862069
2023-06-02 08:00:00,MLO,3.6045977011494252
2023-06-02 09:00:00,MLO,3.6057471264367815
2023-06-02 10:00:00,MLO,3.606896551724138
2023-06-02 11:00:00,MLO,3.6080459770114945
2023-06-02 12:00:00,MLO,3.609195402298851
2023-06-02 13:00:00,MLO,3.610344827586207
2023-06-02 14:00:00,MLO,3.6114942528735634
2023-06-02 15:00:00,MLO,3.6126436781609197
2023-06-02 16:00:00,MLO,3.613793103448276
2023-06-02 17:00:00,MLO,3.6149425287356323
2023-06-02 18:00:00,MLO,3.6160919540229886
2023-06-02 19:00:00,MLO,3.617241379310345
2023-06-02 20:00:00,MLO,3.618390804597701
2023-06-02 21:00:00,MLO,3.6195402298850574
2023-06-02 22:00:00,MLO,3.6206896551724137
2023-06-02 23:00:00,MLO,3.6218390804597704
2023-06-03 00:00:00,MLO,3.6229885057471267
2023-06-03 01:00:00,MLO,3.624137931034483
2023-06-03 02:00:00,MLO,3.6252873563218393
2023-06-03 03:00:00,MLO,3.6264367816091956
2023-06-03 04:00:00,MLO,3.627586206896552
2023-06-03 05:00:00,MLO,3.628735632183908
2023-06-03 06:00:00,MLO,3.6298850574712644
2023-06-03 07:00:00,MLO,3.6310344827586207
2023-06-03 08:00:00,MLO,3.632183908045977
2023-06-03 09:00:00,MLO,3.6333333333333333
2023-06-03 10:00:00,MLO,3.6344827586206896
2023-06-03 11:00:00,MLO,3.6356321839080463
2023-06-03 12:00:00,MLO,3.6367816091954026
2023-06-03 13:00:00,MLO,3.637931034482759
2023-06-03 14:00:00,MLO,3.639080459770115
2023-06-03 15:00:00,MLO,3.6402298850574715
2023-06-03 16:00:00,MLO,3.6413793103448278
2023-06-03 17:00:00,MLO,3.642528735632184
2023-06-03 18:00:00,MLO,3.6436781609195403
2023-06-03 19:00:00,MLO,3.6448275862068966
2023-06-03 20:00:00,MLO,3.645977011494253
2023-06-03 21:00:00,MLO,3.647126436781609
2023-06-03 22:00:00,MLO,3.6482758620689655
2023-06-03 23:00:00,MLO,3.6494252873563218
2023-06-04 00:00:00,MLO,3.6505747126436785
2023-06-04 01:00:00,MLO,3.651724137931035
2023-06-04 02:00:00,MLO,3.652873563218391
2023-06-04 03:00:00,MLO,3.6540229885057474
2023-06-04 04:00:00,MLO,3.6551724137931036
2023-06-04 05:00:00,MLO,3.65632183908046
2023-06-04 06:00:00,MLO,3.657471264367816
2023-06-04 07:00:00,MLO,3.6586206896551725
2023-06-04 08:00:00,MLO,3.659770114942529
2023-06-04 09:00:00,MLO,3.660919540229885
2023-06-04 10:00:00,MLO,3.6620689655172414
2023-06-04 11:00:00,MLO,3.6632183908045977
2023-06-04 12:00:00,MLO,3.6643678160919544
2023-06-04 13:00:00,MLO,3.6655172413793107
2023-06-04 14:00:00,MLO,3.666666666666667
2023-06-04 15:00:00,MLO,3.6678160919540232
2023-06-04 16:00:00,MLO,3.6689655172413795
2023-06-04 17:00:00,MLO,3.670114942528736
2023-06-04 18:00:00,MLO,3.671264367816092
2023-06-04 19:00:00,MLO,3.6724137931034484
2023-06-04 20:00:00,MLO,3.6735632183908047
2023-06-04 21:00:00,MLO,3.674712643678161
2023-06-04 22:00:00,MLO,3.6758620689655173
2023-06-04 23:00:00,MLO,3.6770114942528735
2023-06-05 00:00:00,MLO,3.67816091954023
2023-06-05 01:00:00,MLO,3.6793103448275866
2023-06-05 02:00:00,MLO,3.680459770114943
2023-06-05 03:00:00,MLO,3.681609195402299
2023-06-05 04:00:00,MLO,3.6827586206896554
2023-06-05 05:00:00,MLO,3.6839080459770117
2023-06-05 06:00:00,MLO,3.685057471264368
2023-06-05 07:00:00,MLO,3.6862068965517243
2023-06-05 08:00:00,MLO,3.6873563218390806
2023-06-05 09:00:00,MLO,3.688505747126437
2023-06-05 10:00:00,MLO,3.689655172413793
2023-06-05 11:00:00,MLO,3.6908045977011494
2023-06-05 12:00:00,MLO,3.6919540229885057
2023-06-05 13:00:00,MLO,3.6931034482758625
2023-06-05 14:00:00,MLO,3.6942528735632187
2023-06-05 15:00:00,MLO,3.695402298850575
2023-06-05 16:00:00,MLO,3.6965517241379313
2023-06-05 17:00:00,MLO,3.6977011494252876
2023-06-05 18:00:00,MLO,3.698850574712644
2023-06-05 19:00:00,MLO,3.7
2023-06-05 20:00:00,MLO,4.0
2023-06-05 21:00:00,MLO,3.6
2023-06-05 22:00:00,MLO,4.4
2023-06-05 23:00:00,MLO,3.9
2023-06-06 00:00:00,MLO,3.5
2023-06-06 01:00:00,MLO,3.3
2023-06-06 02:00:00,MLO,2.5
2023-06-06 03:00:00,MLO,2.2
2023-06-06 04:00:00,MLO,1.2
2023-06-06 05:00:00,MLO,0.4
2023-06-06 06:00:00,MLO,1.2
2023-06-06 07:00:00,MLO,1.5
2023-06-06 08:00:00,MLO,2.6
2023-06-06 09:00:00,MLO,2.3
2023-06-06 10:00:00,MLO,1.8
2023-06-06 11:00:00,MLO,2.2
2023-06-06 12:00:00,MLO,1.9
2023-06-06 13:00:00,MLO,2.4
2023-06-06 14:00:00,MLO,2.6
2023-06-06 15:00:00,MLO,3.0
2023-06-06 16:00:00,MLO,2.4
2023-06-06 17:00:00,MLO,0.8
2023-06-06 18:00:00,MLO,2.8
2023-06-06 19:00:00,MLO,3.8
2023-06-06 20:00:00,MLO,4.3
2023-06-06 21:00:00,MLO,4.7
2023-06-06 22:00:00,MLO,5.4
2023-06-06 23:00:00,MLO,5.4
2023-06-07 00:00:00,MLO,5.0
2023-06-07 01:00:00,MLO,4.3
2023-06-07 02:00:00,MLO,3.5
2023-06-07 03:00:00,MLO,3.1
2023-06-07 04:00:00,MLO,2.3
2023-06-07 05:00:00,MLO,1.2
2023-06-07 06:00:00,MLO,0.4
2023-06-07 07:00:00,MLO,1.3
2023-06-07 08:00:00,MLO,1.5
2023-06-07 09:00:00,MLO,1.4
2023-06-07 10:00:00,MLO,1.6
2023-06-07 11:00:00,MLO,1.8
2023-06-07 12:00:00,MLO,2.4
2023-06-07 13:00:00,MLO,2.5
2023-06-07 14:00:00,MLO,2.1
2023-06-07 15:00:00,MLO,2.8
2023-06-07 16:00:00,MLO,2.3
2023-06-07 17:00:00,MLO,1.7
2023-06-07 18:00:00,MLO,1.7
2023-06-07 19:00:00,MLO,2.7
2023-06-07 20:00:00,MLO,3.7
2023-06-07 21:00:00,MLO,4.0
2023-06-07 22:00:00,MLO,4.6
2023-06-07 23:00:00,MLO,4.1
2023-06-08 00:00:00,MLO,4.2
2023-06-08 01:00:00,MLO,3.8
2023-06-08 02:00:00,MLO,3.0
2023-06-08 03:00:00,MLO,3.0
2023-06-08 04:00:00,MLO,3.2
2023-06-08 05:00:00,MLO,3.4
2023-06-08 06:00:00,MLO,3.3
2023-06-08 07:00:00,MLO,3.2
2023-06-08 08:00:00,MLO,3.4
2023-06-08 09:00:00,MLO,2.7
2023-06-08 10:00:00,MLO,2.7
2023-06-08 11:00:00,MLO,3.8
2023-06-08 12:00:00,MLO,3.9
2023-06-08 13:00:00,MLO,4.7
2023-06-08 14:00:00,MLO,4.7
2023-06-08 15:00:00,MLO,3.8
2023-06-08 16:00:00,MLO,3.5
2023-06-08 17:00:00,MLO,3.3
2023-06-08 18:00:00,MLO,4.6
2023-06-08 19:00:00,MLO,5.6
2023-06-08 20:00:00,MLO,6.6
2023-06-08 21:00:00,MLO,7.2
2023-06-08 22:00:00,MLO,7.1
2023-06-08 23:00:00,MLO,6.8
2023-06-09 00:00:00,MLO,6.9
2023-06-09 01:00:00,MLO,6.6
2023-06-09 02:00:00,MLO,6.3
2023-06-09 03:00:00,MLO,6.2
2023-06-09 04:00:00,MLO,6.0
2023-06-09 05:00:00,MLO,6.0
2023-06-09 06:00:00,MLO,6.3
2023-06-09 07:00:00,MLO,5.9
2023-06-09 08:00:00,MLO,6.4
2023-06-09 09:00:00,MLO,6.3
2023-06-09 10:00:00,MLO,6.2
2023-06-09 11:00:00,MLO,6.4
2023-06-09 12:00:00,MLO,5.8
2023-06-09 13:00:00,MLO,6.4
2023-06-09 14:00:00,MLO,6.3
2023-06-09 15:00:00,MLO,6.0
2023-06-09 16:00:00,MLO,6.6
2023-06-09 17:00:00,MLO,7.2
2023-06-09 18:00:00,MLO,6.1
2023-06-09 19:00:00,MLO,7.3
2023-06-09 20:00:00,MLO,6.7
2023-06-09 21:00:00,MLO,5.3
2023-06-09 22:00:00,MLO,5.4
2023-06-09 23:00:00,MLO,5.9
2023-06-10 00:00:00,MLO,0.5
2023-06-10 01:00:00,MLO,3.3
2023-06-10 02:00:00,MLO,2.7
2023-06-10 03:00:00,MLO,3.0
2023-06-10 04:00:00,MLO,9.4
2023-06-10 05:00:00,MLO,9.9
2023-06-10 06:00:00,MLO,9.5
2023-06-10 07:00:00,MLO,8.5
2023-06-10 08:00:00,MLO,9.1
2023-06-10 09:00:00,MLO,9.4
2023-06-10 10:00:00,MLO,9.1
2023-06-10 11:00:00,MLO,9.7
2023-06-10 12:00:00,MLO,10.6
2023-06-10 13:00:00,MLO,9.8
2023-06-10 14:00:00,MLO,11.8
2023-06-10 15:00:00,MLO,10.8
2023-06-10 16:00:00,MLO,8.9
2023-06-10 17:00:00,MLO,7.5
2023-06-10 18:00:00,MLO,7.0
2023-06-10 19:00:00,MLO,6.5
2023-06-10 20:00:00,MLO,6.9
2023-06-10 21:00:00,MLO,7.8
2023-06-10 22:00:00,MLO,6.8
2023-06-10 23:00:00,MLO,7.4
2023-06-11 00:00:00,MLO,7.1
2023-06-11 01:00:00,MLO,7.0
2023-06-11 02:00:00,MLO,7.3
2023-06-11 03:00:00,MLO,8.1
2023-06-11 04:00:00,MLO,8.2
2023-06-11 05:00:00,MLO,8.7
2023-06-11 06:00:00,MLO,9.6
2023-06-11 07:00:00,MLO,10.6
2023-06-11 08:00:00,MLO,9.8
2023-06-11 09:00:00,MLO,9.7
2023-06-11 10:00:00,MLO,9.3
2023-06-11 11:00:00,MLO,9.2
2023-06-11 12:00:00,MLO,11.2
2023-06-11 13:00:00,MLO,10.3
2023-06-11 14:00:00,MLO,8.3
2023-06-11 15:00:00,MLO,8.9
2023-06-11 16:00:00,MLO,8.2
2023-06-11 17:00:00,MLO,6.8
2023-06-11 18:00:00,MLO,5.6
2023-06-11 19:00:00,MLO,4.3
2023-06-11 20:00:00,MLO,5.4
2023-06-11 21:00:00,MLO,6.2
2023-06-11 22:00:00,MLO,6.3
2023-06-11 23:00:00,MLO,7.1
2023-06-12 00:00:00,MLO,7.6
2023-06-12 01:00:00,MLO,8.0
2023-06-12 02:00:00,MLO,6.8
2023-06-12 03:00:00,MLO,6.0
2023-06-12 04:00:00,MLO,4.6
2023-06-12 05:00:00,MLO,5.1
2023-06-12 06:00:00,MLO,4.9
2023-06-12 07:00:00,MLO,5.0
2023-06-12 08:00:00,MLO,5.9
2023-06-12 09:00:00,MLO,6.2
2023-06-12 10:00:00,MLO,6.4
2023-06-12 11:00:00,MLO,6.8
2023-06-12 12:00:00,MLO,7.4
2023-06-12 13:00:00,MLO,7.2
2023-06-12 14:00:00,MLO,7.6
2023-06-12 15:00:00,MLO,7.9
2023-06-12 16:00:00,MLO,7.9
2023-06-12 17:00:00,MLO,6.9
2023-06-12 18:00:00,MLO,7.4
2023-06-12 19:00:00,MLO,6.8
2023-06-12 20:00:00,MLO,4.9
2023-06-12 21:00:00,MLO,3.6
2023-06-12 22:00:00,MLO,2.6
2023-06-12 23:00:00,MLO,3.1
2023-06-13 00:00:00,MLO,6.6
2023-06-13 01:00:00,MLO,5.2
2023-06-13 02:00:00,MLO,5.0
2023-06-13 03:00:00,MLO,5.8
2023-06-13 04:00:00,MLO,6.1
2023-06-13 05:00:00,MLO,6.9
2023-06-13 06:00:00,MLO,9.0
2023-06-13 07:00:00,MLO,9.5
2023-06-13 08:00:00,MLO,9.4
2023-06-13 09:00:00,MLO,8.6
2023-06-13 10:00:00,MLO,6.6
2023-06-13 11:00:00,MLO,1.6
2023-06-13 12:00:00,MLO,2.8
2023-06-13 13:00:00,MLO,2.4
2023-06-13 14:00:00,MLO,3.0
2023-06-13 15:00:00,MLO,3.5
2023-06-13 16:00:00,MLO,1.9
2023-06-13 17:00:00,MLO,1.8
2023-06-13 18:00:00,MLO,2.0
2023-06-13 19:00:00,MLO,3.3
2023-06-13 20:00:00,MLO,3.6
2023-06-13 21:00:00,MLO,3.8
2023-06-13 22:00:00,MLO,4.5
2023-06-13 23:00:00,MLO,5.3
2023-06-14 00:00:00,MLO,5.5
2023-06-14 01:00:00,MLO,5.3
2023-06-14 02:00:00,MLO,4.5
2023-06-14 03:00:00,MLO,3.2
2023-06-14 04:00:00,MLO,2.4
2023-06-14 05:00:00,MLO,1.3
2023-06-14 06:00:00,MLO,0.1
2023-06-14 07:00:00,MLO,1.4
2023-06-14 08:00:00,MLO,1.6
2023-06-14 09:00:00,MLO,1.2
2023-06-14 10:00:00,MLO,1.8
2023-06-14 11:00:00,MLO,2.0
2023-06-14 12:00:00,MLO,1.2
2023-06-14 13:00:00,MLO,1.4
2023-06-14 14:00:00,MLO,2.0
2023-06-14 15:00:00,MLO,4.3
2023-06-14 16:00:00,MLO,1.2
2023-06-14 17:00:00,MLO,1.5
2023-06-14 18:00:00,MLO,2.6
2023-06-14 19:00:00,MLO,3.0
2023-06-14 20:00:00,MLO,4.0
2023-06-14 21:00:00,MLO,3.9
2023-06-14 22:00:00,MLO,3.9
2023-06-14 23:00:00,MLO,4.1
2023-06-15 00:00:00,MLO,3.5
2023-06-15 01:00:00,MLO,2.4
2023-06-15 02:00:00,MLO,3.1
2023-06-15 03:00:00,MLO,2.1
2023-06-15 04:00:00,MLO,2.0
2023-06-15 05:00:00,MLO,0.8
2023-06-15 06:00:00,MLO,1.8
2023-06-15 07:00:00,MLO,1.7
2023-06-15 08:00:00,MLO,1.9
2023-06-15 09:00:00,MLO,1.5
2023-06-15 10:00:00,MLO,2.6
2023-06-15 11:00:00,MLO,2.8
2023-06-15 12:00:00,MLO,2.8
2023-06-15 13:00:00,MLO,2.8
2023-06-15 14:00:00,MLO,2.5
2023-06-15 15:00:00,MLO,3.0
2023-06-15 16:00:00,MLO,2.9
2023-06-15 17:00:00,MLO,0.5
2023-06-15 18:00:00,MLO,1.8
2023-06-15 19:00:00,MLO,2.8
2023-06-15 20:00:00,MLO,3.4
2023-06-15 21:00:00,MLO,4.2
2023-06-15 22:00:00,MLO,4.6
2023-06-15 23:00:00,MLO,4.1
2023-06-16 00:00:00,MLO,4.0
2023-06-16 01:00:00,MLO,3.6
2023-06-16 02:00:00,MLO,3.2
2023-06-16 03:00:00,MLO,2.0
2023-06-16 04:00:00,MLO,1.1
2023-06-16 05:00:00,MLO,1.3
2023-06-16 06:00:00,MLO,0.5
2023-06-16 07:00:00,MLO,1.9
2023-06-16 08:00:00,MLO,1.2
2023-06-16 09:00:00,MLO,3.0
2023-06-16 10:00:00,MLO,3.0
2023-06-16 11:00:00,MLO,2.1
2023-06-16 12:00:00,MLO,3.1
2023-06-16 13:00:00,MLO,2.7
2023-06-16 14:00:00,MLO,3.4
2023-06-16 15:00:00,MLO,3.4
2023-06-16 16:00:00,MLO,1.7
2023-06-16 17:00:00,MLO,1.0
2023-06-16 18:00:00,MLO,2.9
2023-06-16 19:00:00,MLO,3.1
2023-06-16 20:00:00,MLO,2.6
2023-06-16 21:00:00,MLO,3.9
2023-06-16 22:00:00,MLO,4.2
2023-06-16 23:00:00,MLO,4.6
2023-06-17 00:00:00,MLO,4.9
2023-06-17 01:00:00,MLO,4.0
2023-06-17 02:00:00,MLO,3.8
2023-06-17 03:00:00,MLO,3.4
2023-06-17 04:00:00,MLO,2.5
2023-06-17 05:00:00,MLO,1.5
2023-06-17 06:00:00,MLO,1.5
2023-06-17 07:00:00,MLO,0.6
2023-06-17 08:00:00,MLO,1.5
2023-06-17 09:00:00,MLO,1.9
2023-06-17 10:00:00,MLO,4.4
2023-06-17 11:00:00,MLO,7.0
2023-06-17 12:00:00,MLO,6.5
2023-06-17 13:00:00,MLO,4.6
2023-06-17 14:00:00,MLO,5.0
2023-06-17 15:00:00,MLO,5.9
2023-06-17 16:00:00,MLO,3.0
2023-06-17 17:00:00,MLO,2.4
2023-06-17 18:00:00,MLO,3.5
2023-06-17 19:00:00,MLO,4.4
2023-06-17 20:00:00,MLO,4.7
2023-06-17 21:00:00,MLO,4.7
2023-06-17 22:00:00,MLO,5.6
2023-06-17 23:00:00,MLO,6.4
2023-06-18 00:00:00,MLO,6.2
2023-06-18 01:00:00,MLO,6.4
2023-06-18 02:00:00,MLO,5.8
2023-06-18 03:00:00,MLO,5.3
2023-06-18 04:00:00,MLO,4.9
2023-06-18 05:00:00,MLO,4.885937500000001
2023-06-18 06:00:00,MLO,4.871875
2023-06-18 07:00:00,MLO,4.8578125000000005
2023-06-18 08:00:00,MLO,4.84375
2023-06-18 09:00:00,MLO,4.8296875
2023-06-18 10:00:00,MLO,4.815625000000001
2023-06-18 11:00:00,MLO,4.8015625
2023-06-18 12:00:00,MLO,4.7875000000000005
2023-06-18 13:00:00,MLO,4.7734375
2023-06-18 14:00:00,MLO,4.759375
2023-06-18 15:00:00,MLO,4.745312500000001
2023-06-18 16:00:00,MLO,4.73125
2023-06-18 17:00:00,MLO,4.7171875000000005
2023-06-18 18:00:00,MLO,4.703125
2023-06-18 19:00:00,MLO,4.6890625
2023-06-18 20:00:00,MLO,4.675000000000001
2023-06-18 21:00:00,MLO,4.6609375
2023-06-18 22:00:00,MLO,4.6468750000000005
2023-06-18 23:00:00,MLO,4.6328125
2023-06-19 00:00:00,MLO,4.61875
2023-06-19 01:00:00,MLO,4.604687500000001
2023-06-19 02:00:00,MLO,4.590625
2023-06-19 03:00:00,MLO,4.5765625000000005
2023-06-19 04:00:00,MLO,4.5625
2023-06-19 05:00:00,MLO,4.5484375
2023-06-19 06:00:00,MLO,4.534375
2023-06-19 07:00:00,MLO,4.5203125
2023-06-19 08:00:00,MLO,4.5062500000000005
2023-06-19 09:00:00,MLO,4.4921875
2023-06-19 10:00:00,MLO,4.478125
2023-06-19 11:00:00,MLO,4.4640625
2023-06-19 12:00:00,MLO,4.45
2023-06-19 13:00:00,MLO,4.4359375000000005
2023-06-19 14:00:00,MLO,4.421875
2023-06-19 15:00:00,MLO,4.4078125
2023-06-19 16:00:00,MLO,4.39375
2023-06-19 17:00:00,MLO,4.3796875
2023-06-19 18:00:00,MLO,4.365625
2023-06-19 19:00:00,MLO,4.3515625
2023-06-19 20:00:00,MLO,4.3375
2023-06-19 21:00:00,MLO,4.3234375
2023-06-19 22:00:00,MLO,4.309375
2023-06-19 23:00:00,MLO,4.2953125
2023-06-20 00:00:00,MLO,4.28125
2023-06-20 01:00:00,MLO,4.2671875
2023-06-20 02:00:00,MLO,4.253125
2023-06-20 03:00:00,MLO,4.2390625
2023-06-20 04:00:00,MLO,4.225
2023-06-20 05:00:00,MLO,4.2109375
2023-06-20 06:00:00,MLO,4.196875
2023-06-20 07:00:00,MLO,4.1828125
2023-06-20 08:00:00,MLO,4.16875
2023-06-20 09:00:00,MLO,4.1546875
2023-06-20 10:00:00,MLO,4.140625
2023-06-20 11:00:00,MLO,4.1265625
2023-06-20 12:00:00,MLO,4.1125
2023-06-20 13:00:00,MLO,4.0984375
2023-06-20 14:00:00,MLO,4.084375
2023-06-20 15:00:00,MLO,4.0703125
2023-06-20 16:00:00,MLO,4.05625
2023-06-20 17:00:00,MLO,4.0421875
2023-06-20 18:00:00,MLO,4.028125
2023-06-20 19:00:00,MLO,4.0140625
2023-06-20 20:00:00,MLO,4.0
2023-06-20 21:00:00,MLO,4.2
2023-06-20 22:00:00,MLO,4.4
2023-06-20 23:00:00,MLO,4.4
2023-06-21 00:00:00,MLO,4.3
2023-06-21 01:00:00,MLO,4.3
2023-06-21 02:00:00,MLO,3.7
2023-06-21 03:00:00,MLO,3.1
2023-06-21 04:00:00,MLO,2.0
2023-06-21 05:00:00,MLO,1.0
2023-06-21 06:00:00,MLO,0.6
2023-06-21 07:00:00,MLO,0.8
2023-06-21 08:00:00,MLO,1.4
2023-06-21 09:00:00,MLO,1.8
2023-06-21 10:00:00,MLO,2.1
2023-06-21 11:00:00,MLO,2.4
2023-06-21 12:00:00,MLO,2.1
2023-06-21 13:00:00,MLO,1.8
2023-06-21 14:00:00,MLO,1.5
2023-06-21 15:00:00,MLO,1.2
2023-06-21 16:00:00,MLO,1.1
2023-06-21 17:00:00,MLO,1.2
2023-06-21 18:00:00,MLO,2.0
2023-06-21 19:00:00,MLO,2.7
2023-06-21 20:00:00,MLO,3.5
2023-06-21 21:00:00,MLO,3.8
2023-06-21 22:00:00,MLO,3.4
2023-06-21 23:00:00,MLO,2.6
2023-06-22 00:00:00,MLO,2.4
2023-06-22 01:00:00,MLO,2.2
2023-06-22 02:00:00,MLO,2.2
2023-06-22 03:00:00,MLO,1.8
2023-06-22 04:00:00,MLO,2.5
2023-06-22 05:00:00,MLO,0.3
2023-06-22 06:00:00,MLO,0.8
2023-06-22 07:00:00,MLO,1.4
2023-06-22 08:00:00,MLO,1.4
2023-06-22 09:00:00,MLO,1.6
2023-06-22 10:00:00,MLO,1.6
2023-06-22 11:00:00,MLO,2.0
2023-06-22 12:00:00,MLO,1.9
2023-06-22 13:00:00,MLO,2.3
2023-06-22 14:00:00,MLO,2.4
2023-06-22 15:00:00,MLO,2.3
2023-06-22 16:00:00,MLO,1.3
2023-06-22 17:00:00,MLO,0.8
2023-06-22 18:00:00,MLO,1.6
2023-06-22 19:00:00,MLO,2.5
2023-06-22 20:00:00,MLO,3.2
2023-06-22 21:00:00,MLO,3.2
2023-06-22 22:00:00,MLO,3.6
2023-06-22 23:00:00,MLO,4.9
2023-06-23 00:00:00,MLO,2.7
2023-06-23 01:00:00,MLO,5.2
2023-06-23 02:00:00,MLO,4.2
2023-06-23 03:00:00,MLO,3.2
2023-06-23 04:00:00,MLO,1.9
2023-06-23 05:00:00,MLO,0.9
2023-06-23 06:00:00,MLO,0.9
2023-06-23 07:00:00,MLO,1.1
2023-06-23 08:00:00,MLO,1.4
2023-06-23 09:00:00,MLO,2.2
2023-06-23 10:00:00,MLO,2.7
2023-06-23 11:00:00,MLO,2.7
2023-06-23 12:00:00,MLO,3.3
2023-06-23 13:00:00,MLO,3.4
2023-06-23 14:00:00,MLO,3.8
2023-06-23 15:00:00,MLO,3.4
2023-06-23 16:00:00,MLO,2.9
2023-06-23 17:00:00,MLO,1.4
2023-06-23 18:00:00,MLO,1.8
2023-06-23 19:00:00,MLO,3.2
2023-06-23 20:00:00,MLO,3.2
2023-06-23 21:00:00,MLO,4.9
2023-06-23 22:00:00,MLO,4.3
2023-06-23 23:00:00,MLO,6.5
2023-06-24 00:00:00,MLO,6.8
2023-06-24 01:00:00,MLO,4.5
2023-06-24 02:00:00,MLO,4.7
2023-06-24 03:00:00,MLO,4.1
2023-06-24 04:00:00,MLO,3.6
2023-06-24 05:00:00,MLO,2.8
2023-06-24 06:00:00,MLO,3.9
2023-06-24 07:00:00,MLO,3.7
2023-06-24 08:00:00,MLO,4.2
2023-06-24 09:00:00,MLO,6.9
2023-06-24 10:00:00,MLO,6.1
2023-06-24 11:00:00,MLO,8.2
2023-06-24 12:00:00,MLO,7.4
2023-06-24 13:00:00,MLO,5.5
2023-06-24 14:00:00,MLO,1.6
2023-06-24 15:00:00,MLO,5.1
2023-06-24 16:00:00,MLO,5.3
2023-06-24 17:00:00,MLO,6.0
2023-06-24 18:00:00,MLO,5.7
2023-06-24 19:00:00,MLO,5.2
2023-06-24 20:00:00,MLO,6.4
2023-06-24 21:00:00,MLO,6.4
2023-06-24 22:00:00,MLO,6.1
2023-06-24 23:00:00,MLO,6.4
2023-06-25 00:00:00,MLO,6.0
2023-06-25 01:00:00,MLO,5.8
2023-06-25 02:00:00,MLO,6.0
2023-06-25 03:00:00,MLO,5.8
2023-06-25 04:00:00,MLO,7.1
2023-06-25 05:00:00,MLO,8.0
2023-06-25 06:00:00,MLO,8.1
2023-06-25 07:00:00,MLO,6.1
2023-06-25 08:00:00,MLO,7.0
2023-06-25 09:00:00,MLO,6.5
2023-06-25 10:00:00,MLO,6.2
2023-06-25 11:00:00,MLO,6.7
2023-06-25 12:00:00,MLO,6.0
2023-06-25 13:00:00,MLO,6.3
2023-06-25 14:00:00,MLO,5.3
2023-06-25 15:00:00,MLO,5.8
2023-06-25 16:00:00,MLO,6.5
2023-06-25 17:00:00,MLO,6.9
2023-06-25 18:00:00,MLO,7.4
2023-06-25 19:00:00,MLO,6.9
2023-06-25 20:00:00,MLO,6.0
2023-06-25 21:00:00,MLO,5.9
2023-06-25 22:00:00,MLO,6.9
2023-06-25 23:00:00,MLO,7.0
2023-06-26 00:00:00,MLO,6.2
2023-06-26 01:00:00,MLO,6.2
2023-06-26 02:00:00,MLO,6.8
2023-06-26 03:00:00,MLO,7.0
2023-06-26 04:00:00,MLO,7.7
2023-06-26 05:00:00,MLO,8.3
2023-06-26 06:00:00,MLO,8.4
2023-06-26 07:00:00,MLO,8.6
2023-06-26 08:00:00,MLO,8.4
2023-06-26 09:00:00,MLO,8.2
2023-06-26 10:00:00,MLO,7.2
2023-06-26 11:00:00,MLO,6.4
2023-06-26 12:00:00,MLO,6.8
2023-06-26 13:00:00,MLO,8.4
2023-06-26 14:00:00,MLO,7.2
2023-06-26 15:00:00,MLO,7.8
2023-06-26 16:00:00,MLO,7.0
2023-06-26 17:00:00,MLO,7.8
2023-06-26 18:00:00,MLO,0.5
2023-06-26 19:00:00,MLO,3.0
2023-06-26 20:00:00,MLO,3.8
2023-06-26 21:00:00,MLO,4.4
2023-06-26 22:00:00,MLO,2.7
2023-06-26 23:00:00,MLO,2.4
2023-06-27 00:00:00,MLO,3.5
2023-06-27 01:00:00,MLO,4.0
2023-06-27 02:00:00,MLO,2.9
2023-06-27 03:00:00,MLO,5.3
2023-06-27 04:00:00,MLO,6.3
2023-06-27 05:00:00,MLO,6.7
2023-06-27 06:00:00,MLO,7.9
2023-06-27 07:00:00,MLO,7.7
2023-06-27 08:00:00,MLO,7.4
2023-06-27 09:00:00,MLO,7.6
2023-06-27 10:00:00,MLO,7.7
2023-06-27 11:00:00,MLO,8.6
2023-06-27 12:00:00,MLO,7.1
2023-06-27 13:00:00,MLO,8.3
2023-06-27 14:00:00,MLO,8.2
2023-06-27 15:00:00,MLO,8.8
2023-06-27 16:00:00,MLO,6.9
2023-06-27 17:00:00,MLO,7.0
2023-06-27 18:00:00,MLO,6.5
2023-06-27 19:00:00,MLO,5.2
2023-06-27 20:00:00,MLO,2.4
2023-06-27 21:00:00,MLO,4.4
2023-06-27 22:00:00,MLO,5.1
2023-06-27 23:00:00,MLO,6.7
2023-06-28 00:00:00,MLO,6.4
2023-06-28 01:00:00,MLO,6.2
2023-06-28 02:00:00,MLO,6.4
2023-06-28 03:00:00,MLO,5.9
2023-06-28 04:00:00,MLO,5.6
2023-06-28 05:00:00,MLO,5.8
2023-06-28 06:00:00,MLO,3.9
2023-06-28 07:00:00,MLO,5.0
2023-06-28 08:00:00,MLO,2.4
2023-06-28 09:00:00,MLO,1.5
2023-06-28 10:00:00,MLO,5.0
2023-06-28 11:00:00,MLO,3.3
2023-06-28 12:00:00,MLO,3.6
2023-06-28 13:00:00,MLO,4.5
2023-06-28 14:00:00,MLO,5.5
2023-06-28 15:00:00,MLO,5.7
2023-06-28 16:00:00,MLO,5.3
2023-06-28 17:00:00,MLO,4.5
2023-06-28 18:00:00,MLO,5.3
2023-06-28 19:00:00,MLO,5.8
2023-06-28 20:00:00,MLO,6.0
2023-06-28 21:00:00,MLO,7.0
2023-06-28 22:00:00,MLO,4.9
2023-06-28 23:00:00,MLO,8.2
2023-06-29 00:00:00,MLO,8.5
2023-06-29 01:00:00,MLO,7.8
2023-06-29 02:00:00,MLO,7.2
2023-06-29 03:00:00,MLO,6.0
2023-06-29 04:00:00,MLO,5.2
2023-06-29 05:00:00,MLO,4.3
2023-06-29 06:00:00,MLO,3.7
2023-06-29 07:00:00,MLO,3.4
2023-06-29 08:00:00,MLO,3.2
2023-06-29 09:00:00,MLO,4.1
2023-06-29 10:00:00,MLO,4.4
2023-06-29 11:00:00,MLO,4.0
2023-06-29 12:00:00,MLO,4.7
2023-06-29 13:00:00,MLO,4.6
2023-06-29 14:00:00,MLO,4.9
2023-06-29 15:00:00,MLO,5.3
2023-06-29 16:00:00,MLO,5.6
2023-06-29 17:00:00,MLO,4.7
2023-06-29 18:00:00,MLO,4.9
2023-06-29 19:00:00,MLO,4.2
2023-06-29 20:00:00,MLO,4.3
2023-06-29 21:00:00,MLO,4.6
2023-06-29 22:00:00,MLO,7.2
2023-06-29 23:00:00,MLO,7.7
2023-06-30 00:00:00,MLO,5.7
2023-06-30 01:00:00,MLO,7.6
2023-06-30 02:00:00,MLO,6.5
2023-06-30 03:00:00,MLO,6.2
2023-06-30 04:00:00,MLO,4.2
2023-06-30 05:00:00,MLO,4.3
2023-06-30 06:00:00,MLO,4.8
2023-06-30 07:00:00,MLO,5.0
2023-06-30 08:00:00,MLO,5.0
2023-06-30 09:00:00,MLO,5.1
2023-06-30 10:00:00,MLO,5.0
2023-06-30 11:00:00,MLO,5.8
2023-06-30 12:00:00,MLO,6.1
2023-06-30 13:00:00,MLO,5.5
2023-06-30 14:00:00,MLO,5.2
2023-06-30 15:00:00,MLO,6.1
2023-06-30 16:00:00,MLO,3.7
2023-06-30 17:00:00,MLO,1.0
2023-06-30 18:00:00,MLO,2.1
2023-06-30 19:00:00,MLO,2.6
2023-06-30 20:00:00,MLO,3.1
2023-06-30 21:00:00,MLO,4.0
2023-06-30 22:00:00,MLO,4.6
2023-06-30 23:00:00,MLO,5.2
2023-07-01 00:00:00,MLO,4.8
2023-07-01 01:00:00,MLO,5.2
2023-07-01 02:00:00,MLO,4.8
2023-07-01 03:00:00,MLO,4.0
2023-07-01 04:00:00,MLO,3.5
2023-07-01 05:00:00,MLO,5.2
2023-07-01 06:00:00,MLO,5.1
2023-07-01 07:00:00,MLO,6.1
2023-07-01 08:00:00,MLO,6.2
2023-07-01 09:00:00,MLO,5.5
2023-07-01 10:00:00,MLO,5.1
2023-07-01 11:00:00,MLO,3.6
2023-07-01 12:00:00,MLO,5.2
2023-07-01 13:00:00,MLO,4.8
2023-07-01 14:00:00,MLO,5.2
2023-07-01 15:00:00,MLO,5.1
2023-07-01 16:00:00,MLO,4.1
2023-07-01 17:00:00,MLO,1.4
2023-07-01 18:00:00,MLO,2.2
2023-07-01 19:00:00,MLO,3.1
2023-07-01 20:00:00,MLO,3.9
2023-07-01 21:00:00,MLO,3.9
2023-07-01 22:00:00,MLO,3.8
2023-07-01 23:00:00,MLO,3.9
2023-07-02 00:00:00,MLO,3.0
2023-07-02 01:00:00,MLO,3.6
2023-07-02 02:00:00,MLO,3.9
2023-07-02 03:00:00,MLO,4.0
2023-07-02 04:00:00,MLO,2.7
2023-07-02 05:00:00,MLO,0.3
2023-07-02 06:00:00,MLO,1.6
2023-07-02 07:00:00,MLO,1.3
2023-07-02 08:00:00,MLO,1.1
2023-07-02 09:00:00,MLO,1.0
2023-07-02 10:00:00,MLO,0.9
2023-07-02 11:00:00,MLO,0.6
2023-07-02 12:00:00,MLO,1.5
2023-07-02 13:00:00,MLO,0.6
2023-07-02 14:00:00,MLO,3.6
2023-07-02 15:00:00,MLO,2.0
2023-07-02 16:00:00,MLO,0.4
2023-07-02 17:00:00,MLO,1.3
2023-07-02 18:00:00,MLO,1.3
2023-07-02 19:00:00,MLO,1.2
2023-07-02 20:00:00,MLO,1.0
2023-07-02 21:00:00,MLO,3.6
2023-07-02 22:00:00,MLO,2.9
2023-07-02 23:00:00,MLO,5.2
2023-07-03 00:00:00,MLO,2.1
2023-07-03 01:00:00,MLO,3.9
2023-07-03 02:00:00,MLO,3.3
2023-07-03 03:00:00,MLO,0.5
2023-07-03 04:00:00,MLO,4.0
2023-07-03 05:00:00,MLO,6.1
2023-07-03 06:00:00,MLO,6.1
2023-07-03 07:00:00,MLO,3.6
2023-07-03 08:00:00,MLO,2.8
2023-07-03 09:00:00,MLO,2.3
2023-07-03 10:00:00,MLO,1.8
2023-07-03 11:00:00,MLO,1.5
2023-07-03 12:00:00,MLO,1.3
2023-07-03 13:00:00,MLO,1.4
2023-07-03 14:00:00,MLO,2.3
2023-07-03 15:00:00,MLO,1.6
2023-07-03 16:00:00,MLO,1.0
2023-07-03 17:00:00,MLO,0.8
2023-07-03 18:00:00,MLO,3.7
2023-07-03 19:00:00,MLO,3.2
2023-07-03 20:00:00,MLO,4.5
2023-07-03 21:00:00,MLO,5.4
2023-07-03 22:00:00,MLO,5.1
2023-07-03 23:00:00,MLO,0.7
2023-07-04 00:00:00,MLO,6.3
2023-07-04 01:00:00,MLO,6.8
2023-07-04 02:00:00,MLO,6.1
2023-07-04 03:00:00,MLO,6.4
2023-07-04 04:00:00,MLO,5.3
2023-07-04 05:00:00,MLO,4.5
2023-07-04 06:00:00,MLO,4.2
2023-07-04 07:00:00,MLO,4.3
2023-07-04 08:00:00,MLO,4.5
2023-07-04 09:00:00,MLO,4.9
2023-07-04 10:00:00,MLO,5.2
2023-07-04 11:00:00,MLO,5.2
2023-07-04 12:00:00,MLO,5.5
2023-07-04 13:00:00,MLO,5.4
2023-07-04 14:00:00,MLO,5.5
2023-07-04 15:00:00,MLO,5.9
2023-07-04 16:00:00,MLO,5.9
2023-07-04 17:00:00,MLO,7.5
2023-07-04 18:00:00,MLO,7.8
2023-07-04 19:00:00,MLO,7.1
2023-07-04 20:00:00,MLO,7.2
2023-07-04 21:00:00,MLO,7.2
2023-07-04 22:00:00,MLO,7.7
2023-07-04 23:00:00,MLO,7.6
2023-07-05 00:00:00,MLO,7.0
2023-07-05 01:00:00,MLO,7.1
2023-07-05 02:00:00,MLO,7.6
2023-07-05 03:00:00,MLO,7.7
2023-07-05 04:00:00,MLO,7.4
2023-07-05 05:00:00,MLO,6.5
2023-07-05 06:00:00,MLO,5.7
2023-07-05 07:00:00,MLO,5.5
2023-07-05 08:00:00,MLO,5.9
2023-07-05 09:00:00,MLO,6.4
2023-07-05 10:00:00,MLO,5.4
2023-07-05 11:00:00,MLO,6.2
2023-07-05 12:00:00,MLO,5.9
2023-07-05 13:00:00,MLO,5.9
2023-07-05 14:00:00,MLO,5.2
2023-07-05 15:00:00,MLO,4.7
2023-07-05 16:00:00,MLO,4.2
2023-07-05 17:00:00,MLO,4.7
2023-07-05 18:00:00,MLO,6.0
2023-07-05 19:00:00,MLO,6.8
2023-07-05 20:00:00,MLO,7.1
2023-07-05 21:00:00,MLO,6.9
2023-07-05 22:00:00,MLO,5.5
2023-07-05 23:00:00,MLO,6.0
2023-07-06 00:00:00,MLO,7.3
2023-07-06 01:00:00,MLO,6.3
2023-07-06 02:00:00,MLO,5.6
2023-07-06 03:00:00,MLO,5.8
2023-07-06 04:00:00,MLO,5.5
2023-07-06 05:00:00,MLO,4.6
2023-07-06 06:00:00,MLO,3.7
2023-07-06 07:00:00,MLO,4.8
2023-07-06 08:00:00,MLO,6.2
2023-07-06 09:00:00,MLO,6.7
2023-07-06 10:00:00,MLO,3.7
2023-07-06 11:00:00,MLO,6.4
2023-07-06 12:00:00,MLO,6.4
2023-07-06 13:00:00,MLO,6.1
2023-07-06 14:00:00,MLO,7.1
2023-07-06 15:00:00,MLO,7.3
2023-07-06 16:00:00,MLO,6.1
2023-07-06 17:00:00,MLO,1.1
2023-07-06 18:00:00,MLO,2.6
2023-07-06 19:00:00,MLO,3.8
2023-07-06 20:00:00,MLO,3.4
2023-07-06 21:00:00,MLO,4.1
2023-07-06 22:00:00,MLO,4.5
2023-07-06 23:00:00,MLO,4.9
2023-07-07 00:00:00,MLO,5.1
2023-07-07 01:00:00,MLO,4.7
2023-07-07 02:00:00,MLO,3.8
2023-07-07 03:00:00,MLO,2.9
2023-07-07 04:00:00,MLO,2.6
2023-07-07 05:00:00,MLO,1.0
2023-07-07 06:00:00,MLO,0.7
2023-07-07 07:00:00,MLO,1.3
2023-07-07 08:00:00,MLO,2.1
2023-07-07 09:00:00,MLO,1.0
2023-07-07 10:00:00,MLO,1.3
2023-07-07 11:00:00,MLO,1.4
2023-07-07 12:00:00,MLO,2.1
2023-07-07 13:00:00,MLO,2.5
2023-07-07 14:00:00,MLO,1.4
2023-07-07 15:00:00,MLO,2.1
2023-07-07 16:00:00,MLO,3.1
2023-07-07 17:00:00,MLO,1.6
2023-07-07 18:00:00,MLO,3.0
2023-07-07 19:00:00,MLO,4.3
2023-07-07 20:00:00,MLO,3.7
2023-07-07 21:00:00,MLO,4.6
2023-07-07 22:00:00,MLO,4.3
2023-07-07 23:00:00,MLO,4.2
2023-07-08 00:00:00,MLO,4.3
2023-07-08 01:00:00,MLO,4.3
2023-07-08 02:00:00,MLO,4.1
2023-07-08 03:00:00,MLO,3.1
2023-07-08 04:00:00,MLO,2.4
2023-07-08 05:00:00,MLO,1.0
2023-07-08 06:00:00,MLO,0.2
2023-07-08 07:00:00,MLO,1.5
2023-07-08 08:00:00,MLO,1.3
2023-07-08 09:00:00,MLO,1.8
2023-07-08 10:00:00,MLO,1.8
2023-07-08 11:00:00,MLO,1.0
2023-07-08 12:00:00,MLO,2.7
2023-07-08 13:00:00,MLO,2.4
2023-07-08 14:00:00,MLO,3.6
2023-07-08 15:00:00,MLO,2.4
2023-07-08 16:00:00,MLO,2.3
2023-07-08 17:00:00,MLO,1.3
2023-07-08 18:00:00,MLO,1.9
2023-07-08 19:00:00,MLO,2.7
2023-07-08 20:00:00,MLO,3.8
2023-07-08 21:00:00,MLO,3.4
2023-07-08 22:00:00,MLO,3.7
2023-07-08 23:00:00,MLO,3.3
2023-07-09 00:00:00,MLO,3.5
2023-07-09 01:00:00,MLO,3.4
2023-07-09 02:00:00,MLO,3.4
2023-07-09 03:00:00,MLO,3.2
2023-07-09 04:00:00,MLO,2.2
2023-07-09 05:00:00,MLO,1.3
2023-07-09 06:00:00,MLO,2.0
2023-07-09 07:00:00,MLO,2.2
2023-07-09 08:00:00,MLO,2.9
2023-07-09 09:00:00,MLO,2.3
2023-07-09 10:00:00,MLO,2.5
2023-07-09 11:00:00,MLO,3.0
2023-07-09 12:00:00,MLO,3.3
2023-07-09 13:00:00,MLO,3.4
2023-07-09 14:00:00,MLO,3.5
2023-07-09 15:00:00,MLO,2.1
2023-07-09 16:00:00,MLO,1.9
2023-07-09 17:00:00,MLO,1.0
2023-07-09 18:00:00,MLO,2.1
2023-07-09 19:00:00,MLO,2.4
2023-07-09 20:00:00,MLO,3.6
2023-07-09 21:00:00,MLO,3.7
2023-07-09 22:00:00,MLO,3.7
2023-07-09 23:00:00,MLO,3.9
2023-07-10 00:00:00,MLO,3.8
2023-07-10 01:00:00,MLO,3.5
2023-07-10 02:00:00,MLO,3.3
2023-07-10 03:00:00,MLO,2.6
2023-07-10 04:00:00,MLO,1.7
2023-07-10 05:00:00,MLO,1.6
2023-07-10 06:00:00,MLO,1.7
2023-07-10 07:00:00,MLO,1.8
2023-07-10 08:00:00,MLO,0.5
2023-07-10 09:00:00,MLO,1.3
2023-07-10 10:00:00,MLO,2.4
2023-07-10 11:00:00,MLO,2.2
2023-07-10 12:00:00,MLO,2.3
2023-07-10 13:00:00,MLO,3.6
2023-07-10 14:00:00,MLO,3.8
2023-07-10 15:00:00,MLO,3.2
2023-07-10 16:00:00,MLO,2.5
2023-07-10 17:00:00,MLO,1.3
2023-07-10 18:00:00,MLO,2.1
2023-07-10 19:00:00,MLO,2.8
2023-07-10 20:00:00,MLO,3.4
2023-07-10 21:00:00,MLO,3.7
2023-07-10 22:00:00,MLO,3.3
2023-07-10 23:00:00,MLO,3.6
2023-07-11 00:00:00,MLO,3.7
2023-07-11 01:00:00,MLO,3.9
2023-07-11 02:00:00,MLO,3.3
2023-07-11 03:00:00,MLO,2.6
2023-07-11 04:00:00,MLO,1.5
2023-07-11 05:00:00,MLO,0.5
2023-07-11 06:00:00,MLO,0.9
2023-07-11 07:00:00,MLO,0.8
2023-07-11 08:00:00,MLO,0.9
2023-07-11 09:00:00,MLO,1.1
2023-07-11 10:00:00,MLO,2.0
2023-07-11 11:00:00,MLO,1.1
2023-07-11 12:00:00,MLO,0.9
2023-07-11 13:00:00,MLO,1.7
2023-07-11 14:00:00,MLO,2.1
2023-07-11 15:00:00,MLO,1.3
2023-07-11 16:00:00,MLO,1.9
2023-07-11 17:00:00,MLO,2.0
2023-07-11 18:00:00,MLO,1.8
2023-07-11 19:00:00,MLO,2.5
2023-07-11 20:00:00,MLO,3.5
2023-07-11 21:00:00,MLO,3.6
2023-07-11 22:00:00,MLO,3.6
2023-07-11 23:00:00,MLO,3.5
2023-07-12 00:00:00,MLO,3.9
2023-07-12 01:00:00,MLO,3.2
2023-07-12 02:00:00,MLO,3.3
2023-07-12 03:00:00,MLO,2.7
2023-07-12 04:00:00,MLO,3.6
2023-07-12 05:00:00,MLO,4.0
2023-07-12 06:00:00,MLO,1.3
2023-07-12 07:00:00,MLO,8.0
2023-07-12 08:00:00,MLO,10.9
2023-07-12 09:00:00,MLO,10.6
2023-07-12 10:00:00,MLO,8.7
2023-07-12 11:00:00,MLO,12.2
2023-07-12 12:00:00,MLO,12.8
2023-07-12 13:00:00,MLO,11.7
2023-07-12 14:00:00,MLO,11.3
2023-07-12 15:00:00,MLO,11.4
2023-07-12 16:00:00,MLO,11.8
2023-07-12 17:00:00,MLO,8.5
2023-07-12 18:00:00,MLO,8.0
2023-07-12 19:00:00,MLO,6.0
2023-07-12 20:00:00,MLO,6.4
2023-07-12 21:00:00,MLO,8.3
2023-07-12 22:00:00,MLO,8.3
2023-07-12 23:00:00,MLO,8.3
2023-07-13 00:00:00,MLO,8.8
2023-07-13 01:00:00,MLO,9.7
2023-07-13 02:00:00,MLO,9.6
2023-07-13 03:00:00,MLO,10.0
2023-07-13 04:00:00,MLO,11.0
2023-07-13 05:00:00,MLO,11.9
2023-07-13 06:00:00,MLO,11.9
2023-07-13 07:00:00,MLO,12.5
2023-07-13 08:00:00,MLO,12.9
2023-07-13 09:00:00,MLO,13.1
2023-07-13 10:00:00,MLO,13.2
2023-07-13 11:00:00,MLO,11.5
2023-07-13 12:00:00,MLO,12.5
2023-07-13 13:00:00,MLO,10.7
2023-07-13 14:00:00,MLO,10.0
2023-07-13 15:00:00,MLO,9.9
2023-07-13 16:00:00,MLO,8.5
2023-07-13 17:00:00,MLO,3.5
2023-07-13 18:00:00,MLO,2.0
2023-07-13 19:00:00,MLO,2.8
2023-07-13 20:00:00,MLO,7.7
2023-07-13 21:00:00,MLO,5.0
2023-07-13 22:00:00,MLO,4.3
2023-07-13 23:00:00,MLO,3.3
2023-07-14 00:00:00,MLO,4.0
2023-07-14 01:00:00,MLO,4.3
2023-07-14 02:00:00,MLO,5.4
2023-07-14 03:00:00,MLO,6.5
2023-07-14 04:00:00,MLO,7.0
2023-07-14 05:00:00,MLO,7.3
2023-07-14 06:00:00,MLO,0.9
2023-07-14 07:00:00,MLO,0.6
2023-07-14 08:00:00,MLO,5.8
2023-07-14 09:00:00,MLO,1.9
2023-07-14 10:00:00,MLO,5.8
2023-07-14 11:00:00,MLO,5.2
2023-07-14 12:00:00,MLO,5.1
2023-07-14 13:00:00,MLO,4.6
2023-07-14 14:00:00,MLO,5.0
2023-07-14 15:00:00,MLO,6.6
2023-07-14 16:00:00,MLO,5.6
2023-07-14 17:00:00,MLO,3.0
2023-07-14 18:00:00,MLO,3.9
2023-07-14 19:00:00,MLO,5.3
2023-07-14 20:00:00,MLO,5.6
2023-07-14 21:00:00,MLO,5.3
2023-07-14 22:00:00,MLO,5.1
2023-07-14 23:00:00,MLO,5.9
2023-07-15 00:00:00,MLO,5.6
2023-07-15 01:00:00,MLO,5.1
2023-07-15 02:00:00,MLO,4.2
2023-07-15 03:00:00,MLO,4.6
2023-07-15 04:00:00,MLO,4.8
2023-07-15 05:00:00,MLO,4.4
2023-07-15 06:00:00,MLO,3.9
2023-07-15 07:00:00,MLO,4.4
2023-07-15 08:00:00,MLO,5.0
2023-07-15 09:00:00,MLO,5.1
2023-07-15 10:00:00,MLO,5.4
2023-07-15 11:00:00,MLO,4.9
2023-07-15 12:00:00,MLO,5.3
2023-07-15 13:00:00,MLO,4.8
2023-07-15 14:00:00,MLO,4.8
2023-07-15 15:00:00,MLO,5.1
2023-07-15 16:00:00,MLO,5.3
2023-07-15 17:00:00,MLO,5.7
2023-07-15 18:00:00,MLO,6.3
2023-07-15 19:00:00,MLO,6.2
2023-07-15 20:00:00,MLO,6.9
2023-07-15 21:00:00,MLO,6.6
2023-07-15 22:00:00,MLO,6.9
2023-07-15 23:00:00,MLO,6.8
2023-07-16 00:00:00,MLO,5.5
2023-07-16 01:00:00,MLO,5.4
2023-07-16 02:00:00,MLO,5.4
2023-07-16 03:00:00,MLO,4.4
2023-07-16 04:00:00,MLO,4.8
2023-07-16 05:00:00,MLO,5.4
2023-07-16 06:00:00,MLO,5.4
2023-07-16 07:00:00,MLO,6.2
2023-07-16 08:00:00,MLO,5.8
2023-07-16 09:00:00,MLO,5.9
2023-07-16 10:00:00,MLO,6.0
2023-07-16 11:00:00,MLO,6.3
2023-07-16 12:00:00,MLO,7.0
2023-07-16 13:00:00,MLO,7.3
2023-07-16 14:00:00,MLO,8.3
2023-07-16 15:00:00,MLO,8.5
2023-07-16 16:00:00,MLO,8.8
2023-07-16 17:00:00,MLO,6.4
2023-07-16 18:00:00,MLO,6.8
2023-07-16 19:00:00,MLO,4.5
2023-07-16 20:00:00,MLO,1.1
2023-07-16 21:00:00,MLO,9.2
2023-07-16 22:00:00,MLO,12.0
2023-07-16 23:00:00,MLO,11.7
2023-07-17 00:00:00,MLO,12.1
2023-07-17 01:00:00,MLO,14.8
2023-07-17 02:00:00,MLO,14.5
2023-07-17 03:00:00,MLO,15.5
2023-07-17 04:00:00,MLO,14.6
2023-07-17 05:00:00,MLO,13.9
2023-07-17 06:00:00,MLO,5.5
2023-07-17 07:00:00,MLO,1.1
2023-07-17 08:00:00,MLO,1.9
2023-07-17 09:00:00,MLO,2.2
2023-07-17 10:00:00,MLO,2.8
2023-07-17 11:00:00,MLO,4.6
2023-07-17 12:00:00,MLO,5.2
2023-07-17 13:00:00,MLO,6.0
2023-07-17 14:00:00,MLO,6.3
2023-07-17 15:00:00,MLO,7.0
2023-07-17 16:00:00,MLO,7.0
2023-07-17 17:00:00,MLO,8.4
2023-07-17 18:00:00,MLO,8.8
2023-07-17 19:00:00,MLO,8.6
2023-07-17 20:00:00,MLO,9.1
2023-07-17 21:00:00,MLO,8.8
2023-07-17 22:00:00,MLO,8.3
2023-07-17 23:00:00,MLO,8.1
2023-07-18 00:00:00,MLO,8.3
2023-07-18 01:00:00,MLO,7.2
2023-07-18 02:00:00,MLO,7.6
2023-07-18 03:00:00,MLO,7.6
2023-07-18 04:00:00,MLO,8.1
2023-07-18 05:00:00,MLO,8.9
2023-07-18 06:00:00,MLO,9.4
2023-07-18 07:00:00,MLO,10.1
2023-07-18 08:00:00,MLO,10.4
2023-07-18 09:00:00,MLO,10.0
2023-07-18 10:00:00,MLO,10.9
2023-07-18 11:00:00,MLO,10.1
2023-07-18 12:00:00,MLO,9.7
2023-07-18 13:00:00,MLO,10.3
2023-07-18 14:00:00,MLO,10.0
2023-07-18 15:00:00,MLO,10.3
2023-07-18 16:00:00,MLO,11.2
2023-07-18 17:00:00,MLO,11.3
2023-07-18 18:00:00,MLO,11.9
2023-07-18 19:00:00,MLO,11.8
2023-07-18 20:00:00,MLO,12.1
2023-07-18 21:00:00,MLO,11.6
2023-07-18 22:00:00,MLO,11.1
2023-07-18 23:00:00,MLO,10.7
2023-07-19 00:00:00,MLO,10.0
2023-07-19 01:00:00,MLO,9.7
2023-07-19 02:00:00,MLO,9.4
2023-07-19 03:00:00,MLO,9.7
2023-07-19 04:00:00,MLO,10.4
2023-07-19 05:00:00,MLO,9.0
2023-07-19 06:00:00,MLO,10.5
2023-07-19 07:00:00,MLO,12.3
2023-07-19 08:00:00,MLO,12.6
2023-07-19 09:00:00,MLO,14.4
2023-07-19 10:00:00,MLO,14.5
2023-07-19 11:00:00,MLO,14.7
2023-07-19 12:00:00,MLO,15.1
2023-07-19 13:00:00,MLO,14.0
2023-07-19 14:00:00,MLO,12.6
2023-07-19 15:00:00,MLO,12.9
2023-07-19 16:00:00,MLO,14.9
2023-07-19 17:00:00,MLO,14.0
2023-07-19 18:00:00,MLO,14.2
2023-07-19 19:00:00,MLO,15.4
2023-07-19 20:00:00,MLO,15.5
2023-07-19 21:00:00,MLO,14.9
2023-07-19 22:00:00,MLO,13.3
2023-07-19 23:00:00,MLO,10.4
2023-07-20 00:00:00,MLO,9.3
2023-07-20 01:00:00,MLO,6.0
2023-07-20 02:00:00,MLO,5.7
2023-07-20 03:00:00,MLO,7.4
2023-07-20 04:00:00,MLO,8.7
2023-07-20 05:00:00,MLO,8.1
2023-07-20 06:00:00,MLO,8.8
2023-07-20 07:00:00,MLO,9.0
2023-07-20 08:00:00,MLO,8.4
2023-07-20 09:00:00,MLO,8.3
2023-07-20 10:00:00,MLO,8.4
2023-07-20 11:00:00,MLO,8.3
2023-07-20 12:00:00,MLO,8.5
2023-07-20 13:00:00,MLO,7.6
2023-07-20 14:00:00,MLO,7.2
2023-07-20 15:00:00,MLO,7.2
2023-07-20 16:00:00,MLO,6.9
2023-07-20 17:00:00,MLO,6.3
2023-07-20 18:00:00,MLO,7.3
2023-07-20 19:00:00,MLO,8.0
2023-07-20 20:00:00,MLO,8.2
2023-07-20 21:00:00,MLO,7.6
2023-07-20 22:00:00,MLO,7.0
2023-07-20 23:00:00,MLO,6.9
2023-07-21 00:00:00,MLO,6.7
2023-07-21 01:00:00,MLO,6.7
2023-07-21 02:00:00,MLO,6.6
2023-07-21 03:00:00,MLO,6.4
2023-07-21 04:00:00,MLO,5.9
2023-07-21 05:00:00,MLO,6.4
2023-07-21 06:00:00,MLO,7.7
2023-07-21 07:00:00,MLO,8.7
2023-07-21 08:00:00,MLO,8.4
2023-07-21 09:00:00,MLO,8.6
2023-07-21 10:00:00,MLO,8.9
2023-07-21 11:00:00,MLO,9.0
2023-07-21 12:00:00,MLO,9.6
2023-07-21 13:00:00,MLO,10.6
2023-07-21 14:00:00,MLO,8.5
2023-07-21 15:00:00,MLO,8.7
2023-07-21 16:00:00,MLO,7.1
2023-07-21 17:00:00,MLO,4.8
2023-07-21 18:00:00,MLO,2.3
2023-07-21 19:00:00,MLO,2.9
2023-07-21 20:00:00,MLO,3.6
2023-07-21 21:00:00,MLO,5.0
2023-07-21 22:00:00,MLO,4.7
2023-07-21 23:00:00,MLO,4.6
2023-07-22 00:00:00,MLO,5.4
2023-07-22 01:00:00,MLO,3.9
2023-07-22 02:00:00,MLO,6.6
2023-07-22 03:00:00,MLO,6.9
2023-07-22 04:00:00,MLO,2.8
2023-07-22 05:00:00,MLO,2.1
2023-07-22 06:00:00,MLO,2.2
2023-07-22 07:00:00,MLO,4.7
2023-07-22 08:00:00,MLO,1.1
2023-07-22 09:00:00,MLO,5.6
2023-07-22 10:00:00,MLO,7.6
2023-07-22 11:00:00,MLO,3.2
2023-07-22 12:00:00,MLO,3.5
2023-07-22 13:00:00,MLO,1.5
2023-07-22 14:00:00,MLO,0.8
2023-07-22 15:00:00,MLO,1.5
2023-07-22 16:00:00,MLO,2.7
2023-07-22 17:00:00,MLO,1.0
2023-07-22 18:00:00,MLO,2.1
2023-07-22 19:00:00,MLO,3.3
2023-07-22 20:00:00,MLO,4.7
2023-07-22 21:00:00,MLO,2.2
2023-07-22 22:00:00,MLO,6.7
2023-07-22 23:00:00,MLO,6.2
2023-07-23 00:00:00,MLO,7.2
2023-07-23 01:00:00,MLO,4.1
2023-07-23 02:00:00,MLO,3.0
2023-07-23 03:00:00,MLO,3.7
2023-07-23 04:00:00,MLO,2.7
2023-07-23 05:00:00,MLO,2.1
2023-07-23 06:00:00,MLO,6.6
2023-07-23 07:00:00,MLO,8.7
2023-07-23 08:00:00,MLO,6.0
2023-07-23 09:00:00,MLO,4.9
2023-07-23 10:00:00,MLO,0.3
2023-07-23 11:00:00,MLO,1.0
2023-07-23 12:00:00,MLO,0.9
2023-07-23 13:00:00,MLO,2.5
2023-07-23 14:00:00,MLO,2.1
2023-07-23 15:00:00,MLO,3.2
2023-07-23 16:00:00,MLO,1.7
2023-07-23 17:00:00,MLO,0.9
2023-07-23 18:00:00,MLO,1.6
2023-07-23 19:00:00,MLO,2.7
2023-07-23 20:00:00,MLO,4.2
2023-07-23 21:00:00,MLO,4.7
2023-07-23 22:00:00,MLO,5.0
2023-07-23 23:00:00,MLO,4.6
2023-07-24 00:00:00,MLO,4.2
2023-07-24 01:00:00,MLO,3.6
2023-07-24 02:00:00,MLO,3.9
2023-07-24 03:00:00,MLO,3.5
2023-07-24 04:00:00,MLO,3.9
2023-07-24 05:00:00,MLO,5.7
2023-07-24 06:00:00,MLO,4.5
2023-07-24 07:00:00,MLO,1.1
2023-07-24 08:00:00,MLO,0.9
2023-07-24 09:00:00,MLO,0.7
2023-07-24 10:00:00,MLO,2.3
2023-07-24 11:00:00,MLO,3.6
2023-07-24 12:00:00,MLO,4.5
2023-07-24 13:00:00,MLO,4.4
2023-07-24 14:00:00,MLO,5.4
2023-07-24 15:00:00,MLO,5.1
2023-07-24 16:00:00,MLO,3.6
2023-07-24 17:00:00,MLO,3.1
2023-07-24 18:00:00,MLO,3.8
2023-07-24 19:00:00,MLO,4.7
2023-07-24 20:00:00,MLO,6.8
2023-07-24 21:00:00,MLO,6.5
2023-07-24 22:00:00,MLO,7.5
2023-07-24 23:00:00,MLO,7.4
2023-07-25 00:00:00,MLO,7.3
2023-07-25 01:00:00,MLO,7.9
2023-07-25 02:00:00,MLO,6.0
2023-07-25 03:00:00,MLO,2.0
2023-07-25 04:00:00,MLO,1.3
2023-07-25 05:00:00,MLO,5.5
2023-07-25 06:00:00,MLO,8.5
2023-07-25 07:00:00,MLO,10.0
2023-07-25 08:00:00,MLO,10.8
2023-07-25 09:00:00,MLO,12.0
2023-07-25 10:00:00,MLO,12.6
2023-07-25 11:00:00,MLO,13.2
2023-07-25 12:00:00,MLO,11.4
2023-07-25 13:00:00,MLO,11.9
2023-07-25 14:00:00,MLO,13.3
2023-07-25 15:00:00,MLO,13.0
2023-07-25 16:00:00,MLO,11.7
2023-07-25 17:00:00,MLO,8.9
2023-07-25 18:00:00,MLO,8.8
2023-07-25 19:00:00,MLO,8.0
2023-07-25 20:00:00,MLO,7.1
2023-07-25 21:00:00,MLO,6.7
2023-07-25 22:00:00,MLO,6.9
2023-07-25 23:00:00,MLO,6.7
2023-07-26 00:00:00,MLO,6.5
2023-07-26 01:00:00,MLO,6.8
2023-07-26 02:00:00,MLO,7.9
2023-07-26 03:00:00,MLO,9.4
2023-07-26 04:00:00,MLO,10.0
2023-07-26 05:00:00,MLO,11.2
2023-07-26 06:00:00,MLO,12.3
2023-07-26 07:00:00,MLO,11.0
2023-07-26 08:00:00,MLO,11.0
2023-07-26 09:00:00,MLO,9.8
2023-07-26 10:00:00,MLO,9.8
2023-07-26 11:00:00,MLO,9.3
2023-07-26 12:00:00,MLO,9.4
2023-07-26 13:00:00,MLO,9.0
2023-07-26 14:00:00,MLO,9.8
2023-07-26 15:00:00,MLO,8.6
2023-07-26 16:00:00,MLO,8.0
2023-07-26 17:00:00,MLO,7.0
2023-07-26 18:00:00,MLO,8.7
2023-07-26 19:00:00,MLO,7.3
2023-07-26 20:00:00,MLO,7.6
2023-07-26 21:00:00,MLO,7.9
2023-07-26 22:00:00,MLO,7.0
2023-07-26 23:00:00,MLO,7.7
2023-07-27 00:00:00,MLO,7.4
2023-07-27 01:00:00,MLO,7.6
2023-07-27 02:00:00,MLO,7.8
2023-07-27 03:00:00,MLO,8.5
2023-07-27 04:00:00,MLO,9.2
2023-07-27 05:00:00,MLO,8.6
2023-07-27 06:00:00,MLO,8.5
2023-07-27 07:00:00,MLO,8.5
2023-07-27 08:00:00,MLO,8.6
2023-07-27 09:00:00,MLO,7.6
2023-07-27 10:00:00,MLO,4.2
2023-07-27 11:00:00,MLO,5.4
2023-07-27 12:00:00,MLO,7.3
2023-07-27 13:00:00,MLO,0.6
2023-07-27 14:00:00,MLO,4.7
2023-07-27 15:00:00,MLO,2.4
2023-07-27 16:00:00,MLO,0.7
2023-07-27 17:00:00,MLO,0.3
2023-07-27 18:00:00,MLO,2.4
2023-07-27 19:00:00,MLO,3.3
2023-07-27 20:00:00,MLO,3.7
2023-07-27 21:00:00,MLO,3.8
2023-07-27 22:00:00,MLO,5.0
2023-07-27 23:00:00,MLO,5.0
2023-07-28 00:00:00,MLO,4.6
2023-07-28 01:00:00,MLO,5.4
2023-07-28 02:00:00,MLO,4.8
2023-07-28 03:00:00,MLO,5.9
2023-07-28 04:00:00,MLO,4.9
2023-07-28 05:00:00,MLO,4.9
2023-07-28 06:00:00,MLO,8.4
2023-07-28 07:00:00,MLO,1.8
2023-07-28 08:00:00,MLO,3.2
2023-07-28 09:00:00,MLO,8.7
2023-07-28 10:00:00,MLO,11.9
2023-07-28 11:00:00,MLO,11.8
2023-07-28 12:00:00,MLO,12.4
2023-07-28 13:00:00,MLO,12.6
2023-07-28 14:00:00,MLO,12.1
2023-07-28 15:00:00,MLO,12.2
2023-07-28 16:00:00,MLO,12.2
2023-07-28 17:00:00,MLO,11.4
2023-07-28 18:00:00,MLO,10.2
2023-07-28 19:00:00,MLO,8.7
2023-07-28 20:00:00,MLO,6.8
2023-07-28 21:00:00,MLO,6.0
2023-07-28 22:00:00,MLO,6.1
2023-07-28 23:00:00,MLO,6.2
2023-07-29 00:00:00,MLO,6.2
2023-07-29 01:00:00,MLO,5.1
2023-07-29 02:00:00,MLO,5.8
2023-07-29 03:00:00,MLO,5.4
2023-07-29 04:00:00,MLO,1.4
2023-07-29 05:00:00,MLO,1.8
2023-07-29 06:00:00,MLO,1.1
2023-07-29 07:00:00,MLO,0.4
2023-07-29 08:00:00,MLO,1.2
2023-07-29 09:00:00,MLO,0.6
2023-07-29 10:00:00,MLO,0.4
2023-07-29 11:00:00,MLO,0.9
2023-07-29 12:00:00,MLO,1.7
2023-07-29 13:00:00,MLO,2.7
2023-07-29 14:00:00,MLO,5.5
2023-07-29 15:00:00,MLO,6.0
2023-07-29 16:00:00,MLO,1.6
2023-07-29 17:00:00,MLO,0.8
2023-07-29 18:00:00,MLO,2.1
2023-07-29 19:00:00,MLO,3.5
2023-07-29 20:00:00,MLO,4.4
2023-07-29 21:00:00,MLO,5.0
2023-07-29 22:00:00,MLO,4.9
2023-07-29 23:00:00,MLO,6.0
2023-07-30 00:00:00,MLO,7.7
2023-07-30 01:00:00,MLO,7.5
2023-07-30 02:00:00,MLO,6.5
2023-07-30 03:00:00,MLO,5.3
2023-07-30 04:00:00,MLO,3.5
2023-07-30 05:00:00,MLO,3.0
2023-07-30 06:00:00,MLO,4.3
2023-07-30 07:00:00,MLO,5.3
2023-07-30 08:00:00,MLO,6.3
2023-07-30 09:00:00,MLO,6.9
2023-07-30 10:00:00,MLO,6.6
2023-07-30 11:00:00,MLO,6.1
2023-07-30 12:00:00,MLO,5.8
2023-07-30 13:00:00,MLO,6.7
2023-07-30 14:00:00,MLO,6.5
2023-07-30 15:00:00,MLO,5.0
2023-07-30 16:00:00,MLO,1.3
2023-07-30 17:00:00,MLO,2.2
2023-07-30 18:00:00,MLO,2.6
2023-07-30 19:00:00,MLO,3.3
2023-07-30 20:00:00,MLO,4.2
2023-07-30 21:00:00,MLO,5.0
2023-07-30 22:00:00,MLO,5.4
2023-07-30 23:00:00,MLO,5.2
2023-07-31 00:00:00,MLO,4.6
2023-07-31 01:00:00,MLO,4.7
2023-07-31 02:00:00,MLO,4.4
2023-07-31 03:00:00,MLO,3.9
2023-07-31 04:00:00,MLO,4.2
2023-07-31 05:00:00,MLO,4.2
2023-07-31 06:00:00,MLO,4.2
2023-07-31 07:00:00,MLO,4.1
2023-07-31 08:00:00,MLO,5.0
2023-07-31 09:00:00,MLO,5.5
2023-07-31 10:00:00,MLO,6.2
2023-07-31 11:00:00,MLO,5.4
2023-07-31 12:00:00,MLO,5.2
2023-07-31 13:00:00,MLO,5.2
2023-07-31 14:00:00,MLO,5.8
2023-07-31 15:00:00,MLO,5.8
2023-07-31 16:00:00,MLO,6.2
2023-07-31 17:00:00,MLO,5.6
2023-07-31 18:00:00,MLO,5.6
2023-07-31 19:00:00,MLO,5.4
2023-07-31 20:00:00,MLO,3.2
2023-07-31 21:00:00,MLO,3.6
2023-07-31 22:00:00,MLO,4.6
2023-07-31 23:00:00,MLO,6.3
2023-08-01 00:00:00,MLO,5.3
2023-08-01 01:00:00,MLO,6.4
2023-08-01 02:00:00,MLO,5.7
2023-08-01 03:00:00,MLO,5.4
2023-08-01 04:00:00,MLO,5.1
2023-08-01 05:00:00,MLO,4.7
2023-08-01 06:00:00,MLO,5.2
2023-08-01 07:00:00,MLO,5.7
2023-08-01 08:00:00,MLO,5.6
2023-08-01 09:00:00,MLO,6.2
2023-08-01 10:00:00,MLO,6.0
2023-08-01 11:00:00,MLO,6.0
2023-08-01 12:00:00,MLO,6.4
2023-08-01 13:00:00,MLO,5.6
2023-08-01 14:00:00,MLO,5.1
2023-08-01 15:00:00,MLO,5.3
2023-08-01 16:00:00,MLO,3.7
2023-08-01 17:00:00,MLO,2.9
2023-08-01 18:00:00,MLO,3.8
2023-08-01 19:00:00,MLO,5.1
2023-08-01 20:00:00,MLO,5.5
2023-08-01 21:00:00,MLO,5.3
2023-08-01 22:00:00,MLO,6.0
2023-08-01 23:00:00,MLO,3.6
2023-08-02 00:00:00,MLO,6.2
2023-08-02 01:00:00,MLO,6.0
2023-08-02 02:00:00,MLO,5.4
2023-08-02 03:00:00,MLO,5.4
2023-08-02 04:00:00,MLO,6.1
2023-08-02 05:00:00,MLO,6.4
2023-08-02 06:00:00,MLO,6.9
2023-08-02 07:00:00,MLO,8.1
2023-08-02 08:00:00,MLO,8.1
2023-08-02 09:00:00,MLO,7.7
2023-08-02 10:00:00,MLO,6.9
2023-08-02 11:00:00,MLO,8.5
2023-08-02 12:00:00,MLO,8.1
2023-08-02 13:00:00,MLO,7.3
2023-08-02 14:00:00,MLO,6.2
2023-08-02 15:00:00,MLO,8.0
2023-08-02 16:00:00,MLO,5.0
2023-08-02 17:00:00,MLO,2.2
2023-08-02 18:00:00,MLO,2.8
2023-08-02 19:00:00,MLO,3.5
2023-08-02 20:00:00,MLO,4.7
2023-08-02 21:00:00,MLO,4.2
2023-08-02 22:00:00,MLO,3.9
2023-08-02 23:00:00,MLO,5.2
2023-08-03 00:00:00,MLO,4.2
2023-08-03 01:00:00,MLO,4.9
2023-08-03 02:00:00,MLO,5.5
2023-08-03 03:00:00,MLO,4.2
2023-08-03 04:00:00,MLO,4.2
2023-08-03 05:00:00,MLO,3.8
2023-08-03 06:00:00,MLO,3.9
2023-08-03 07:00:00,MLO,4.4
2023-08-03 08:00:00,MLO,4.1
2023-08-03 09:00:00,MLO,3.3
2023-08-03 10:00:00,MLO,1.9
2023-08-03 11:00:00,MLO,2.2
2023-08-03 12:00:00,MLO,2.0
2023-08-03 13:00:00,MLO,2.0
2023-08-03 14:00:00,MLO,2.2
2023-08-03 15:00:00,MLO,2.5
2023-08-03 16:00:00,MLO,1.8
2023-08-03 17:00:00,MLO,1.9
2023-08-03 18:00:00,MLO,2.8
2023-08-03 19:00:00,MLO,3.9
2023-08-03 20:00:00,MLO,4.5
2023-08-03 21:00:00,MLO,3.9
2023-08-03 22:00:00,MLO,4.2
2023-08-03 23:00:00,MLO,4.0
2023-08-04 00:00:00,MLO,4.1
2023-08-04 01:00:00,MLO,3.9
2023-08-04 02:00:00,MLO,3.4
2023-08-04 03:00:00,MLO,3.6
2023-08-04 04:00:00,MLO,3.7
2023-08-04 05:00:00,MLO,2.7
2023-08-04 06:00:00,MLO,2.0
2023-08-04 07:00:00,MLO,2.8
2023-08-04 08:00:00,MLO,3.5
2023-08-04 09:00:00,MLO,3.7
2023-08-04 10:00:00,MLO,4.1
2023-08-04 11:00:00,MLO,3.8
2023-08-04 12:00:00,MLO,4.0
2023-08-04 13:00:00,MLO,3.6
2023-08-04 14:00:00,MLO,2.5
2023-08-04 15:00:00,MLO,3.1
2023-08-04 16:00:00,MLO,2.8
2023-08-04 17:00:00,MLO,1.1
2023-08-04 18:00:00,MLO,2.3
2023-08-04 19:00:00,MLO,3.3
2023-08-04 20:00:00,MLO,3.4
2023-08-04 21:00:00,MLO,4.1
2023-08-04 22:00:00,MLO,4.2
2023-08-04 23:00:00,MLO,4.3
2023-08-05 00:00:00,MLO,4.0
2023-08-05 01:00:00,MLO,3.4
2023-08-05 02:00:00,MLO,3.4
2023-08-05 03:00:00,MLO,3.0
2023-08-05 04:00:00,MLO,3.1
2023-08-05 05:00:00,MLO,2.0
2023-08-05 06:00:00,MLO,1.2
2023-08-05 07:00:00,MLO,1.1
2023-08-05 08:00:00,MLO,2.2
2023-08-05 09:00:00,MLO,1.5
2023-08-05 10:00:00,MLO,1.7
2023-08-05 11:00:00,MLO,2.3
2023-08-05 12:00:00,MLO,1.8
2023-08-05 13:00:00,MLO,2.7
2023-08-05 14:00:00,MLO,1.9
2023-08-05 15:00:00,MLO,2.2
2023-08-05 16:00:00,MLO,2.3
2023-08-05 17:00:00,MLO,1.0
2023-08-05 18:00:00,MLO,3.0
2023-08-05 19:00:00,MLO,3.4
2023-08-05 20:00:00,MLO,4.4
2023-08-05 21:00:00,MLO,4.5
2023-08-05 22:00:00,MLO,4.7
2023-08-05 23:00:00,MLO,5.4
2023-08-06 00:00:00,MLO,5.4
2023-08-06 01:00:00,MLO,5.7
2023-08-06 02:00:00,MLO,5.4
2023-08-06 03:00:00,MLO,4.8
2023-08-06 04:00:00,MLO,2.5
2023-08-06 05:00:00,MLO,1.7
2023-08-06 06:00:00,MLO,2.2
2023-08-06 07:00:00,MLO,1.5
2023-08-06 08:00:00,MLO,0.6
2023-08-06 09:00:00,MLO,0.7
2023-08-06 10:00:00,MLO,1.0
2023-08-06 11:00:00,MLO,1.5
2023-08-06 12:00:00,MLO,1.6
2023-08-06 13:00:00,MLO,1.7
2023-08-06 14:00:00,MLO,2.1
2023-08-06 15:00:00,MLO,1.2
2023-08-06 16:00:00,MLO,1.0
2023-08-06 17:00:00,MLO,7.1
2023-08-06 18:00:00,MLO,10.8
2023-08-06 19:00:00,MLO,10.9
2023-08-06 20:00:00,MLO,11.9
2023-08-06 21:00:00,MLO,12.9
2023-08-06 22:00:00,MLO,11.7
2023-08-06 23:00:00,MLO,10.1
2023-08-07 00:00:00,MLO,10.3
2023-08-07 01:00:00,MLO,13.8
2023-08-07 02:00:00,MLO,15.2
2023-08-07 03:00:00,MLO,16.1
2023-08-07 04:00:00,MLO,16.2
2023-08-07 05:00:00,MLO,16.5
2023-08-07 06:00:00,MLO,17.1
2023-08-07 07:00:00,MLO,17.8
2023-08-07 08:00:00,MLO,17.6
2023-08-07 09:00:00,MLO,16.1
2023-08-07 10:00:00,MLO,15.5
2023-08-07 11:00:00,MLO,15.1
2023-08-07 12:00:00,MLO,14.2
2023-08-07 13:00:00,MLO,13.5
2023-08-07 14:00:00,MLO,12.6
2023-08-07 15:00:00,MLO,12.4
2023-08-07 16:00:00,MLO,12.9
2023-08-07 17:00:00,MLO,13.7
2023-08-07 18:00:00,MLO,13.5
2023-08-07 19:00:00,MLO,13.3
2023-08-07 20:00:00,MLO,13.4
2023-08-07 21:00:00,MLO,12.9
2023-08-07 22:00:00,MLO,14.1
2023-08-07 23:00:00,MLO,14.3
2023-08-08 00:00:00,MLO,14.9
2023-08-08 01:00:00,MLO,15.5
2023-08-08 02:00:00,MLO,16.4
2023-08-08 03:00:00,MLO,15.4
2023-08-08 04:00:00,MLO,14.4
2023-08-08 05:00:00,MLO,13.5
2023-08-08 06:00:00,MLO,12.0
2023-08-08 07:00:00,MLO,11.0
2023-08-08 08:00:00,MLO,10.1
2023-08-08 09:00:00,MLO,11.2
2023-08-08 10:00:00,MLO,11.7
2023-08-08 11:00:00,MLO,11.2
2023-08-08 12:00:00,MLO,11.2
2023-08-08 13:00:00,MLO,11.9
2023-08-08 14:00:00,MLO,12.9
2023-08-08 15:00:00,MLO,13.1
2023-08-08 16:00:00,MLO,12.9
2023-08-08 17:00:00,MLO,10.1
2023-08-08 18:00:00,MLO,9.1
2023-08-08 19:00:00,MLO,8.8
2023-08-08 20:00:00,MLO,7.4
2023-08-08 21:00:00,MLO,5.7
2023-08-08 22:00:00,MLO,1.7
2023-08-08 23:00:00,MLO,0.8
2023-08-09 00:00:00,MLO,3.4
2023-08-09 01:00:00,MLO,4.6
2023-08-09 02:00:00,MLO,3.2
2023-08-09 03:00:00,MLO,0.7
2023-08-09 04:00:00,MLO,2.2
2023-08-09 05:00:00,MLO,1.2
2023-08-09 06:00:00,MLO,1.9
2023-08-09 07:00:00,MLO,5.3
2023-08-09 08:00:00,MLO,4.9
2023-08-09 09:00:00,MLO,5.8
2023-08-09 10:00:00,MLO,3.9
2023-08-09 11:00:00,MLO,5.5
2023-08-09 12:00:00,MLO,6.3
2023-08-09 13:00:00,MLO,6.6
2023-08-09 14:00:00,MLO,7.6
2023-08-09 15:00:00,MLO,8.1
2023-08-09 16:00:00,MLO,8.7
2023-08-09 17:00:00,MLO,6.1
2023-08-09 18:00:00,MLO,7.2
2023-08-09 19:00:00,MLO,6.7
2023-08-09 20:00:00,MLO,5.7
2023-08-09 21:00:00,MLO,5.7
2023-08-09 22:00:00,MLO,6.3
2023-08-09 23:00:00,MLO,7.2
2023-08-10 00:00:00,MLO,6.0
2023-08-10 01:00:00,MLO,5.3
2023-08-10 02:00:00,MLO,6.3
2023-08-10 03:00:00,MLO,7.1
2023-08-10 04:00:00,MLO,7.1
2023-08-10 05:00:00,MLO,8.9
2023-08-10 06:00:00,MLO,7.8
2023-08-10 07:00:00,MLO,9.0
2023-08-10 08:00:00,MLO,10.4
2023-08-10 09:00:00,MLO,10.7
2023-08-10 10:00:00,MLO,10.4
2023-08-10 11:00:00,MLO,10.1
2023-08-10 12:00:00,MLO,3.6
2023-08-10 13:00:00,MLO,3.7
2023-08-10 14:00:00,MLO,5.6
2023-08-10 15:00:00,MLO,6.9
2023-08-10 16:00:00,MLO,5.9
2023-08-10 17:00:00,MLO,1.1
2023-08-10 18:00:00,MLO,2.1
2023-08-10 19:00:00,MLO,3.0
2023-08-10 20:00:00,MLO,3.9
2023-08-10 21:00:00,MLO,4.6
2023-08-10 22:00:00,MLO,4.9
2023-08-10 23:00:00,MLO,6.3
2023-08-11 00:00:00,MLO,6.1
2023-08-11 01:00:00,MLO,6.6
2023-08-11 02:00:00,MLO,6.5
2023-08-11 03:00:00,MLO,6.9
2023-08-11 04:00:00,MLO,5.4
2023-08-11 05:00:00,MLO,1.9
2023-08-11 06:00:00,MLO,1.3
2023-08-11 07:00:00,MLO,2.3
2023-08-11 08:00:00,MLO,4.2
2023-08-11 09:00:00,MLO,3.9
2023-08-11 10:00:00,MLO,2.9
2023-08-11 11:00:00,MLO,3.8
2023-08-11 12:00:00,MLO,3.9
2023-08-11 13:00:00,MLO,4.5
2023-08-11 14:00:00,MLO,4.8
2023-08-11 15:00:00,MLO,4.9
2023-08-11 16:00:00,MLO,3.9
2023-08-11 17:00:00,MLO,2.0
2023-08-11 18:00:00,MLO,1.9
2023-08-11 19:00:00,MLO,3.1
2023-08-11 20:00:00,MLO,4.9
2023-08-11 21:00:00,MLO,4.8
2023-08-11 22:00:00,MLO,5.0
2023-08-11 23:00:00,MLO,3.2
2023-08-12 00:00:00,MLO,3.2
2023-08-12 01:00:00,MLO,2.4
2023-08-12 02:00:00,MLO,3.6
2023-08-12 03:00:00,MLO,2.0
2023-08-12 04:00:00,MLO,1.7
2023-08-12 05:00:00,MLO,0.4
2023-08-12 06:00:00,MLO,1.9
2023-08-12 07:00:00,MLO,3.5
2023-08-12 08:00:00,MLO,3.4
2023-08-12 09:00:00,MLO,3.3
2023-08-12 10:00:00,MLO,3.5
2023-08-12 11:00:00,MLO,3.2
2023-08-12 12:00:00,MLO,2.7
2023-08-12 13:00:00,MLO,2.7
2023-08-12 14:00:00,MLO,2.2
2023-08-12 15:00:00,MLO,2.6
2023-08-12 16:00:00,MLO,2.7
2023-08-12 17:00:00,MLO,0.5
2023-08-12 18:00:00,MLO,1.2
2023-08-12 19:00:00,MLO,2.8
2023-08-12 20:00:00,MLO,3.7
2023-08-12 21:00:00,MLO,4.1
2023-08-12 22:00:00,MLO,4.7
2023-08-12 23:00:00,MLO,3.9
2023-08-13 00:00:00,MLO,4.2
2023-08-13 01:00:00,MLO,4.0
2023-08-13 02:00:00,MLO,3.0
2023-08-13 03:00:00,MLO,3.2
2023-08-13 04:00:00,MLO,2.1
2023-08-13 05:00:00,MLO,0.9
2023-08-13 06:00:00,MLO,0.8
2023-08-13 07:00:00,MLO,0.8
2023-08-13 08:00:00,MLO,2.4
2023-08-13 09:00:00,MLO,4.5
2023-08-13 10:00:00,MLO,4.3
2023-08-13 11:00:00,MLO,4.6
2023-08-13 12:00:00,MLO,5.3
2023-08-13 13:00:00,MLO,4.6
2023-08-13 14:00:00,MLO,4.4
2023-08-13 15:00:00,MLO,3.2
2023-08-13 16:00:00,MLO,3.9
2023-08-13 17:00:00,MLO,3.7
2023-08-13 18:00:00,MLO,3.6
2023-08-13 19:00:00,MLO,3.8
2023-08-13 20:00:00,MLO,4.5
2023-08-13 21:00:00,MLO,4.9
2023-08-13 22:00:00,MLO,4.6
2023-08-13 23:00:00,MLO,5.0
2023-08-14 00:00:00,MLO,4.0
2023-08-14 01:00:00,MLO,3.2
2023-08-14 02:00:00,MLO,2.7
2023-08-14 03:00:00,MLO,1.7
2023-08-14 04:00:00,MLO,1.0
2023-08-14 05:00:00,MLO,1.1
2023-08-14 06:00:00,MLO,0.8
2023-08-14 07:00:00,MLO,1.3
2023-08-14 08:00:00,MLO,2.2
2023-08-14 09:00:00,MLO,3.8
2023-08-14 10:00:00,MLO,2.2
2023-08-14 11:00:00,MLO,2.7
2023-08-14 12:00:00,MLO,2.7
2023-08-14 13:00:00,MLO,2.8
2023-08-14 14:00:00,MLO,2.4
2023-08-14 15:00:00,MLO,3.0
2023-08-14 16:00:00,MLO,1.7
2023-08-14 17:00:00,MLO,1.2
2023-08-14 18:00:00,MLO,1.7
2023-08-14 19:00:00,MLO,2.8
2023-08-14 20:00:00,MLO,3.8
2023-08-14 21:00:00,MLO,5.3
2023-08-14 22:00:00,MLO,5.4
2023-08-14 23:00:00,MLO,5.5
2023-08-15 00:00:00,MLO,5.1
2023-08-15 01:00:00,MLO,5.8
2023-08-15 02:00:00,MLO,5.3
2023-08-15 03:00:00,MLO,4.5
2023-08-15 04:00:00,MLO,2.9
2023-08-15 05:00:00,MLO,1.3
2023-08-15 06:00:00,MLO,1.2
2023-08-15 07:00:00,MLO,1.3
2023-08-15 08:00:00,MLO,1.8
2023-08-15 09:00:00,MLO,1.6
2023-08-15 10:00:00,MLO,1.1
2023-08-15 11:00:00,MLO,2.4
2023-08-15 12:00:00,MLO,1.8
2023-08-15 13:00:00,MLO,1.2
2023-08-15 14:00:00,MLO,1.6
2023-08-15 15:00:00,MLO,1.5
2023-08-15 16:00:00,MLO,2.6
2023-08-15 17:00:00,MLO,0.5
2023-08-15 18:00:00,MLO,1.7
2023-08-15 19:00:00,MLO,2.5
2023-08-15 20:00:00,MLO,3.2
2023-08-15 21:00:00,MLO,3.8
2023-08-15 22:00:00,MLO,3.7
2023-08-15 23:00:00,MLO,4.0
2023-08-16 00:00:00,MLO,4.5
2023-08-16 01:00:00,MLO,3.6
2023-08-16 02:00:00,MLO,2.1
2023-08-16 03:00:00,MLO,1.7
2023-08-16 04:00:00,MLO,1.8
2023-08-16 05:00:00,MLO,1.1
2023-08-16 06:00:00,MLO,0.8
2023-08-16 07:00:00,MLO,4.8
2023-08-16 08:00:00,MLO,7.1
2023-08-16 09:00:00,MLO,3.0
2023-08-16 10:00:00,MLO,2.1
2023-08-16 11:00:00,MLO,5.6
2023-08-16 12:00:00,MLO,6.2
2023-08-16 13:00:00,MLO,1.1
2023-08-16 14:00:00,MLO,1.3
2023-08-16 15:00:00,MLO,1.8
2023-08-16 16:00:00,MLO,2.1
2023-08-16 17:00:00,MLO,2.4
2023-08-16 18:00:00,MLO,2.4
2023-08-16 19:00:00,MLO,2.2
2023-08-16 20:00:00,MLO,3.4
2023-08-16 21:00:00,MLO,4.2
2023-08-16 22:00:00,MLO,4.8
2023-08-16 23:00:00,MLO,5.2
2023-08-17 00:00:00,MLO,4.4
2023-08-17 01:00:00,MLO,3.9
2023-08-17 02:00:00,MLO,3.5
2023-08-17 03:00:00,MLO,2.5
2023-08-17 04:00:00,MLO,2.2
2023-08-17 05:00:00,MLO,1.4
2023-08-17 06:00:00,MLO,0.4
2023-08-17 07:00:00,MLO,2.0
2023-08-17 08:00:00,MLO,3.1
2023-08-17 09:00:00,MLO,3.4
2023-08-17 10:00:00,MLO,3.8
2023-08-17 11:00:00,MLO,3.4
2023-08-17 12:00:00,MLO,4.1
2023-08-17 13:00:00,MLO,4.3
2023-08-17 14:00:00,MLO,4.3
2023-08-17 15:00:00,MLO,4.2
2023-08-17 16:00:00,MLO,3.4
2023-08-17 17:00:00,MLO,1.7
2023-08-17 18:00:00,MLO,1.9
2023-08-17 19:00:00,MLO,3.4
2023-08-17 20:00:00,MLO,4.1
2023-08-17 21:00:00,MLO,3.6
2023-08-17 22:00:00,MLO,4.3
2023-08-17 23:00:00,MLO,3.6
2023-08-18 00:00:00,MLO,3.4
2023-08-18 01:00:00,MLO,2.5
2023-08-18 02:00:00,MLO,2.9
2023-08-18 03:00:00,MLO,2.4
2023-08-18 04:00:00,MLO,1.5
2023-08-18 05:00:00,MLO,0.2
2023-08-18 06:00:00,MLO,0.8
2023-08-18 07:00:00,MLO,0.2
2023-08-18 08:00:00,MLO,0.4
2023-08-18 09:00:00,MLO,1.2
2023-08-18 10:00:00,MLO,1.2
2023-08-18 11:00:00,MLO,0.8
2023-08-18 12:00:00,MLO,1.3
2023-08-18 13:00:00,MLO,0.9
2023-08-18 14:00:00,MLO,1.3
2023-08-18 15:00:00,MLO,1.6
2023-08-18 16:00:00,MLO,0.9
2023-08-18 17:00:00,MLO,1.7
2023-08-18 18:00:00,MLO,1.9
2023-08-18 19:00:00,MLO,2.8
2023-08-18 20:00:00,MLO,3.4
2023-08-18 21:00:00,MLO,3.8
2023-08-18 22:00:00,MLO,3.7
2023-08-18 23:00:00,MLO,4.4
2023-08-19 00:00:00,MLO,3.8
2023-08-19 01:00:00,MLO,3.6
2023-08-19 02:00:00,MLO,3.4
2023-08-19 03:00:00,MLO,2.8
2023-08-19 04:00:00,MLO,1.6
2023-08-19 05:00:00,MLO,1.4
2023-08-19 06:00:00,MLO,1.1
2023-08-19 07:00:00,MLO,1.4
2023-08-19 08:00:00,MLO,1.4
2023-08-19 09:00:00,MLO,2.4
2023-08-19 10:00:00,MLO,1.8
2023-08-19 11:00:00,MLO,1.9
2023-08-19 12:00:00,MLO,2.4
2023-08-19 13:00:00,MLO,2.5
2023-08-19 14:00:00,MLO,2.4
2023-08-19 15:00:00,MLO,2.6
2023-08-19 16:00:00,MLO,3.0
2023-08-19 17:00:00,MLO,2.5
2023-08-19 18:00:00,MLO,3.4
2023-08-19 19:00:00,MLO,4.0
2023-08-19 20:00:00,MLO,4.5
2023-08-19 21:00:00,MLO,4.2
2023-08-19 22:00:00,MLO,4.2
2023-08-19 23:00:00,MLO,4.3
2023-08-20 00:00:00,MLO,4.1
2023-08-20 01:00:00,MLO,4.4
2023-08-20 02:00:00,MLO,3.7
2023-08-20 03:00:00,MLO,3.1
2023-08-20 04:00:00,MLO,2.5
2023-08-20 05:00:00,MLO,3.3
2023-08-20 06:00:00,MLO,3.1
2023-08-20 07:00:00,MLO,3.6
2023-08-20 08:00:00,MLO,4.5
2023-08-20 09:00:00,MLO,4.7
2023-08-20 10:00:00,MLO,4.7
2023-08-20 11:00:00,MLO,5.4
2023-08-20 12:00:00,MLO,4.8
2023-08-20 13:00:00,MLO,5.4
2023-08-20 14:00:00,MLO,5.3
2023-08-20 15:00:00,MLO,5.2
2023-08-20 16:00:00,MLO,4.3
2023-08-20 17:00:00,MLO,2.5
2023-08-20 18:00:00,MLO,2.5
2023-08-20 19:00:00,MLO,4.1
2023-08-20 20:00:00,MLO,5.3
2023-08-20 21:00:00,MLO,5.7
2023-08-20 22:00:00,MLO,6.2
2023-08-20 23:00:00,MLO,6.8
2023-08-21 00:00:00,MLO,6.1
2023-08-21 01:00:00,MLO,6.1
2023-08-21 02:00:00,MLO,5.1
2023-08-21 03:00:00,MLO,4.6
2023-08-21 04:00:00,MLO,4.4
2023-08-21 05:00:00,MLO,4.4
2023-08-21 06:00:00,MLO,4.3
2023-08-21 07:00:00,MLO,4.3
2023-08-21 08:00:00,MLO,4.5
2023-08-21 09:00:00,MLO,4.4
2023-08-21 10:00:00,MLO,5.1
2023-08-21 11:00:00,MLO,6.7
2023-08-21 12:00:00,MLO,8.4
2023-08-21 13:00:00,MLO,8.1
2023-08-21 14:00:00,MLO,8.7
2023-08-21 15:00:00,MLO,7.9
2023-08-21 16:00:00,MLO,0.2
2023-08-21 17:00:00,MLO,3.9
2023-08-21 18:00:00,MLO,6.7
2023-08-21 19:00:00,MLO,4.3
2023-08-21 20:00:00,MLO,1.2
2023-08-21 21:00:00,MLO,5.9
2023-08-21 22:00:00,MLO,6.0
2023-08-21 23:00:00,MLO,6.5
2023-08-22 00:00:00,MLO,6.9
2023-08-22 01:00:00,MLO,5.9
2023-08-22 02:00:00,MLO,5.9
2023-08-22 03:00:00,MLO,5.7
2023-08-22 04:00:00,MLO,4.6
2023-08-22 05:00:00,MLO,5.4
2023-08-22 06:00:00,MLO,5.9
2023-08-22 07:00:00,MLO,5.8
2023-08-22 08:00:00,MLO,6.9
2023-08-22 09:00:00,MLO,10.4
2023-08-22 10:00:00,MLO,10.1
2023-08-22 11:00:00,MLO,9.0
2023-08-22 12:00:00,MLO,8.3
2023-08-22 13:00:00,MLO,8.1
2023-08-22 14:00:00,MLO,7.3
2023-08-22 15:00:00,MLO,8.3
2023-08-22 16:00:00,MLO,8.1
2023-08-22 17:00:00,MLO,7.0
2023-08-22 18:00:00,MLO,7.2
2023-08-22 19:00:00,MLO,6.3
2023-08-22 20:00:00,MLO,4.6
2023-08-22 21:00:00,MLO,2.7
2023-08-22 22:00:00,MLO,4.5
2023-08-22 23:00:00,MLO,4.1
2023-08-23 00:00:00,MLO,4.8
2023-08-23 01:00:00,MLO,3.0
2023-08-23 02:00:00,MLO,1.1
2023-08-23 03:00:00,MLO,3.5
2023-08-23 04:00:00,MLO,3.8
2023-08-23 05:00:00,MLO,4.6
2023-08-23 06:00:00,MLO,4.3
2023-08-23 07:00:00,MLO,2.7
2023-08-23 08:00:00,MLO,2.3
2023-08-23 09:00:00,MLO,2.4
2023-08-23 10:00:00,MLO,2.3
2023-08-23 11:00:00,MLO,2.4
2023-08-23 12:00:00,MLO,2.5
2023-08-23 13:00:00,MLO,2.4
2023-08-23 14:00:00,MLO,3.1
2023-08-23 15:00:00,MLO,4.0
2023-08-23 16:00:00,MLO,3.4
2023-08-23 17:00:00,MLO,1.4
2023-08-23 18:00:00,MLO,2.4
2023-08-23 19:00:00,MLO,2.4
2023-08-23 20:00:00,MLO,3.3
2023-08-23 21:00:00,MLO,3.7
2023-08-23 22:00:00,MLO,4.4
2023-08-23 23:00:00,MLO,4.3
2023-08-24 00:00:00,MLO,4.2
2023-08-24 01:00:00,MLO,3.4
2023-08-24 02:00:00,MLO,3.5
2023-08-24 03:00:00,MLO,3.0
2023-08-24 04:00:00,MLO,2.3
2023-08-24 05:00:00,MLO,2.6
2023-08-24 06:00:00,MLO,1.9
2023-08-24 07:00:00,MLO,1.6
2023-08-24 08:00:00,MLO,2.9
2023-08-24 09:00:00,MLO,3.3
2023-08-24 10:00:00,MLO,3.2
2023-08-24 11:00:00,MLO,2.8
2023-08-24 12:00:00,MLO,2.0
2023-08-24 13:00:00,MLO,3.2
2023-08-24 14:00:00,MLO,3.5
2023-08-24 15:00:00,MLO,3.9
2023-08-24 16:00:00,MLO,2.3
2023-08-24 17:00:00,MLO,1.1
2023-08-24 18:00:00,MLO,2.6
2023-08-24 19:00:00,MLO,2.7
2023-08-24 20:00:00,MLO,3.2
2023-08-24 21:00:00,MLO,3.4
2023-08-24 22:00:00,MLO,4.2
2023-08-24 23:00:00,MLO,3.4
2023-08-25 00:00:00,MLO,3.8
2023-08-25 01:00:00,MLO,3.2
2023-08-25 02:00:00,MLO,2.3
2023-08-25 03:00:00,MLO,1.5
2023-08-25 04:00:00,MLO,0.7
2023-08-25 05:00:00,MLO,2.6
2023-08-25 06:00:00,MLO,2.9
2023-08-25 07:00:00,MLO,0.9
2023-08-25 08:00:00,MLO,2.1
2023-08-25 09:00:00,MLO,3.5
2023-08-25 10:00:00,MLO,1.1
2023-08-25 11:00:00,MLO,1.5
2023-08-25 12:00:00,MLO,3.5
2023-08-25 13:00:00,MLO,2.8
2023-08-25 14:00:00,MLO,3.8
2023-08-25 15:00:00,MLO,2.7
2023-08-25 16:00:00,MLO,1.5
2023-08-25 17:00:00,MLO,0.7
2023-08-25 18:00:00,MLO,1.8
2023-08-25 19:00:00,MLO,2.6
2023-08-25 20:00:00,MLO,2.4
2023-08-25 21:00:00,MLO,3.2
2023-08-25 22:00:00,MLO,3.1
2023-08-25 23:00:00,MLO,3.8
2023-08-26 00:00:00,MLO,3.4
2023-08-26 01:00:00,MLO,4.1
2023-08-26 02:00:00,MLO,4.8
2023-08-26 03:00:00,MLO,3.5
2023-08-26 04:00:00,MLO,2.1
2023-08-26 05:00:00,MLO,1.9
2023-08-26 06:00:00,MLO,0.9
2023-08-26 07:00:00,MLO,2.0
2023-08-26 08:00:00,MLO,1.4
2023-08-26 09:00:00,MLO,0.8
2023-08-26 10:00:00,MLO,2.9
2023-08-26 11:00:00,MLO,1.5
2023-08-26 12:00:00,MLO,2.0
2023-08-26 13:00:00,MLO,2.1
2023-08-26 14:00:00,MLO,2.5
2023-08-26 15:00:00,MLO,3.0
2023-08-26 16:00:00,MLO,2.3
2023-08-26 17:00:00,MLO,2.1
2023-08-26 18:00:00,MLO,2.0
2023-08-26 19:00:00,MLO,2.2
2023-08-26 20:00:00,MLO,2.7
2023-08-26 21:00:00,MLO,3.7
2023-08-26 22:00:00,MLO,5.0
2023-08-26 23:00:00,MLO,4.4
2023-08-27 00:00:00,MLO,4.1
2023-08-27 01:00:00,MLO,4.0
2023-08-27 02:00:00,MLO,3.1
2023-08-27 03:00:00,MLO,2.4
2023-08-27 04:00:00,MLO,3.0
2023-08-27 05:00:00,MLO,1.5
2023-08-27 06:00:00,MLO,0.8
2023-08-27 07:00:00,MLO,1.3
2023-08-27 08:00:00,MLO,1.5
2023-08-27 09:00:00,MLO,2.3
2023-08-27 10:00:00,MLO,4.0
2023-08-27 11:00:00,MLO,3.2
2023-08-27 12:00:00,MLO,3.7
2023-08-27 13:00:00,MLO,4.6
2023-08-27 14:00:00,MLO,3.6
2023-08-27 15:00:00,MLO,3.9
2023-08-27 16:00:00,MLO,3.7
2023-08-27 17:00:00,MLO,1.6
2023-08-27 18:00:00,MLO,1.5
2023-08-27 19:00:00,MLO,3.0
2023-08-27 20:00:00,MLO,3.2
2023-08-27 21:00:00,MLO,3.0
2023-08-27 22:00:00,MLO,2.8
2023-08-27 23:00:00,MLO,3.2
2023-08-28 00:00:00,MLO,3.1
2023-08-28 01:00:00,MLO,2.5
2023-08-28 02:00:00,MLO,2.1
2023-08-28 03:00:00,MLO,1.8
2023-08-28 04:00:00,MLO,1.5
2023-08-28 05:00:00,MLO,0.2
2023-08-28 06:00:00,MLO,1.6
2023-08-28 07:00:00,MLO,1.9
2023-08-28 08:00:00,MLO,4.3
2023-08-28 09:00:00,MLO,4.5
2023-08-28 10:00:00,MLO,6.5
2023-08-28 11:00:00,MLO,4.6
2023-08-28 12:00:00,MLO,4.3
2023-08-28 13:00:00,MLO,4.2
2023-08-28 14:00:00,MLO,4.3
2023-08-28 15:00:00,MLO,4.4
2023-08-28 16:00:00,MLO,4.2
2023-08-28 17:00:00,MLO,0.6
2023-08-28 18:00:00,MLO,1.3
2023-08-28 19:00:00,MLO,2.9
2023-08-28 20:00:00,MLO,2.9
2023-08-28 21:00:00,MLO,3.8
2023-08-28 22:00:00,MLO,3.5
2023-08-28 23:00:00,MLO,3.7
2023-08-29 00:00:00,MLO,4.1
2023-08-29 01:00:00,MLO,4.0
2023-08-29 02:00:00,MLO,3.3
2023-08-29 03:00:00,MLO,3.2
2023-08-29 04:00:00,MLO,1.2
2023-08-29 05:00:00,MLO,1.9
2023-08-29 06:00:00,MLO,1.9
2023-08-29 07:00:00,MLO,2.8
2023-08-29 08:00:00,MLO,4.3
2023-08-29 09:00:00,MLO,4.9
2023-08-29 10:00:00,MLO,4.4
2023-08-29 11:00:00,MLO,4.2
2023-08-29 12:00:00,MLO,7.6
2023-08-29 13:00:00,MLO,6.7
2023-08-29 14:00:00,MLO,6.9
2023-08-29 15:00:00,MLO,6.4
2023-08-29 16:00:00,MLO,8.3
2023-08-29 17:00:00,MLO,8.7
2023-08-29 18:00:00,MLO,8.8
2023-08-29 19:00:00,MLO,8.6
2023-08-29 20:00:00,MLO,8.9
2023-08-29 21:00:00,MLO,8.3
2023-08-29 22:00:00,MLO,8.2
2023-08-29 23:00:00,MLO,6.6
2023-08-30 00:00:00,MLO,6.2
2023-08-30 01:00:00,MLO,7.3
2023-08-30 02:00:00,MLO,7.2
2023-08-30 03:00:00,MLO,9.8
2023-08-30 04:00:00,MLO,10.5
2023-08-30 05:00:00,MLO,10.7
2023-08-30 06:00:00,MLO,7.6
2023-08-30 07:00:00,MLO,7.6
2023-08-30 08:00:00,MLO,9.8
2023-08-30 09:00:00,MLO,10.9
2023-08-30 10:00:00,MLO,11.3
2023-08-30 11:00:00,MLO,10.5
2023-08-30 12:00:00,MLO,11.5
2023-08-30 13:00:00,MLO,12.3
2023-08-30 14:00:00,MLO,12.1
2023-08-30 15:00:00,MLO,11.6
2023-08-30 16:00:00,MLO,10.7
2023-08-30 17:00:00,MLO,13.2
2023-08-30 18:00:00,MLO,13.3
2023-08-30 19:00:00,MLO,8.6
2023-08-30 20:00:00,MLO,7.6
2023-08-30 21:00:00,MLO,7.0
2023-08-30 22:00:00,MLO,6.9
2023-08-30 23:00:00,MLO,5.9
2023-08-31 00:00:00,MLO,4.2
2023-08-31 01:00:00,MLO,5.7
2023-08-31 02:00:00,MLO,7.7
2023-08-31 03:00:00,MLO,7.4
2023-08-31 04:00:00,MLO,8.2
2023-08-31 05:00:00,MLO,7.5
2023-08-31 06:00:00,MLO,7.3
2023-08-31 07:00:00,MLO,6.9
2023-08-31 08:00:00,MLO,7.6
2023-08-31 09:00:00,MLO,7.0
2023-08-31 10:00:00,MLO,6.7
2023-08-31 11:00:00,MLO,7.2
2023-08-31 12:00:00,MLO,6.7
2023-08-31 13:00:00,MLO,6.5
2023-08-31 14:00:00,MLO,7.3
2023-08-31 15:00:00,MLO,7.0
2023-08-31 16:00:00,MLO,7.7
2023-08-31 17:00:00,MLO,8.2
2023-08-31 18:00:00,MLO,7.8
2023-08-31 19:00:00,MLO,9.6
2023-08-31 20:00:00,MLO,10.4
2023-08-31 21:00:00,MLO,9.7
2023-08-31 22:00:00,MLO,9.0
2023-08-31 23:00:00,MLO,7.4
2023-09-01 00:00:00,MLO,6.7
2023-09-01 01:00:00,MLO,6.2
2023-09-01 02:00:00,MLO,7.0
2023-09-01 03:00:00,MLO,6.9
2023-09-01 04:00:00,MLO,7.3
2023-09-01 05:00:00,MLO,7.6
2023-09-01 06:00:00,MLO,7.9
2023-09-01 07:00:00,MLO,5.8
2023-09-01 08:00:00,MLO,1.4
2023-09-01 09:00:00,MLO,1.8
2023-09-01 10:00:00,MLO,4.0
2023-09-01 11:00:00,MLO,3.1
2023-09-01 12:00:00,MLO,3.7
2023-09-01 13:00:00,MLO,2.1
2023-09-01 14:00:00,MLO,2.2
2023-09-01 15:00:00,MLO,3.1
2023-09-01 16:00:00,MLO,3.5
2023-09-01 17:00:00,MLO,0.3
2023-09-01 18:00:00,MLO,2.3
2023-09-01 19:00:00,MLO,2.6
2023-09-01 20:00:00,MLO,3.6
2023-09-01 21:00:00,MLO,4.5
2023-09-01 22:00:00,MLO,5.5
2023-09-01 23:00:00,MLO,4.8
2023-09-02 00:00:00,MLO,5.2
2023-09-02 01:00:00,MLO,4.0
2023-09-02 02:00:00,MLO,3.2
2023-09-02 03:00:00,MLO,2.0
2023-09-02 04:00:00,MLO,1.5
2023-09-02 05:00:00,MLO,0.4
2023-09-02 06:00:00,MLO,1.1
2023-09-02 07:00:00,MLO,1.7
2023-09-02 08:00:00,MLO,2.1
2023-09-02 09:00:00,MLO,3.4
2023-09-02 10:00:00,MLO,3.2
2023-09-02 11:00:00,MLO,2.5
2023-09-02 12:00:00,MLO,1.9
2023-09-02 13:00:00,MLO,1.7
2023-09-02 14:00:00,MLO,1.7
2023-09-02 15:00:00,MLO,2.3
2023-09-02 16:00:00,MLO,3.3
2023-09-02 17:00:00,MLO,2.0
2023-09-02 18:00:00,MLO,2.1
2023-09-02 19:00:00,MLO,2.4
2023-09-02 20:00:00,MLO,2.7
2023-09-02 21:00:00,MLO,3.3
2023-09-02 22:00:00,MLO,4.1
2023-09-02 23:00:00,MLO,4.8
2023-09-03 00:00:00,MLO,4.8
2023-09-03 01:00:00,MLO,4.0
2023-09-03 02:00:00,MLO,3.6
2023-09-03 03:00:00,MLO,3.4
2023-09-03 04:00:00,MLO,1.7
2023-09-03 05:00:00,MLO,1.3
2023-09-03 06:00:00,MLO,1.8
2023-09-03 07:00:00,MLO,2.1
2023-09-03 08:00:00,MLO,3.7
2023-09-03 09:00:00,MLO,3.6
2023-09-03 10:00:00,MLO,4.6
2023-09-03 11:00:00,MLO,2.3
2023-09-03 12:00:00,MLO,2.0
2023-09-03 13:00:00,MLO,2.2
2023-09-03 14:00:00,MLO,2.2
2023-09-03 15:00:00,MLO,2.5
2023-09-03 16:00:00,MLO,2.3
2023-09-03 17:00:00,MLO,1.4
2023-09-03 18:00:00,MLO,2.2
2023-09-03 19:00:00,MLO,2.1
2023-09-03 20:00:00,MLO,2.6
2023-09-03 21:00:00,MLO,3.3
2023-09-03 22:00:00,MLO,4.3
2023-09-03 23:00:00,MLO,4.1
2023-09-04 00:00:00,MLO,3.7
2023-09-04 01:00:00,MLO,2.8
2023-09-04 02:00:00,MLO,2.6
2023-09-04 03:00:00,MLO,2.3
2023-09-04 04:00:00,MLO,1.1
2023-09-04 05:00:00,MLO,0.5
2023-09-04 06:00:00,MLO,1.2
2023-09-04 07:00:00,MLO,1.9
2023-09-04 08:00:00,MLO,2.2
2023-09-04 09:00:00,MLO,1.4
2023-09-04 10:00:00,MLO,1.4
2023-09-04 11:00:00,MLO,2.6
2023-09-04 12:00:00,MLO,1.8
2023-09-04 13:00:00,MLO,2.5
2023-09-04 14:00:00,MLO,3.2
2023-09-04 15:00:00,MLO,4.5
2023-09-04 16:00:00,MLO,3.1
2023-09-04 17:00:00,MLO,0.6
2023-09-04 18:00:00,MLO,2.9
2023-09-04 19:00:00,MLO,3.0
2023-09-04 20:00:00,MLO,3.0
2023-09-04 21:00:00,MLO,3.3
2023-09-04 22:00:00,MLO,3.5
2023-09-04 23:00:00,MLO,4.1
2023-09-05 00:00:00,MLO,4.0
2023-09-05 01:00:00,MLO,3.5
2023-09-05 02:00:00,MLO,2.6
2023-09-05 03:00:00,MLO,1.9
2023-09-05 04:00:00,MLO,2.0
2023-09-05 05:00:00,MLO,1.6
2023-09-05 06:00:00,MLO,1.1
2023-09-05 07:00:00,MLO,0.5
2023-09-05 08:00:00,MLO,1.8
2023-09-05 09:00:00,MLO,1.9
2023-09-05 10:00:00,MLO,0.8
2023-09-05 11:00:00,MLO,1.3
2023-09-05 12:00:00,MLO,1.6
2023-09-05 13:00:00,MLO,2.1
2023-09-05 14:00:00,MLO,1.9
2023-09-05 15:00:00,MLO,1.3
2023-09-05 16:00:00,MLO,1.3
2023-09-05 17:00:00,MLO,1.3
2023-09-05 18:00:00,MLO,1.6
2023-09-05 19:00:00,MLO,2.5
2023-09-05 20:00:00,MLO,3.0
2023-09-05 21:00:00,MLO,3.4
2023-09-05 22:00:00,MLO,5.0
2023-09-05 23:00:00,MLO,5.3
2023-09-06 00:00:00,MLO,5.7
2023-09-06 01:00:00,MLO,4.4
2023-09-06 02:00:00,MLO,3.1
2023-09-06 03:00:00,MLO,2.6
2023-09-06 04:00:00,MLO,1.2
2023-09-06 05:00:00,MLO,0.9
2023-09-06 06:00:00,MLO,0.5
2023-09-06 07:00:00,MLO,0.5
2023-09-06 08:00:00,MLO,0.7
2023-09-06 09:00:00,MLO,0.8
2023-09-06 10:00:00,MLO,2.0
2023-09-06 11:00:00,MLO,2.2
2023-09-06 12:00:00,MLO,3.9
2023-09-06 13:00:00,MLO,2.1
2023-09-06 14:00:00,MLO,2.7
2023-09-06 15:00:00,MLO,3.7
2023-09-06 16:00:00,MLO,4.1
2023-09-06 17:00:00,MLO,2.1
2023-09-06 18:00:00,MLO,1.2
2023-09-06 19:00:00,MLO,3.7
2023-09-06 20:00:00,MLO,3.5
2023-09-06 21:00:00,MLO,3.1
2023-09-06 22:00:00,MLO,1.2
2023-09-06 23:00:00,MLO,1.9
2023-09-07 00:00:00,MLO,1.9
2023-09-07 01:00:00,MLO,0.6
2023-09-07 02:00:00,MLO,1.4
2023-09-07 03:00:00,MLO,0.4
2023-09-07 04:00:00,MLO,1.3
2023-09-07 05:00:00,MLO,1.9
2023-09-07 06:00:00,MLO,1.2
2023-09-07 07:00:00,MLO,1.7
2023-09-07 08:00:00,MLO,1.5
2023-09-07 09:00:00,MLO,1.5
2023-09-07 10:00:00,MLO,0.7
2023-09-07 11:00:00,MLO,1.8
2023-09-07 12:00:00,MLO,2.1
2023-09-07 13:00:00,MLO,3.0
2023-09-07 14:00:00,MLO,1.9
2023-09-07 15:00:00,MLO,1.7
2023-09-07 16:00:00,MLO,1.2
2023-09-07 17:00:00,MLO,0.6
2023-09-07 18:00:00,MLO,0.5
2023-09-07 19:00:00,MLO,1.9
2023-09-07 20:00:00,MLO,3.3
2023-09-07 21:00:00,MLO,3.8
2023-09-07 22:00:00,MLO,3.4
2023-09-07 23:00:00,MLO,4.4
2023-09-08 00:00:00,MLO,3.9
2023-09-08 01:00:00,MLO,3.2
2023-09-08 02:00:00,MLO,2.8
2023-09-08 03:00:00,MLO,2.8
2023-09-08 04:00:00,MLO,1.6
2023-09-08 05:00:00,MLO,1.6
2023-09-08 06:00:00,MLO,2.7
2023-09-08 07:00:00,MLO,2.7
2023-09-08 08:00:00,MLO,3.2
2023-09-08 09:00:00,MLO,3.7
2023-09-08 10:00:00,MLO,4.4
2023-09-08 11:00:00,MLO,4.4
2023-09-08 12:00:00,MLO,4.8
2023-09-08 13:00:00,MLO,5.1
2023-09-08 14:00:00,MLO,5.0
2023-09-08 15:00:00,MLO,4.7
2023-09-08 16:00:00,MLO,4.2
2023-09-08 17:00:00,MLO,2.8
2023-09-08 18:00:00,MLO,2.6
2023-09-08 19:00:00,MLO,2.7
2023-09-08 20:00:00,MLO,3.4
2023-09-08 21:00:00,MLO,3.6
2023-09-08 22:00:00,MLO,3.5
2023-09-08 23:00:00,MLO,3.9
2023-09-09 00:00:00,MLO,4.0
2023-09-09 01:00:00,MLO,3.5
2023-09-09 02:00:00,MLO,2.5
2023-09-09 03:00:00,MLO,2.3
2023-09-09 04:00:00,MLO,1.4
2023-09-09 05:00:00,MLO,1.0
2023-09-09 06:00:00,MLO,1.4
2023-09-09 07:00:00,MLO,3.4
2023-09-09 08:00:00,MLO,4.2
2023-09-09 09:00:00,MLO,4.2
2023-09-09 10:00:00,MLO,2.1
2023-09-09 11:00:00,MLO,2.3
2023-09-09 12:00:00,MLO,1.9
2023-09-09 13:00:00,MLO,1.7
2023-09-09 14:00:00,MLO,1.6
2023-09-09 15:00:00,MLO,1.8
2023-09-09 16:00:00,MLO,2.0
2023-09-09 17:00:00,MLO,0.8
2023-09-09 18:00:00,MLO,2.3
2023-09-09 19:00:00,MLO,3.2
2023-09-09 20:00:00,MLO,3.7
2023-09-09 21:00:00,MLO,3.9
2023-09-09 22:00:00,MLO,4.9
2023-09-09 23:00:00,MLO,5.7
2023-09-10 00:00:00,MLO,5.8
2023-09-10 01:00:00,MLO,5.6
2023-09-10 02:00:00,MLO,4.8
2023-09-10 03:00:00,MLO,4.9
2023-09-10 04:00:00,MLO,1.0
2023-09-10 05:00:00,MLO,0.9
2023-09-10 06:00:00,MLO,1.2
2023-09-10 07:00:00,MLO,4.8
2023-09-10 08:00:00,MLO,2.4
2023-09-10 09:00:00,MLO,2.2
2023-09-10 10:00:00,MLO,2.6
2023-09-10 11:00:00,MLO,2.0
2023-09-10 12:00:00,MLO,1.9
2023-09-10 13:00:00,MLO,2.6
2023-09-10 14:00:00,MLO,2.2
2023-09-10 15:00:00,MLO,2.7
2023-09-10 16:00:00,MLO,1.9
2023-09-10 17:00:00,MLO,1.7
2023-09-10 18:00:00,MLO,1.7
2023-09-10 19:00:00,MLO,2.7
2023-09-10 20:00:00,MLO,3.1
2023-09-10 21:00:00,MLO,3.7
2023-09-10 22:00:00,MLO,3.1
2023-09-10 23:00:00,MLO,5.2
2023-09-11 00:00:00,MLO,4.1
2023-09-11 01:00:00,MLO,4.6
2023-09-11 02:00:00,MLO,5.3
2023-09-11 03:00:00,MLO,4.0
2023-09-11 04:00:00,MLO,2.1
2023-09-11 05:00:00,MLO,3.0
2023-09-11 06:00:00,MLO,4.9
2023-09-11 07:00:00,MLO,6.2
2023-09-11 08:00:00,MLO,5.5
2023-09-11 09:00:00,MLO,4.2
2023-09-11 10:00:00,MLO,4.2
2023-09-11 11:00:00,MLO,6.9
2023-09-11 12:00:00,MLO,6.9
2023-09-11 13:00:00,MLO,5.8
2023-09-11 14:00:00,MLO,6.9
2023-09-11 15:00:00,MLO,8.8
2023-09-11 16:00:00,MLO,8.5
2023-09-11 17:00:00,MLO,6.5
2023-09-11 18:00:00,MLO,3.5
2023-09-11 19:00:00,MLO,2.4
2023-09-11 20:00:00,MLO,3.1
2023-09-11 21:00:00,MLO,3.4
2023-09-11 22:00:00,MLO,4.5
2023-09-11 23:00:00,MLO,3.5
2023-09-12 00:00:00,MLO,3.8
2023-09-12 01:00:00,MLO,3.4
2023-09-12 02:00:00,MLO,2.5
2023-09-12 03:00:00,MLO,2.0
2023-09-12 04:00:00,MLO,1.3
2023-09-12 05:00:00,MLO,1.2
2023-09-12 06:00:00,MLO,1.5
2023-09-12 07:00:00,MLO,1.5
2023-09-12 08:00:00,MLO,1.8
2023-09-12 09:00:00,MLO,2.4
2023-09-12 10:00:00,MLO,2.3
2023-09-12 11:00:00,MLO,3.0
2023-09-12 12:00:00,MLO,3.0
2023-09-12 13:00:00,MLO,3.2
2023-09-12 14:00:00,MLO,3.4
2023-09-12 15:00:00,MLO,3.9
2023-09-12 16:00:00,MLO,5.2
2023-09-12 17:00:00,MLO,3.7
2023-09-12 18:00:00,MLO,3.7
2023-09-12 19:00:00,MLO,4.8
2023-09-12 20:00:00,MLO,4.5
2023-09-12 21:00:00,MLO,4.9
2023-09-12 22:00:00,MLO,5.3
2023-09-12 23:00:00,MLO,5.8
2023-09-13 00:00:00,MLO,5.4
2023-09-13 01:00:00,MLO,5.4
2023-09-13 02:00:00,MLO,4.6
2023-09-13 03:00:00,MLO,1.8
2023-09-13 04:00:00,MLO,2.3
2023-09-13 05:00:00,MLO,1.9
2023-09-13 06:00:00,MLO,3.7
2023-09-13 07:00:00,MLO,4.4
2023-09-13 08:00:00,MLO,5.1
2023-09-13 09:00:00,MLO,4.2
2023-09-13 10:00:00,MLO,4.5
2023-09-13 11:00:00,MLO,4.9
2023-09-13 12:00:00,MLO,5.1
2023-09-13 13:00:00,MLO,5.1
2023-09-13 14:00:00,MLO,5.8
2023-09-13 15:00:00,MLO,4.9
2023-09-13 16:00:00,MLO,4.7
2023-09-13 17:00:00,MLO,3.4
2023-09-13 18:00:00,MLO,4.0
2023-09-13 19:00:00,MLO,4.8
2023-09-13 20:00:00,MLO,5.7
2023-09-13 21:00:00,MLO,5.2
2023-09-13 22:00:00,MLO,5.7
2023-09-13 23:00:00,MLO,5.3
2023-09-14 00:00:00,MLO,5.6
2023-09-14 01:00:00,MLO,5.3
2023-09-14 02:00:00,MLO,4.4
2023-09-14 03:00:00,MLO,4.7
2023-09-14 04:00:00,MLO,4.3
2023-09-14 05:00:00,MLO,3.6
2023-09-14 06:00:00,MLO,4.0
2023-09-14 07:00:00,MLO,5.1
2023-09-14 08:00:00,MLO,4.8
2023-09-14 09:00:00,MLO,2.5
2023-09-14 10:00:00,MLO,2.5
2023-09-14 11:00:00,MLO,3.3
2023-09-14 12:00:00,MLO,3.3
2023-09-14 13:00:00,MLO,4.8
2023-09-14 14:00:00,MLO,4.7
2023-09-14 15:00:00,MLO,4.0
2023-09-14 16:00:00,MLO,4.1
2023-09-14 17:00:00,MLO,0.7
2023-09-14 18:00:00,MLO,1.7
2023-09-14 19:00:00,MLO,3.4
2023-09-14 20:00:00,MLO,4.0
2023-09-14 21:00:00,MLO,3.1
2023-09-14 22:00:00,MLO,3.7
2023-09-14 23:00:00,MLO,3.5
2023-09-15 00:00:00,MLO,3.2
2023-09-15 01:00:00,MLO,4.3
2023-09-15 02:00:00,MLO,4.9
2023-09-15 03:00:00,MLO,4.7
2023-09-15 04:00:00,MLO,5.1
2023-09-15 05:00:00,MLO,1.9
2023-09-15 06:00:00,MLO,5.6
2023-09-15 07:00:00,MLO,4.3
2023-09-15 08:00:00,MLO,5.5
2023-09-15 09:00:00,MLO,3.2
2023-09-15 10:00:00,MLO,3.4
2023-09-15 11:00:00,MLO,2.8
2023-09-15 12:00:00,MLO,2.1
2023-09-15 13:00:00,MLO,2.5
2023-09-15 14:00:00,MLO,2.4
2023-09-15 15:00:00,MLO,2.3
2023-09-15 16:00:00,MLO,2.3
2023-09-15 17:00:00,MLO,0.6
2023-09-15 18:00:00,MLO,1.6
2023-09-15 19:00:00,MLO,2.5
2023-09-15 20:00:00,MLO,3.3
2023-09-15 21:00:00,MLO,3.7
2023-09-15 22:00:00,MLO,4.0
2023-09-15 23:00:00,MLO,4.1
2023-09-16 00:00:00,MLO,4.6
2023-09-16 01:00:00,MLO,4.0
2023-09-16 02:00:00,MLO,2.2
2023-09-16 03:00:00,MLO,2.3
2023-09-16 04:00:00,MLO,2.1
2023-09-16 05:00:00,MLO,1.9
2023-09-16 06:00:00,MLO,1.2
2023-09-16 07:00:00,MLO,0.7
2023-09-16 08:00:00,MLO,2.2
2023-09-16 09:00:00,MLO,2.7
2023-09-16 10:00:00,MLO,2.3
2023-09-16 11:00:00,MLO,1.8
2023-09-16 12:00:00,MLO,1.4
2023-09-16 13:00:00,MLO,2.1
2023-09-16 14:00:00,MLO,2.3
2023-09-16 15:00:00,MLO,3.4
2023-09-16 16:00:00,MLO,2.3
2023-09-16 17:00:00,MLO,1.0
2023-09-16 18:00:00,MLO,1.9
2023-09-16 19:00:00,MLO,3.4
2023-09-16 20:00:00,MLO,4.3
2023-09-16 21:00:00,MLO,3.5
2023-09-16 22:00:00,MLO,3.9
2023-09-16 23:00:00,MLO,4.1
2023-09-17 00:00:00,MLO,3.8
2023-09-17 01:00:00,MLO,4.3
2023-09-17 02:00:00,MLO,3.6
2023-09-17 03:00:00,MLO,3.9
2023-09-17 04:00:00,MLO,3.2
2023-09-17 05:00:00,MLO,0.8
2023-09-17 06:00:00,MLO,1.2
2023-09-17 07:00:00,MLO,3.3
2023-09-17 08:00:00,MLO,3.6
2023-09-17 09:00:00,MLO,5.2
2023-09-17 10:00:00,MLO,5.9
2023-09-17 11:00:00,MLO,6.5
2023-09-17 12:00:00,MLO,6.5
2023-09-17 13:00:00,MLO,5.9
2023-09-17 14:00:00,MLO,5.4
2023-09-17 15:00:00,MLO,5.9
2023-09-17 16:00:00,MLO,5.7
2023-09-17 17:00:00,MLO,3.2
2023-09-17 18:00:00,MLO,3.4
2023-09-17 19:00:00,MLO,4.6
2023-09-17 20:00:00,MLO,4.1
2023-09-17 21:00:00,MLO,4.5
2023-09-17 22:00:00,MLO,5.3
2023-09-17 23:00:00,MLO,6.0
2023-09-18 00:00:00,MLO,5.0
2023-09-18 01:00:00,MLO,4.5
2023-09-18 02:00:00,MLO,3.5
2023-09-18 03:00:00,MLO,2.2
2023-09-18 04:00:00,MLO,4.1
2023-09-18 05:00:00,MLO,6.7
2023-09-18 06:00:00,MLO,8.0
2023-09-18 07:00:00,MLO,3.5
2023-09-18 08:00:00,MLO,6.0
2023-09-18 09:00:00,MLO,6.1
2023-09-18 10:00:00,MLO,1.1
2023-09-18 11:00:00,MLO,1.9
2023-09-18 12:00:00,MLO,1.9
2023-09-18 13:00:00,MLO,2.3
2023-09-18 14:00:00,MLO,2.1
2023-09-18 15:00:00,MLO,3.3
2023-09-18 16:00:00,MLO,4.9
2023-09-18 17:00:00,MLO,3.5
2023-09-18 18:00:00,MLO,4.5
2023-09-18 19:00:00,MLO,5.2
2023-09-18 20:00:00,MLO,6.0
2023-09-18 21:00:00,MLO,6.6
2023-09-18 22:00:00,MLO,5.8
2023-09-18 23:00:00,MLO,5.1
2023-09-19 00:00:00,MLO,4.5
2023-09-19 01:00:00,MLO,4.2
2023-09-19 02:00:00,MLO,3.1
2023-09-19 03:00:00,MLO,4.0
2023-09-19 04:00:00,MLO,3.0
2023-09-19 05:00:00,MLO,2.9
2023-09-19 06:00:00,MLO,3.1
2023-09-19 07:00:00,MLO,3.2
2023-09-19 08:00:00,MLO,3.8
2023-09-19 09:00:00,MLO,2.6
2023-09-19 10:00:00,MLO,2.7
2023-09-19 11:00:00,MLO,3.3
2023-09-19 12:00:00,MLO,2.8
2023-09-19 13:00:00,MLO,3.3
2023-09-19 14:00:00,MLO,3.9
2023-09-19 15:00:00,MLO,5.0
2023-09-19 16:00:00,MLO,6.0
2023-09-19 17:00:00,MLO,5.0
2023-09-19 18:00:00,MLO,3.2
2023-09-19 19:00:00,MLO,3.6
2023-09-19 20:00:00,MLO,3.3
2023-09-19 21:00:00,MLO,3.3
2023-09-19 22:00:00,MLO,3.3
2023-09-19 23:00:00,MLO,4.2
2023-09-20 00:00:00,MLO,3.6
2023-09-20 01:00:00,MLO,2.9
2023-09-20 02:00:00,MLO,2.4
2023-09-20 03:00:00,MLO,2.4
2023-09-20 04:00:00,MLO,2.1
2023-09-20 05:00:00,MLO,0.2
2023-09-20 06:00:00,MLO,1.0
2023-09-20 07:00:00,MLO,0.9
2023-09-20 08:00:00,MLO,2.1
2023-09-20 09:00:00,MLO,2.3
2023-09-20 10:00:00,MLO,2.8
2023-09-20 11:00:00,MLO,3.2
2023-09-20 12:00:00,MLO,2.9
2023-09-20 13:00:00,MLO,2.7
2023-09-20 14:00:00,MLO,2.6
2023-09-20 15:00:00,MLO,2.9
2023-09-20 16:00:00,MLO,3.6
2023-09-20 17:00:00,MLO,1.4
2023-09-20 18:00:00,MLO,3.2
2023-09-20 19:00:00,MLO,3.7
2023-09-20 20:00:00,MLO,4.4
2023-09-20 21:00:00,MLO,4.4
2023-09-20 22:00:00,MLO,4.6
2023-09-20 23:00:00,MLO,4.0
2023-09-21 00:00:00,MLO,3.6
2023-09-21 01:00:00,MLO,3.1
2023-09-21 02:00:00,MLO,2.3
2023-09-21 03:00:00,MLO,1.9
2023-09-21 04:00:00,MLO,2.2
2023-09-21 05:00:00,MLO,1.7
2023-09-21 06:00:00,MLO,0.8
2023-09-21 07:00:00,MLO,0.6
2023-09-21 08:00:00,MLO,1.2
2023-09-21 09:00:00,MLO,2.1
2023-09-21 10:00:00,MLO,3.6
2023-09-21 11:00:00,MLO,2.5
2023-09-21 12:00:00,MLO,2.8
2023-09-21 13:00:00,MLO,3.1
2023-09-21 14:00:00,MLO,4.0
2023-09-21 15:00:00,MLO,4.1
2023-09-21 16:00:00,MLO,4.7
2023-09-21 17:00:00,MLO,4.2
2023-09-21 18:00:00,MLO,5.4
2023-09-21 19:00:00,MLO,5.7
2023-09-21 20:00:00,MLO,6.4
2023-09-21 21:00:00,MLO,6.3
2023-09-21 22:00:00,MLO,7.0
2023-09-21 23:00:00,MLO,7.1
2023-09-22 00:00:00,MLO,6.7
2023-09-22 01:00:00,MLO,6.2
2023-09-22 02:00:00,MLO,5.5
2023-09-22 03:00:00,MLO,6.4
2023-09-22 04:00:00,MLO,6.3
2023-09-22 05:00:00,MLO,6.2
2023-09-22 06:00:00,MLO,6.6
2023-09-22 07:00:00,MLO,7.2
2023-09-22 08:00:00,MLO,7.2
2023-09-22 09:00:00,MLO,7.3
2023-09-22 10:00:00,MLO,7.4
2023-09-22 11:00:00,MLO,6.8
2023-09-22 12:00:00,MLO,5.2
2023-09-22 13:00:00,MLO,4.4
2023-09-22 14:00:00,MLO,5.2
2023-09-22 15:00:00,MLO,5.5
2023-09-22 16:00:00,MLO,5.4
2023-09-22 17:00:00,MLO,4.3
2023-09-22 18:00:00,MLO,2.9
2023-09-22 19:00:00,MLO,4.4
2023-09-22 20:00:00,MLO,4.9
2023-09-22 21:00:00,MLO,5.6
2023-09-22 22:00:00,MLO,6.6
2023-09-22 23:00:00,MLO,4.8
2023-09-23 00:00:00,MLO,4.3
2023-09-23 01:00:00,MLO,4.1
2023-09-23 02:00:00,MLO,4.3
2023-09-23 03:00:00,MLO,4.0
2023-09-23 04:00:00,MLO,2.5
2023-09-23 05:00:00,MLO,0.2
2023-09-23 06:00:00,MLO,2.3
2023-09-23 07:00:00,MLO,3.1
2023-09-23 08:00:00,MLO,3.5
2023-09-23 09:00:00,MLO,3.3
2023-09-23 10:00:00,MLO,1.3
2023-09-23 11:00:00,MLO,1.1
2023-09-23 12:00:00,MLO,2.1
2023-09-23 13:00:00,MLO,1.8
2023-09-23 14:00:00,MLO,2.1
2023-09-23 15:00:00,MLO,2.0
2023-09-23 16:00:00,MLO,2.8
2023-09-23 17:00:00,MLO,3.3
2023-09-23 18:00:00,MLO,3.1
2023-09-23 19:00:00,MLO,4.1
2023-09-23 20:00:00,MLO,4.9
2023-09-23 21:00:00,MLO,4.5
2023-09-23 22:00:00,MLO,5.6
2023-09-23 23:00:00,MLO,6.1
2023-09-24 00:00:00,MLO,6.6
2023-09-24 01:00:00,MLO,6.1
2023-09-24 02:00:00,MLO,5.2
2023-09-24 03:00:00,MLO,4.9
2023-09-24 04:00:00,MLO,3.6
2023-09-24 05:00:00,MLO,4.5
2023-09-24 06:00:00,MLO,6.5
2023-09-24 07:00:00,MLO,6.9
2023-09-24 08:00:00,MLO,7.2
2023-09-24 09:00:00,MLO,7.3
2023-09-24 10:00:00,MLO,6.5
2023-09-24 11:00:00,MLO,4.0
2023-09-24 12:00:00,MLO,3.8
2023-09-24 13:00:00,MLO,3.7
2023-09-24 14:00:00,MLO,3.7
2023-09-24 15:00:00,MLO,5.3
2023-09-24 16:00:00,MLO,4.0
2023-09-24 17:00:00,MLO,2.0
2023-09-24 18:00:00,MLO,3.2
2023-09-24 19:00:00,MLO,4.7
2023-09-24 20:00:00,MLO,4.1
2023-09-24 21:00:00,MLO,3.6
2023-09-24 22:00:00,MLO,5.0
2023-09-24 23:00:00,MLO,4.2
2023-09-25 00:00:00,MLO,3.7
2023-09-25 01:00:00,MLO,3.8
2023-09-25 02:00:00,MLO,3.8
2023-09-25 03:00:00,MLO,3.1
2023-09-25 04:00:00,MLO,2.2
2023-09-25 05:00:00,MLO,0.5
2023-09-25 06:00:00,MLO,0.9
2023-09-25 07:00:00,MLO,1.7
2023-09-25 08:00:00,MLO,2.5
2023-09-25 09:00:00,MLO,2.1
2023-09-25 10:00:00,MLO,1.9
2023-09-25 11:00:00,MLO,1.6
2023-09-25 12:00:00,MLO,2.3
2023-09-25 13:00:00,MLO,2.4
2023-09-25 14:00:00,MLO,3.0
2023-09-25 15:00:00,MLO,3.7
2023-09-25 16:00:00,MLO,3.9
2023-09-25 17:00:00,MLO,2.9
2023-09-25 18:00:00,MLO,3.3
2023-09-25 19:00:00,MLO,3.2
2023-09-25 20:00:00,MLO,4.2
2023-09-25 21:00:00,MLO,4.0
2023-09-25 22:00:00,MLO,5.0
2023-09-25 23:00:00,MLO,4.9
2023-09-26 00:00:00,MLO,4.4
2023-09-26 01:00:00,MLO,3.7
2023-09-26 02:00:00,MLO,3.7
2023-09-26 03:00:00,MLO,3.3
2023-09-26 04:00:00,MLO,2.2
2023-09-26 05:00:00,MLO,2.2
2023-09-26 06:00:00,MLO,3.7
2023-09-26 07:00:00,MLO,4.4
2023-09-26 08:00:00,MLO,4.7
2023-09-26 09:00:00,MLO,3.8
2023-09-26 10:00:00,MLO,4.0
2023-09-26 11:00:00,MLO,4.1
2023-09-26 12:00:00,MLO,3.1
2023-09-26 13:00:00,MLO,2.7
2023-09-26 14:00:00,MLO,2.8
2023-09-26 15:00:00,MLO,2.4
2023-09-26 16:00:00,MLO,3.4
2023-09-26 17:00:00,MLO,3.1
2023-09-26 18:00:00,MLO,3.3
2023-09-26 19:00:00,MLO,3.8
2023-09-26 20:00:00,MLO,4.2
2023-09-26 21:00:00,MLO,3.4
2023-09-26 22:00:00,MLO,4.0
2023-09-26 23:00:00,MLO,3.2
2023-09-27 00:00:00,MLO,4.9
2023-09-27 01:00:00,MLO,4.7
2023-09-27 02:00:00,MLO,4.1
2023-09-27 03:00:00,MLO,5.0
2023-09-27 04:00:00,MLO,3.7
2023-09-27 05:00:00,MLO,4.7
2023-09-27 06:00:00,MLO,5.3
2023-09-27 07:00:00,MLO,6.3
2023-09-27 08:00:00,MLO,9.1
2023-09-27 09:00:00,MLO,10.5
2023-09-27 10:00:00,MLO,7.8
2023-09-27 11:00:00,MLO,7.6
2023-09-27 12:00:00,MLO,8.0
2023-09-27 13:00:00,MLO,8.2
2023-09-27 14:00:00,MLO,8.0
2023-09-27 15:00:00,MLO,8.0
2023-09-27 16:00:00,MLO,8.1
2023-09-27 17:00:00,MLO,7.8
2023-09-27 18:00:00,MLO,7.3
2023-09-27 19:00:00,MLO,7.6
2023-09-27 20:00:00,MLO,6.7
2023-09-27 21:00:00,MLO,7.0
2023-09-27 22:00:00,MLO,7.5
2023-09-27 23:00:00,MLO,8.3
2023-09-28 00:00:00,MLO,8.8
2023-09-28 01:00:00,MLO,8.2
2023-09-28 02:00:00,MLO,8.2
2023-09-28 03:00:00,MLO,7.2
2023-09-28 04:00:00,MLO,6.2
2023-09-28 05:00:00,MLO,6.2
2023-09-28 06:00:00,MLO,6.7
2023-09-28 07:00:00,MLO,6.5
2023-09-28 08:00:00,MLO,6.2
2023-09-28 09:00:00,MLO,7.1
2023-09-28 10:00:00,MLO,6.5
2023-09-28 11:00:00,MLO,6.7
2023-09-28 12:00:00,MLO,7.6
2023-09-28 13:00:00,MLO,7.7
2023-09-28 14:00:00,MLO,8.6
2023-09-28 15:00:00,MLO,7.4
2023-09-28 16:00:00,MLO,6.6
2023-09-28 17:00:00,MLO,5.4
2023-09-28 18:00:00,MLO,4.8
2023-09-28 19:00:00,MLO,2.3
2023-09-28 20:00:00,MLO,3.2
2023-09-28 21:00:00,MLO,3.7
2023-09-28 22:00:00,MLO,4.2
2023-09-28 23:00:00,MLO,3.8
2023-09-29 00:00:00,MLO,3.3
2023-09-29 01:00:00,MLO,3.4
2023-09-29 02:00:00,MLO,4.3
2023-09-29 03:00:00,MLO,2.5
2023-09-29 04:00:00,MLO,5.9
2023-09-29 05:00:00,MLO,6.7
2023-09-29 06:00:00,MLO,6.0
2023-09-29 07:00:00,MLO,7.2
2023-09-29 08:00:00,MLO,7.6
2023-09-29 09:00:00,MLO,7.1
2023-09-29 10:00:00,MLO,4.0
2023-09-29 11:00:00,MLO,1.0
2023-09-29 12:00:00,MLO,2.1
2023-09-29 13:00:00,MLO,2.8
2023-09-29 14:00:00,MLO,5.5
2023-09-29 15:00:00,MLO,7.2
2023-09-29 16:00:00,MLO,7.2
2023-09-29 17:00:00,MLO,5.0
2023-09-29 18:00:00,MLO,7.5
2023-09-29 19:00:00,MLO,8.7
2023-09-29 20:00:00,MLO,6.6
2023-09-29 21:00:00,MLO,5.5
2023-09-29 22:00:00,MLO,2.5
2023-09-29 23:00:00,MLO,5.1
2023-09-30 00:00:00,MLO,7.0
2023-09-30 01:00:00,MLO,7.2
2023-09-30 02:00:00,MLO,10.3
2023-09-30 03:00:00,MLO,10.4
2023-09-30 04:00:00,MLO,10.5
2023-09-30 05:00:00,MLO,6.2
2023-09-30 06:00:00,MLO,8.5
2023-09-30 07:00:00,MLO,9.9
2023-09-30 08:00:00,MLO,10.5
2023-09-30 09:00:00,MLO,9.6
2023-09-30 10:00:00,MLO,9.0
2023-09-30 11:00:00,MLO,8.7
2023-09-30 12:00:00,MLO,9.9
2023-09-30 13:00:00,MLO,8.6
2023-09-30 14:00:00,MLO,7.6
2023-09-30 15:00:00,MLO,6.6
2023-09-30 16:00:00,MLO,6.9
2023-09-30 17:00:00,MLO,4.5
2023-09-30 18:00:00,MLO,5.3
2023-09-30 19:00:00,MLO,6.1
2023-09-30 20:00:00,MLO,7.3
2023-09-30 21:00:00,MLO,7.2
2023-09-30 22:00:00,MLO,7.5
2023-09-30 23:00:00,MLO,8.5
2023-10-01 00:00:00,MLO,8.1
2023-10-01 01:00:00,MLO,7.3
2023-10-01 02:00:00,MLO,5.9
2023-10-01 03:00:00,MLO,4.5
2023-10-01 04:00:00,MLO,4.6
2023-10-01 05:00:00,MLO,5.2
2023-10-01 06:00:00,MLO,3.9
2023-10-01 07:00:00,MLO,4.5
2023-10-01 08:00:00,MLO,4.4
2023-10-01 09:00:00,MLO,3.8
2023-10-01 10:00:00,MLO,4.3
2023-10-01 11:00:00,MLO,4.3
2023-10-01 12:00:00,MLO,4.3
2023-10-01 13:00:00,MLO,4.6
2023-10-01 14:00:00,MLO,4.9
2023-10-01 15:00:00,MLO,5.2
2023-10-01 16:00:00,MLO,4.9
2023-10-01 17:00:00,MLO,2.6
2023-10-01 18:00:00,MLO,4.1
2023-10-01 19:00:00,MLO,4.9
2023-10-01 20:00:00,MLO,5.4
2023-10-01 21:00:00,MLO,6.8
2023-10-01 22:00:00,MLO,7.0
2023-10-01 23:00:00,MLO,7.5
2023-10-02 00:00:00,MLO,7.2
2023-10-02 01:00:00,MLO,6.5
2023-10-02 02:00:00,MLO,6.0
2023-10-02 03:00:00,MLO,5.7
2023-10-02 04:00:00,MLO,5.4
2023-10-02 05:00:00,MLO,1.9
2023-10-02 06:00:00,MLO,4.2
2023-10-02 07:00:00,MLO,4.6
2023-10-02 08:00:00,MLO,4.7
2023-10-02 09:00:00,MLO,5.1
2023-10-02 10:00:00,MLO,5.3
2023-10-02 11:00:00,MLO,5.7
2023-10-02 12:00:00,MLO,5.0
2023-10-02 13:00:00,MLO,5.5
2023-10-02 14:00:00,MLO,5.5
2023-10-02 15:00:00,MLO,5.0
2023-10-02 16:00:00,MLO,3.0
2023-10-02 17:00:00,MLO,1.1
2023-10-02 18:00:00,MLO,1.0
2023-10-02 19:00:00,MLO,4.3
2023-10-02 20:00:00,MLO,4.0
2023-10-02 21:00:00,MLO,3.9
2023-10-02 22:00:00,MLO,4.3
2023-10-02 23:00:00,MLO,4.8
2023-10-03 00:00:00,MLO,2.9
2023-10-03 01:00:00,MLO,2.9
2023-10-03 02:00:00,MLO,2.3
2023-10-03 03:00:00,MLO,2.1
2023-10-03 04:00:00,MLO,1.7
2023-10-03 05:00:00,MLO,0.9
2023-10-03 06:00:00,MLO,0.5
2023-10-03 07:00:00,MLO,1.6
2023-10-03 08:00:00,MLO,1.0
2023-10-03 09:00:00,MLO,1.4
2023-10-03 10:00:00,MLO,1.9
2023-10-03 11:00:00,MLO,2.0
2023-10-03 12:00:00,MLO,2.5
2023-10-03 13:00:00,MLO,2.4
2023-10-03 14:00:00,MLO,1.8
2023-10-03 15:00:00,MLO,2.0
2023-10-03 16:00:00,MLO,2.1
2023-10-03 17:00:00,MLO,0.6
2023-10-03 18:00:00,MLO,1.7
2023-10-03 19:00:00,MLO,2.2
2023-10-03 20:00:00,MLO,3.0
2023-10-03 21:00:00,MLO,3.8
2023-10-03 22:00:00,MLO,4.0
2023-10-03 23:00:00,MLO,4.3
2023-10-04 00:00:00,MLO,3.0
2023-10-04 01:00:00,MLO,3.0
2023-10-04 02:00:00,MLO,2.3
2023-10-04 03:00:00,MLO,2.5
2023-10-04 04:00:00,MLO,0.3
2023-10-04 05:00:00,MLO,4.7
2023-10-04 06:00:00,MLO,4.0
2023-10-04 07:00:00,MLO,4.7
2023-10-04 08:00:00,MLO,4.0
2023-10-04 09:00:00,MLO,4.0
2023-10-04 10:00:00,MLO,4.4
2023-10-04 11:00:00,MLO,4.4
2023-10-04 12:00:00,MLO,4.2
2023-10-04 13:00:00,MLO,4.4
2023-10-04 14:00:00,MLO,4.5
2023-10-04 15:00:00,MLO,4.2
2023-10-04 16:00:00,MLO,4.3
2023-10-04 17:00:00,MLO,2.4
2023-10-04 18:00:00,MLO,1.8
2023-10-04 19:00:00,MLO,2.1
2023-10-04 20:00:00,MLO,2.9
2023-10-04 21:00:00,MLO,3.1
2023-10-04 22:00:00,MLO,3.2
2023-10-04 23:00:00,MLO,3.5
2023-10-05 00:00:00,MLO,3.4
2023-10-05 01:00:00,MLO,3.0
2023-10-05 02:00:00,MLO,2.7
2023-10-05 03:00:00,MLO,2.1
2023-10-05 04:00:00,MLO,1.1
2023-10-05 05:00:00,MLO,1.0
2023-10-05 06:00:00,MLO,1.8
2023-10-05 07:00:00,MLO,1.9
2023-10-05 08:00:00,MLO,2.3
2023-10-05 09:00:00,MLO,2.7
2023-10-05 10:00:00,MLO,2.3
2023-10-05 11:00:00,MLO,2.9
2023-10-05 12:00:00,MLO,2.6
2023-10-05 13:00:00,MLO,3.0
2023-10-05 14:00:00,MLO,3.7
2023-10-05 15:00:00,MLO,3.4
2023-10-05 16:00:00,MLO,5.0
2023-10-05 17:00:00,MLO,3.4
2023-10-05 18:00:00,MLO,3.3
2023-10-05 19:00:00,MLO,3.6
2023-10-05 20:00:00,MLO,4.8
2023-10-05 21:00:00,MLO,6.6
2023-10-05 22:00:00,MLO,7.0
2023-10-05 23:00:00,MLO,7.1
2023-10-06 00:00:00,MLO,5.9
2023-10-06 01:00:00,MLO,4.4
2023-10-06 02:00:00,MLO,4.4
2023-10-06 03:00:00,MLO,3.0
2023-10-06 04:00:00,MLO,2.5
2023-10-06 05:00:00,MLO,2.5
2023-10-06 06:00:00,MLO,2.6
2023-10-06 07:00:00,MLO,1.9
2023-10-06 08:00:00,MLO,1.8
2023-10-06 09:00:00,MLO,2.1
2023-10-06 10:00:00,MLO,1.7
2023-10-06 11:00:00,MLO,1.8
2023-10-06 12:00:00,MLO,1.4
2023-10-06 13:00:00,MLO,2.2
2023-10-06 14:00:00,MLO,2.1
2023-10-06 15:00:00,MLO,1.8
2023-10-06 16:00:00,MLO,2.4
2023-10-06 17:00:00,MLO,0.6
2023-10-06 18:00:00,MLO,1.9
2023-10-06 19:00:00,MLO,2.3
2023-10-06 20:00:00,MLO,3.7
2023-10-06 21:00:00,MLO,4.0
2023-10-06 22:00:00,MLO,4.4
2023-10-06 23:00:00,MLO,4.8
2023-10-07 00:00:00,MLO,4.5
2023-10-07 01:00:00,MLO,4.0
2023-10-07 02:00:00,MLO,3.0
2023-10-07 03:00:00,MLO,2.7
2023-10-07 04:00:00,MLO,3.7
2023-10-07 05:00:00,MLO,3.7
2023-10-07 06:00:00,MLO,0.9
2023-10-07 07:00:00,MLO,3.0
2023-10-07 08:00:00,MLO,3.1
2023-10-07 09:00:00,MLO,4.8
2023-10-07 10:00:00,MLO,2.6
2023-10-07 11:00:00,MLO,1.9
2023-10-07 12:00:00,MLO,3.4
2023-10-07 13:00:00,MLO,3.2
2023-10-07 14:00:00,MLO,2.3
2023-10-07 15:00:00,MLO,3.2
2023-10-07 16:00:00,MLO,2.2
2023-10-07 17:00:00,MLO,1.0
2023-10-07 18:00:00,MLO,1.4
2023-10-07 19:00:00,MLO,2.3
2023-10-07 20:00:00,MLO,4.1
2023-10-07 21:00:00,MLO,4.8
2023-10-07 22:00:00,MLO,4.6
2023-10-07 23:00:00,MLO,4.7
2023-10-08 00:00:00,MLO,5.0
2023-10-08 01:00:00,MLO,4.1
2023-10-08 02:00:00,MLO,4.1
2023-10-08 03:00:00,MLO,4.4
2023-10-08 04:00:00,MLO,4.7
2023-10-08 05:00:00,MLO,4.3
2023-10-08 06:00:00,MLO,5.6
2023-10-08 07:00:00,MLO,5.0
2023-10-08 08:00:00,MLO,5.2
2023-10-08 09:00:00,MLO,5.1
2023-10-08 10:00:00,MLO,4.2
2023-10-08 11:00:00,MLO,4.4
2023-10-08 12:00:00,MLO,5.0
2023-10-08 13:00:00,MLO,5.3
2023-10-08 14:00:00,MLO,5.4
2023-10-08 15:00:00,MLO,5.3
2023-10-08 16:00:00,MLO,5.0
2023-10-08 17:00:00,MLO,3.9
2023-10-08 18:00:00,MLO,4.8
2023-10-08 19:00:00,MLO,5.0
2023-10-08 20:00:00,MLO,5.3
2023-10-08 21:00:00,MLO,5.0
2023-10-08 22:00:00,MLO,4.8
2023-10-08 23:00:00,MLO,4.6
2023-10-09 00:00:00,MLO,4.1
2023-10-09 01:00:00,MLO,3.7
2023-10-09 02:00:00,MLO,3.3
2023-10-09 03:00:00,MLO,3.1
2023-10-09 04:00:00,MLO,2.4
2023-10-09 05:00:00,MLO,3.1
2023-10-09 06:00:00,MLO,4.6
2023-10-09 07:00:00,MLO,7.1
2023-10-09 08:00:00,MLO,7.2
2023-10-09 09:00:00,MLO,5.4
2023-10-09 10:00:00,MLO,3.3
2023-10-09 11:00:00,MLO,2.5
2023-10-09 12:00:00,MLO,7.5
2023-10-09 13:00:00,MLO,7.9
2023-10-09 14:00:00,MLO,6.8
2023-10-09 15:00:00,MLO,5.8
2023-10-09 16:00:00,MLO,5.1
2023-10-09 17:00:00,MLO,3.4
2023-10-09 18:00:00,MLO,2.7
2023-10-09 19:00:00,MLO,2.6
2023-10-09 20:00:00,MLO,3.9
2023-10-09 21:00:00,MLO,4.3
2023-10-09 22:00:00,MLO,5.4
2023-10-09 23:00:00,MLO,5.6
2023-10-10 00:00:00,MLO,6.6
2023-10-10 01:00:00,MLO,4.8
2023-10-10 02:00:00,MLO,4.3
2023-10-10 03:00:00,MLO,1.9
2023-10-10 04:00:00,MLO,1.0
2023-10-10 05:00:00,MLO,0.9
2023-10-10 06:00:00,MLO,3.4
2023-10-10 07:00:00,MLO,5.3
2023-10-10 08:00:00,MLO,4.5
2023-10-10 09:00:00,MLO,4.5
2023-10-10 10:00:00,MLO,4.3
2023-10-10 11:00:00,MLO,5.3
2023-10-10 12:00:00,MLO,4.4
2023-10-10 13:00:00,MLO,4.8
2023-10-10 14:00:00,MLO,5.4
2023-10-10 15:00:00,MLO,6.2
2023-10-10 16:00:00,MLO,6.4
2023-10-10 17:00:00,MLO,3.9
2023-10-10 18:00:00,MLO,3.7
2023-10-10 19:00:00,MLO,4.2
2023-10-10 20:00:00,MLO,5.2
2023-10-10 21:00:00,MLO,5.4
2023-10-10 22:00:00,MLO,4.7
2023-10-10 23:00:00,MLO,3.7
2023-10-11 00:00:00,MLO,3.7
2023-10-11 01:00:00,MLO,3.0
2023-10-11 02:00:00,MLO,2.7
2023-10-11 03:00:00,MLO,2.2
2023-10-11 04:00:00,MLO,1.5
2023-10-11 05:00:00,MLO,3.0
2023-10-11 06:00:00,MLO,3.7
2023-10-11 07:00:00,MLO,4.6
2023-10-11 08:00:00,MLO,4.6
2023-10-11 09:00:00,MLO,5.2
2023-10-11 10:00:00,MLO,5.9
2023-10-11 11:00:00,MLO,5.8
2023-10-11 12:00:00,MLO,6.4
2023-10-11 13:00:00,MLO,5.9
2023-10-11 14:00:00,MLO,4.7
2023-10-11 15:00:00,MLO,4.1
2023-10-11 16:00:00,MLO,4.5
2023-10-11 17:00:00,MLO,3.8
2023-10-11 18:00:00,MLO,4.2
2023-10-11 19:00:00,MLO,5.9
2023-10-11 20:00:00,MLO,5.7
2023-10-11 21:00:00,MLO,5.6
2023-10-11 22:00:00,MLO,4.6
2023-10-11 23:00:00,MLO,4.4
2023-10-12 00:00:00,MLO,4.9
2023-10-12 01:00:00,MLO,5.0
2023-10-12 02:00:00,MLO,4.4
2023-10-12 03:00:00,MLO,3.4
2023-10-12 04:00:00,MLO,1.9
2023-10-12 05:00:00,MLO,1.5
2023-10-12 06:00:00,MLO,3.0
2023-10-12 07:00:00,MLO,3.8
2023-10-12 08:00:00,MLO,4.6
2023-10-12 09:00:00,MLO,3.3
2023-10-12 10:00:00,MLO,2.5
2023-10-12 11:00:00,MLO,3.4
2023-10-12 12:00:00,MLO,3.0
2023-10-12 13:00:00,MLO,3.4
2023-10-12 14:00:00,MLO,3.3
2023-10-12 15:00:00,MLO,5.3
2023-10-12 16:00:00,MLO,6.1
2023-10-12 17:00:00,MLO,4.5
2023-10-12 18:00:00,MLO,5.2
2023-10-12 19:00:00,MLO,5.4
2023-10-12 20:00:00,MLO,5.0
2023-10-12 21:00:00,MLO,5.7
2023-10-12 22:00:00,MLO,6.1
2023-10-12 23:00:00,MLO,5.5
2023-10-13 00:00:00,MLO,5.4
2023-10-13 01:00:00,MLO,5.7
2023-10-13 02:00:00,MLO,6.1
2023-10-13 03:00:00,MLO,6.2
2023-10-13 04:00:00,MLO,6.3
2023-10-13 05:00:00,MLO,7.2
2023-10-13 06:00:00,MLO,6.9
2023-10-13 07:00:00,MLO,6.8
2023-10-13 08:00:00,MLO,7.9
2023-10-13 09:00:00,MLO,9.3
2023-10-13 10:00:00,MLO,9.3
2023-10-13 11:00:00,MLO,9.0
2023-10-13 12:00:00,MLO,9.0
2023-10-13 13:00:00,MLO,8.8
2023-10-13 14:00:00,MLO,7.9
2023-10-13 15:00:00,MLO,8.9
2023-10-13 16:00:00,MLO,7.5
2023-10-13 17:00:00,MLO,3.9
2023-10-13 18:00:00,MLO,3.7
2023-10-13 19:00:00,MLO,4.3
2023-10-13 20:00:00,MLO,5.5
2023-10-13 21:00:00,MLO,5.5
2023-10-13 22:00:00,MLO,6.0
2023-10-13 23:00:00,MLO,5.9
2023-10-14 00:00:00,MLO,4.9
2023-10-14 01:00:00,MLO,5.2
2023-10-14 02:00:00,MLO,5.2
2023-10-14 03:00:00,MLO,4.6
2023-10-14 04:00:00,MLO,4.4
2023-10-14 05:00:00,MLO,4.9
2023-10-14 06:00:00,MLO,5.3
2023-10-14 07:00:00,MLO,5.6
2023-10-14 08:00:00,MLO,5.7
2023-10-14 09:00:00,MLO,6.1
2023-10-14 10:00:00,MLO,4.7
2023-10-14 11:00:00,MLO,4.4
2023-10-14 12:00:00,MLO,4.7
2023-10-14 13:00:00,MLO,4.5
2023-10-14 14:00:00,MLO,4.5
2023-10-14 15:00:00,MLO,4.8
2023-10-14 16:00:00,MLO,4.6
2023-10-14 17:00:00,MLO,3.9
2023-10-14 18:00:00,MLO,3.6
2023-10-14 19:00:00,MLO,4.0
2023-10-14 20:00:00,MLO,3.9
2023-10-14 21:00:00,MLO,4.6
2023-10-14 22:00:00,MLO,4.0
2023-10-14 23:00:00,MLO,4.2
2023-10-15 00:00:00,MLO,4.2
2023-10-15 01:00:00,MLO,3.8
2023-10-15 02:00:00,MLO,3.1
2023-10-15 03:00:00,MLO,2.2
2023-10-15 04:00:00,MLO,2.3
2023-10-15 05:00:00,MLO,2.0
2023-10-15 06:00:00,MLO,1.7
2023-10-15 07:00:00,MLO,2.9
2023-10-15 08:00:00,MLO,3.6
2023-10-15 09:00:00,MLO,3.2
2023-10-15 10:00:00,MLO,3.3
2023-10-15 11:00:00,MLO,2.6
2023-10-15 12:00:00,MLO,2.8
2023-10-15 13:00:00,MLO,2.8
2023-10-15 14:00:00,MLO,3.2
2023-10-15 15:00:00,MLO,3.2
2023-10-15 16:00:00,MLO,3.8
2023-10-15 17:00:00,MLO,3.1
2023-10-15 18:00:00,MLO,3.7
2023-10-15 19:00:00,MLO,4.2
2023-10-15 20:00:00,MLO,4.3
2023-10-15 21:00:00,MLO,4.1
2023-10-15 22:00:00,MLO,4.0
2023-10-15 23:00:00,MLO,5.2
2023-10-16 00:00:00,MLO,5.0
2023-10-16 01:00:00,MLO,5.1
2023-10-16 02:00:00,MLO,3.0
2023-10-16 03:00:00,MLO,2.3
2023-10-16 04:00:00,MLO,3.6
2023-10-16 05:00:00,MLO,3.4
2023-10-16 06:00:00,MLO,4.6
2023-10-16 07:00:00,MLO,5.4
2023-10-16 08:00:00,MLO,6.7
2023-10-16 09:00:00,MLO,7.0
2023-10-16 10:00:00,MLO,7.0
2023-10-16 11:00:00,MLO,7.5
2023-10-16 12:00:00,MLO,7.0
2023-10-16 13:00:00,MLO,6.5
2023-10-16 14:00:00,MLO,6.6
2023-10-16 15:00:00,MLO,6.8
2023-10-16 16:00:00,MLO,6.3
2023-10-16 17:00:00,MLO,5.5
2023-10-16 18:00:00,MLO,5.4
2023-10-16 19:00:00,MLO,5.9
2023-10-16 20:00:00,MLO,4.5
2023-10-16 21:00:00,MLO,5.3
2023-10-16 22:00:00,MLO,6.3
2023-10-16 23:00:00,MLO,7.0
2023-10-17 00:00:00,MLO,5.3
2023-10-17 01:00:00,MLO,4.5
2023-10-17 02:00:00,MLO,3.7
2023-10-17 03:00:00,MLO,4.6
2023-10-17 04:00:00,MLO,5.0
2023-10-17 05:00:00,MLO,5.9
2023-10-17 06:00:00,MLO,4.9
2023-10-17 07:00:00,MLO,5.7
2023-10-17 08:00:00,MLO,6.6
2023-10-17 09:00:00,MLO,6.9
2023-10-17 10:00:00,MLO,7.5
2023-10-17 11:00:00,MLO,7.1
2023-10-17 12:00:00,MLO,7.2
2023-10-17 13:00:00,MLO,7.2
2023-10-17 14:00:00,MLO,6.1
2023-10-17 15:00:00,MLO,6.5
2023-10-17 16:00:00,MLO,4.6
2023-10-17 17:00:00,MLO,1.1
2023-10-17 18:00:00,MLO,2.7
2023-10-17 19:00:00,MLO,5.4
2023-10-17 20:00:00,MLO,5.6
2023-10-17 21:00:00,MLO,5.3
2023-10-17 22:00:00,MLO,5.1
2023-10-17 23:00:00,MLO,4.5
2023-10-18 00:00:00,MLO,4.1
2023-10-18 01:00:00,MLO,3.7
2023-10-18 02:00:00,MLO,3.0
2023-10-18 03:00:00,MLO,3.0
2023-10-18 04:00:00,MLO,2.3
2023-10-18 05:00:00,MLO,2.1
2023-10-18 06:00:00,MLO,3.1
2023-10-18 07:00:00,MLO,3.8
2023-10-18 08:00:00,MLO,4.7
2023-10-18 09:00:00,MLO,5.1
2023-10-18 10:00:00,MLO,5.1
2023-10-18 11:00:00,MLO,4.9
2023-10-18 12:00:00,MLO,4.8
2023-10-18 13:00:00,MLO,4.8
2023-10-18 14:00:00,MLO,5.7
2023-10-18 15:00:00,MLO,5.3
2023-10-18 16:00:00,MLO,5.7
2023-10-18 17:00:00,MLO,5.0
2023-10-18 18:00:00,MLO,5.3
2023-10-18 19:00:00,MLO,5.4
2023-10-18 20:00:00,MLO,5.9
2023-10-18 21:00:00,MLO,6.0
2023-10-18 22:00:00,MLO,5.9
2023-10-18 23:00:00,MLO,5.8
2023-10-19 00:00:00,MLO,6.2
2023-10-19 01:00:00,MLO,5.6
2023-10-19 02:00:00,MLO,4.5
2023-10-19 03:00:00,MLO,4.8
2023-10-19 04:00:00,MLO,4.5
2023-10-19 05:00:00,MLO,4.8
2023-10-19 06:00:00,MLO,4.3
2023-10-19 07:00:00,MLO,4.5
2023-10-19 08:00:00,MLO,4.7
2023-10-19 09:00:00,MLO,3.8
2023-10-19 10:00:00,MLO,4.2
2023-10-19 11:00:00,MLO,4.7
2023-10-19 12:00:00,MLO,4.1
2023-10-19 13:00:00,MLO,4.2
2023-10-19 14:00:00,MLO,4.2
2023-10-19 15:00:00,MLO,4.8
2023-10-19 16:00:00,MLO,4.6
2023-10-19 17:00:00,MLO,4.4
2023-10-19 18:00:00,MLO,4.1
2023-10-19 19:00:00,MLO,5.2
2023-10-19 20:00:00,MLO,6.0
2023-10-19 21:00:00,MLO,5.6
2023-10-19 22:00:00,MLO,5.3
2023-10-19 23:00:00,MLO,6.5
2023-10-20 00:00:00,MLO,6.7
2023-10-20 01:00:00,MLO,5.5
2023-10-20 02:00:00,MLO,5.4
2023-10-20 03:00:00,MLO,5.7
2023-10-20 04:00:00,MLO,5.9
2023-10-20 05:00:00,MLO,6.1
2023-10-20 06:00:00,MLO,6.0
2023-10-20 07:00:00,MLO,5.9
2023-10-20 08:00:00,MLO,5.6
2023-10-20 09:00:00,MLO,5.9
2023-10-20 10:00:00,MLO,5.4
2023-10-20 11:00:00,MLO,4.8
2023-10-20 12:00:00,MLO,5.2
2023-10-20 13:00:00,MLO,6.0
2023-10-20 14:00:00,MLO,3.5
2023-10-20 15:00:00,MLO,2.9
2023-10-20 16:00:00,MLO,2.2
2023-10-20 17:00:00,MLO,0.9
2023-10-20 18:00:00,MLO,1.7
2023-10-20 19:00:00,MLO,3.6
2023-10-20 20:00:00,MLO,4.1
2023-10-20 21:00:00,MLO,3.6
2023-10-20 22:00:00,MLO,3.9
2023-10-20 23:00:00,MLO,3.6
2023-10-21 00:00:00,MLO,3.5
2023-10-21 01:00:00,MLO,3.0
2023-10-21 02:00:00,MLO,2.8
2023-10-21 03:00:00,MLO,0.9
2023-10-21 04:00:00,MLO,1.8
2023-10-21 05:00:00,MLO,2.1
2023-10-21 06:00:00,MLO,2.5
2023-10-21 07:00:00,MLO,1.7
2023-10-21 08:00:00,MLO,2.5
2023-10-21 09:00:00,MLO,2.2
2023-10-21 10:00:00,MLO,4.1
2023-10-21 11:00:00,MLO,5.4
2023-10-21 12:00:00,MLO,5.5
2023-10-21 13:00:00,MLO,4.5
2023-10-21 14:00:00,MLO,3.2
2023-10-21 15:00:00,MLO,3.6
2023-10-21 16:00:00,MLO,4.3
2023-10-21 17:00:00,MLO,2.4
2023-10-21 18:00:00,MLO,1.7
2023-10-21 19:00:00,MLO,2.1
2023-10-21 20:00:00,MLO,3.1
2023-10-21 21:00:00,MLO,3.1
2023-10-21 22:00:00,MLO,3.4
2023-10-21 23:00:00,MLO,3.3
2023-10-22 00:00:00,MLO,4.2
2023-10-22 01:00:00,MLO,2.8
2023-10-22 02:00:00,MLO,3.1
2023-10-22 03:00:00,MLO,1.8
2023-10-22 04:00:00,MLO,0.6
2023-10-22 05:00:00,MLO,1.5
2023-10-22 06:00:00,MLO,0.3
2023-10-22 07:00:00,MLO,1.2
2023-10-22 08:00:00,MLO,1.2
2023-10-22 09:00:00,MLO,1.2
2023-10-22 10:00:00,MLO,0.1
2023-10-22 11:00:00,MLO,4.3
2023-10-22 12:00:00,MLO,10.6
2023-10-22 13:00:00,MLO,12.0
2023-10-22 14:00:00,MLO,10.4
2023-10-22 15:00:00,MLO,8.1
2023-10-22 16:00:00,MLO,8.0
2023-10-22 17:00:00,MLO,5.6
2023-10-22 18:00:00,MLO,3.1
2023-10-22 19:00:00,MLO,1.8
2023-10-22 20:00:00,MLO,4.6
2023-10-22 21:00:00,MLO,2.7
2023-10-22 22:00:00,MLO,7.7
2023-10-22 23:00:00,MLO,7.6
2023-10-23 00:00:00,MLO,6.5
2023-10-23 01:00:00,MLO,7.6
2023-10-23 02:00:00,MLO,6.6
2023-10-23 03:00:00,MLO,5.9
2023-10-23 04:00:00,MLO,4.4
2023-10-23 05:00:00,MLO,6.8
2023-10-23 06:00:00,MLO,6.2
2023-10-23 07:00:00,MLO,2.2
2023-10-23 08:00:00,MLO,0.8
2023-10-23 09:00:00,MLO,1.1
2023-10-23 10:00:00,MLO,0.7
2023-10-23 11:00:00,MLO,1.2
2023-10-23 12:00:00,MLO,0.9
2023-10-23 13:00:00,MLO,1.4
2023-10-23 14:00:00,MLO,1.0
2023-10-23 15:00:00,MLO,3.3
2023-10-23 16:00:00,MLO,3.9
2023-10-23 17:00:00,MLO,6.3
2023-10-23 18:00:00,MLO,3.3
2023-10-23 19:00:00,MLO,2.8
2023-10-23 20:00:00,MLO,3.4
2023-10-23 21:00:00,MLO,3.2
2023-10-23 22:00:00,MLO,2.7
2023-10-23 23:00:00,MLO,2.8
2023-10-24 00:00:00,MLO,1.5
2023-10-24 01:00:00,MLO,5.3
2023-10-24 02:00:00,MLO,4.7
2023-10-24 03:00:00,MLO,5.3
2023-10-24 04:00:00,MLO,8.9
2023-10-24 05:00:00,MLO,9.1
2023-10-24 06:00:00,MLO,9.2
2023-10-24 07:00:00,MLO,10.5
2023-10-24 08:00:00,MLO,9.7
2023-10-24 09:00:00,MLO,10.6
2023-10-24 10:00:00,MLO,13.3
2023-10-24 11:00:00,MLO,10.6
2023-10-24 12:00:00,MLO,9.4
2023-10-24 13:00:00,MLO,9.5
2023-10-24 14:00:00,MLO,9.7
2023-10-24 15:00:00,MLO,10.4
2023-10-24 16:00:00,MLO,10.2
2023-10-24 17:00:00,MLO,9.0
2023-10-24 18:00:00,MLO,8.7
2023-10-24 19:00:00,MLO,7.3
2023-10-24 20:00:00,MLO,7.4
2023-10-24 21:00:00,MLO,6.7
2023-10-24 22:00:00,MLO,7.2
2023-10-24 23:00:00,MLO,7.7
2023-10-25 00:00:00,MLO,7.7
2023-10-25 01:00:00,MLO,7.4
2023-10-25 02:00:00,MLO,8.2
2023-10-25 03:00:00,MLO,2.7
2023-10-25 04:00:00,MLO,4.6
2023-10-25 05:00:00,MLO,4.2
2023-10-25 06:00:00,MLO,1.9
2023-10-25 07:00:00,MLO,1.4
2023-10-25 08:00:00,MLO,1.0
2023-10-25 09:00:00,MLO,2.9
2023-10-25 10:00:00,MLO,2.8
2023-10-25 11:00:00,MLO,4.9
2023-10-25 12:00:00,MLO,1.5
2023-10-25 13:00:00,MLO,4.9
2023-10-25 14:00:00,MLO,6.6
2023-10-25 15:00:00,MLO,7.4
2023-10-25 16:00:00,MLO,7.3
2023-10-25 17:00:00,MLO,7.2
2023-10-25 18:00:00,MLO,7.2
2023-10-25 19:00:00,MLO,7.0
2023-10-25 20:00:00,MLO,7.4
2023-10-25 21:00:00,MLO,6.9
2023-10-25 22:00:00,MLO,6.1
2023-10-25 23:00:00,MLO,6.2
2023-10-26 00:00:00,MLO,6.1
2023-10-26 01:00:00,MLO,5.2
2023-10-26 02:00:00,MLO,4.3
2023-10-26 03:00:00,MLO,4.5
2023-10-26 04:00:00,MLO,4.6
2023-10-26 05:00:00,MLO,4.3
2023-10-26 06:00:00,MLO,4.7
2023-10-26 07:00:00,MLO,3.8
2023-10-26 08:00:00,MLO,3.5
2023-10-26 09:00:00,MLO,4.2
2023-10-26 10:00:00,MLO,5.0
2023-10-26 11:00:00,MLO,5.5
2023-10-26 12:00:00,MLO,5.4
2023-10-26 13:00:00,MLO,5.2
2023-10-26 14:00:00,MLO,4.9
2023-10-26 15:00:00,MLO,4.9
2023-10-26 16:00:00,MLO,4.8
2023-10-26 17:00:00,MLO,3.3
2023-10-26 18:00:00,MLO,2.6
2023-10-26 19:00:00,MLO,2.9
2023-10-26 20:00:00,MLO,3.1
2023-10-26 21:00:00,MLO,4.0
2023-10-26 22:00:00,MLO,3.9
2023-10-26 23:00:00,MLO,4.0
2023-10-27 00:00:00,MLO,3.9
2023-10-27 01:00:00,MLO,3.6
2023-10-27 02:00:00,MLO,2.9
2023-10-27 03:00:00,MLO,2.4
2023-10-27 04:00:00,MLO,0.8
2023-10-27 05:00:00,MLO,1.7
2023-10-27 06:00:00,MLO,2.2
2023-10-27 07:00:00,MLO,2.3
2023-10-27 08:00:00,MLO,1.7
2023-10-27 09:00:00,MLO,3.1
2023-10-27 10:00:00,MLO,3.5
2023-10-27 11:00:00,MLO,3.0
2023-10-27 12:00:00,MLO,2.3
2023-10-27 13:00:00,MLO,2.1
2023-10-27 14:00:00,MLO,3.9
2023-10-27 15:00:00,MLO,4.7
2023-10-27 16:00:00,MLO,4.5
2023-10-27 17:00:00,MLO,3.0
2023-10-27 18:00:00,MLO,2.0
2023-10-27 19:00:00,MLO,2.6
2023-10-27 20:00:00,MLO,3.0
2023-10-27 21:00:00,MLO,3.6
2023-10-27 22:00:00,MLO,3.6
2023-10-27 23:00:00,MLO,3.6
2023-10-28 00:00:00,MLO,3.2
2023-10-28 01:00:00,MLO,3.2
2023-10-28 02:00:00,MLO,2.9
2023-10-28 03:00:00,MLO,2.6
2023-10-28 04:00:00,MLO,2.0
2023-10-28 05:00:00,MLO,2.0
2023-10-28 06:00:00,MLO,1.8
2023-10-28 07:00:00,MLO,1.6
2023-10-28 08:00:00,MLO,2.1
2023-10-28 09:00:00,MLO,2.2
2023-10-28 10:00:00,MLO,2.6
2023-10-28 11:00:00,MLO,1.5
2023-10-28 12:00:00,MLO,1.8
2023-10-28 13:00:00,MLO,2.6
2023-10-28 14:00:00,MLO,4.1
2023-10-28 15:00:00,MLO,3.4
2023-10-28 16:00:00,MLO,4.3
2023-10-28 17:00:00,MLO,2.1
2023-10-28 18:00:00,MLO,1.0
2023-10-28 19:00:00,MLO,1.9
2023-10-28 20:00:00,MLO,3.1
2023-10-28 21:00:00,MLO,3.3
2023-10-28 22:00:00,MLO,3.7
2023-10-28 23:00:00,MLO,3.7
2023-10-29 00:00:00,MLO,3.1
2023-10-29 01:00:00,MLO,3.0
2023-10-29 02:00:00,MLO,2.4
2023-10-29 03:00:00,MLO,1.4
2023-10-29 04:00:00,MLO,0.4
2023-10-29 05:00:00,MLO,1.7
2023-10-29 06:00:00,MLO,1.7
2023-10-29 07:00:00,MLO,1.8
2023-10-29 08:00:00,MLO,2.5
2023-10-29 09:00:00,MLO,2.0
2023-10-29 10:00:00,MLO,3.6
2023-10-29 11:00:00,MLO,3.7
2023-10-29 12:00:00,MLO,3.9
2023-10-29 13:00:00,MLO,3.6
2023-10-29 14:00:00,MLO,4.2
2023-10-29 15:00:00,MLO,3.5
2023-10-29 16:00:00,MLO,4.1
2023-10-29 17:00:00,MLO,2.9
2023-10-29 18:00:00,MLO,1.0
2023-10-29 19:00:00,MLO,2.0
2023-10-29 20:00:00,MLO,2.3
2023-10-29 21:00:00,MLO,3.2
2023-10-29 22:00:00,MLO,3.6
2023-10-29 23:00:00,MLO,4.0
2023-10-30 00:00:00,MLO,3.8
2023-10-30 01:00:00,MLO,2.8
2023-10-30 02:00:00,MLO,2.6
2023-10-30 03:00:00,MLO,1.5
2023-10-30 04:00:00,MLO,0.6
2023-10-30 05:00:00,MLO,1.0
2023-10-30 06:00:00,MLO,3.3
2023-10-30 07:00:00,MLO,2.8
2023-10-30 08:00:00,MLO,2.9
2023-10-30 09:00:00,MLO,3.8
2023-10-30 10:00:00,MLO,3.8
2023-10-30 11:00:00,MLO,3.7
2023-10-30 12:00:00,MLO,4.0
2023-10-30 13:00:00,MLO,3.2
2023-10-30 14:00:00,MLO,3.3
2023-10-30 15:00:00,MLO,3.9
2023-10-30 16:00:00,MLO,4.5
2023-10-30 17:00:00,MLO,2.5
2023-10-30 18:00:00,MLO,1.1
2023-10-30 19:00:00,MLO,2.0
2023-10-30 20:00:00,MLO,2.6
2023-10-30 21:00:00,MLO,3.6
2023-10-30 22:00:00,MLO,3.4
2023-10-30 23:00:00,MLO,3.5
2023-10-31 00:00:00,MLO,3.7
2023-10-31 01:00:00,MLO,2.4
2023-10-31 02:00:00,MLO,1.7
2023-10-31 03:00:00,MLO,0.9
2023-10-31 04:00:00,MLO,0.7
2023-10-31 05:00:00,MLO,0.8
2023-10-31 06:00:00,MLO,1.2
2023-10-31 07:00:00,MLO,3.9
2023-10-31 08:00:00,MLO,2.2
2023-10-31 09:00:00,MLO,4.5
2023-10-31 10:00:00,MLO,4.8
2023-10-31 11:00:00,MLO,5.4
2023-10-31 12:00:00,MLO,5.9
2023-10-31 13:00:00,MLO,6.0
2023-10-31 14:00:00,MLO,5.8
2023-10-31 15:00:00,MLO,5.7
2023-10-31 16:00:00,MLO,5.2
2023-10-31 17:00:00,MLO,4.5
2023-10-31 18:00:00,MLO,1.8
2023-10-31 19:00:00,MLO,2.2
2023-10-31 20:00:00,MLO,2.4
2023-10-31 21:00:00,MLO,3.1
2023-10-31 22:00:00,MLO,3.6
2023-10-31 23:00:00,MLO,3.4
2023-11-01 00:00:00,MLO,3.5
2023-11-01 01:00:00,MLO,3.1
2023-11-01 02:00:00,MLO,2.4
2023-11-01 03:00:00,MLO,1.3
2023-11-01 04:00:00,MLO,2.6
2023-11-01 05:00:00,MLO,3.4
2023-11-01 06:00:00,MLO,4.1
2023-11-01 07:00:00,MLO,4.8
2023-11-01 08:00:00,MLO,4.8
2023-11-01 09:00:00,MLO,5.3
2023-11-01 10:00:00,MLO,4.2
2023-11-01 11:00:00,MLO,2.6
2023-11-01 12:00:00,MLO,4.6
2023-11-01 13:00:00,MLO,5.4
2023-11-01 14:00:00,MLO,4.7
2023-11-01 15:00:00,MLO,5.3
2023-11-01 16:00:00,MLO,3.8
2023-11-01 17:00:00,MLO,1.4
2023-11-01 18:00:00,MLO,1.1
2023-11-01 19:00:00,MLO,1.6
2023-11-01 20:00:00,MLO,2.8
2023-11-01 21:00:00,MLO,3.0
2023-11-01 22:00:00,MLO,3.5
2023-11-01 23:00:00,MLO,3.5
2023-11-02 00:00:00,MLO,3.5
2023-11-02 01:00:00,MLO,3.1
2023-11-02 02:00:00,MLO,2.9
2023-11-02 03:00:00,MLO,1.5
2023-11-02 04:00:00,MLO,1.4
2023-11-02 05:00:00,MLO,2.8
2023-11-02 06:00:00,MLO,3.5
2023-11-02 07:00:00,MLO,3.1
2023-11-02 08:00:00,MLO,3.5
2023-11-02 09:00:00,MLO,4.0
2023-11-02 10:00:00,MLO,3.7
2023-11-02 11:00:00,MLO,3.7
2023-11-02 12:00:00,MLO,3.2
2023-11-02 13:00:00,MLO,2.9
2023-11-02 14:00:00,MLO,2.9
2023-11-02 15:00:00,MLO,3.0
2023-11-02 16:00:00,MLO,3.3
2023-11-02 17:00:00,MLO,2.5
2023-11-02 18:00:00,MLO,2.4
2023-11-02 19:00:00,MLO,3.0
2023-11-02 20:00:00,MLO,3.8
2023-11-02 21:00:00,MLO,4.1
2023-11-02 22:00:00,MLO,3.6
2023-11-02 23:00:00,MLO,4.6
2023-11-03 00:00:00,MLO,4.0
2023-11-03 01:00:00,MLO,4.3
2023-11-03 02:00:00,MLO,2.8
2023-11-03 03:00:00,MLO,3.0
2023-11-03 04:00:00,MLO,2.5
2023-11-03 05:00:00,MLO,2.8
2023-11-03 06:00:00,MLO,4.8
2023-11-03 07:00:00,MLO,5.5
2023-11-03 08:00:00,MLO,4.7
2023-11-03 09:00:00,MLO,4.8
2023-11-03 10:00:00,MLO,4.3
2023-11-03 11:00:00,MLO,4.0
2023-11-03 12:00:00,MLO,4.4
2023-11-03 13:00:00,MLO,5.1
2023-11-03 14:00:00,MLO,5.8
2023-11-03 15:00:00,MLO,6.8
2023-11-03 16:00:00,MLO,7.6
2023-11-03 17:00:00,MLO,5.5
2023-11-03 18:00:00,MLO,5.3
2023-11-03 19:00:00,MLO,6.2
2023-11-03 20:00:00,MLO,5.8
2023-11-03 21:00:00,MLO,5.5
2023-11-03 22:00:00,MLO,7.2
2023-11-03 23:00:00,MLO,6.9
2023-11-04 00:00:00,MLO,7.3
2023-11-04 01:00:00,MLO,7.0
2023-11-04 02:00:00,MLO,5.8
2023-11-04 03:00:00,MLO,5.6
2023-11-04 04:00:00,MLO,6.3
2023-11-04 05:00:00,MLO,7.3
2023-11-04 06:00:00,MLO,7.8
2023-11-04 07:00:00,MLO,8.4
2023-11-04 08:00:00,MLO,7.9
2023-11-04 09:00:00,MLO,8.1
2023-11-04 10:00:00,MLO,9.1
2023-11-04 11:00:00,MLO,8.4
2023-11-04 12:00:00,MLO,9.0
2023-11-04 13:00:00,MLO,9.7
2023-11-04 14:00:00,MLO,8.9
2023-11-04 15:00:00,MLO,9.4
2023-11-04 16:00:00,MLO,9.5
2023-11-04 17:00:00,MLO,9.9
2023-11-04 18:00:00,MLO,10.0
2023-11-04 19:00:00,MLO,9.9
2023-11-04 20:00:00,MLO,9.3
2023-11-04 21:00:00,MLO,9.1
2023-11-04 22:00:00,MLO,7.9
2023-11-04 23:00:00,MLO,7.5
2023-11-05 00:00:00,MLO,8.0
2023-11-05 01:00:00,MLO,7.7
2023-11-05 02:00:00,MLO,7.5
2023-11-05 03:00:00,MLO,6.9
2023-11-05 04:00:00,MLO,6.9
2023-11-05 05:00:00,MLO,7.0
2023-11-05 06:00:00,MLO,7.7
2023-11-05 07:00:00,MLO,7.3
2023-11-05 08:00:00,MLO,7.3
2023-11-05 09:00:00,MLO,8.6
2023-11-05 10:00:00,MLO,9.4
2023-11-05 11:00:00,MLO,10.0
2023-11-05 12:00:00,MLO,9.4
2023-11-05 13:00:00,MLO,10.4
2023-11-05 14:00:00,MLO,11.1
2023-11-05 15:00:00,MLO,10.9
2023-11-05 16:00:00,MLO,10.7
2023-11-05 17:00:00,MLO,9.6
2023-11-05 18:00:00,MLO,9.5
2023-11-05 19:00:00,MLO,10.1
2023-11-05 20:00:00,MLO,10.0
2023-11-05 21:00:00,MLO,9.2
2023-11-05 22:00:00,MLO,9.0
2023-11-05 23:00:00,MLO,8.7
2023-11-06 00:00:00,MLO,8.1
2023-11-06 01:00:00,MLO,8.0
2023-11-06 02:00:00,MLO,8.4
2023-11-06 03:00:00,MLO,7.7
2023-11-06 04:00:00,MLO,6.9
2023-11-06 05:00:00,MLO,7.1
2023-11-06 06:00:00,MLO,7.8
2023-11-06 07:00:00,MLO,7.8
2023-11-06 08:00:00,MLO,8.2
2023-11-06 09:00:00,MLO,8.9
2023-11-06 10:00:00,MLO,10.0
2023-11-06 11:00:00,MLO,10.3
2023-11-06 12:00:00,MLO,9.8
2023-11-06 13:00:00,MLO,9.6
2023-11-06 14:00:00,MLO,9.7
2023-11-06 15:00:00,MLO,10.1
2023-11-06 16:00:00,MLO,10.8
2023-11-06 17:00:00,MLO,10.8
2023-11-06 18:00:00,MLO,11.3
2023-11-06 19:00:00,MLO,10.9
2023-11-06 20:00:00,MLO,11.1
2023-11-06 21:00:00,MLO,10.8
2023-11-06 22:00:00,MLO,10.6
2023-11-06 23:00:00,MLO,10.7
2023-11-07 00:00:00,MLO,10.5
2023-11-07 01:00:00,MLO,10.3
2023-11-07 02:00:00,MLO,10.6
2023-11-07 03:00:00,MLO,11.6
2023-11-07 04:00:00,MLO,13.4
2023-11-07 05:00:00,MLO,12.4
2023-11-07 06:00:00,MLO,11.4
2023-11-07 07:00:00,MLO,12.4
2023-11-07 08:00:00,MLO,10.0
2023-11-07 09:00:00,MLO,9.3
2023-11-07 10:00:00,MLO,7.9
2023-11-07 11:00:00,MLO,6.5
2023-11-07 12:00:00,MLO,6.5
2023-11-07 13:00:00,MLO,5.9
2023-11-07 14:00:00,MLO,5.7
2023-11-07 15:00:00,MLO,6.1
2023-11-07 16:00:00,MLO,6.3
2023-11-07 17:00:00,MLO,5.6
2023-11-07 18:00:00,MLO,6.5
2023-11-07 19:00:00,MLO,7.8
2023-11-07 20:00:00,MLO,6.6
2023-11-07 21:00:00,MLO,6.7
2023-11-07 22:00:00,MLO,6.5
2023-11-07 23:00:00,MLO,4.1
2023-11-08 00:00:00,MLO,2.7
2023-11-08 01:00:00,MLO,2.3
2023-11-08 02:00:00,MLO,1.0
2023-11-08 03:00:00,MLO,8.4
2023-11-08 04:00:00,MLO,8.1
2023-11-08 05:00:00,MLO,4.2
2023-11-08 06:00:00,MLO,6.3
2023-11-08 07:00:00,MLO,3.3
2023-11-08 08:00:00,MLO,3.0
2023-11-08 09:00:00,MLO,3.1
2023-11-08 10:00:00,MLO,3.1
2023-11-08 11:00:00,MLO,3.4
2023-11-08 12:00:00,MLO,3.3
2023-11-08 13:00:00,MLO,5.1
2023-11-08 14:00:00,MLO,6.0
2023-11-08 15:00:00,MLO,6.0
2023-11-08 16:00:00,MLO,3.9
2023-11-08 17:00:00,MLO,3.4
2023-11-08 18:00:00,MLO,1.8
2023-11-08 19:00:00,MLO,2.6
2023-11-08 20:00:00,MLO,2.8
2023-11-08 21:00:00,MLO,4.0
2023-11-08 22:00:00,MLO,5.7
2023-11-08 23:00:00,MLO,4.9
2023-11-09 00:00:00,MLO,4.8
2023-11-09 01:00:00,MLO,2.3
2023-11-09 02:00:00,MLO,6.2
2023-11-09 03:00:00,MLO,9.2
2023-11-09 04:00:00,MLO,8.4
2023-11-09 05:00:00,MLO,9.1
2023-11-09 06:00:00,MLO,9.9
2023-11-09 07:00:00,MLO,10.7
2023-11-09 08:00:00,MLO,10.9
2023-11-09 09:00:00,MLO,10.8
2023-11-09 10:00:00,MLO,11.3
2023-11-09 11:00:00,MLO,11.3
2023-11-09 12:00:00,MLO,9.3
2023-11-09 13:00:00,MLO,8.3
2023-11-09 14:00:00,MLO,6.5
2023-11-09 15:00:00,MLO,6.4
2023-11-09 16:00:00,MLO,7.6
2023-11-09 17:00:00,MLO,6.3
2023-11-09 18:00:00,MLO,1.4
2023-11-09 19:00:00,MLO,1.9
2023-11-09 20:00:00,MLO,2.6
2023-11-09 21:00:00,MLO,3.0
2023-11-09 22:00:00,MLO,3.6
2023-11-09 23:00:00,MLO,4.0
2023-11-10 00:00:00,MLO,3.9
2023-11-10 01:00:00,MLO,2.6
2023-11-10 02:00:00,MLO,1.1
2023-11-10 03:00:00,MLO,4.4
2023-11-10 04:00:00,MLO,6.2
2023-11-10 05:00:00,MLO,7.5
2023-11-10 06:00:00,MLO,7.8
2023-11-10 07:00:00,MLO,9.4
2023-11-10 08:00:00,MLO,11.4
2023-11-10 09:00:00,MLO,11.6
2023-11-10 10:00:00,MLO,11.0
2023-11-10 11:00:00,MLO,11.4
2023-11-10 12:00:00,MLO,9.2
2023-11-10 13:00:00,MLO,10.4
2023-11-10 14:00:00,MLO,9.3
2023-11-10 15:00:00,MLO,9.2
2023-11-10 16:00:00,MLO,7.4
2023-11-10 17:00:00,MLO,5.6
2023-11-10 18:00:00,MLO,5.0
2023-11-10 19:00:00,MLO,4.3
2023-11-10 20:00:00,MLO,2.1
2023-11-10 21:00:00,MLO,3.3
2023-11-10 22:00:00,MLO,3.5
2023-11-10 23:00:00,MLO,4.0
2023-11-11 00:00:00,MLO,3.6
2023-11-11 01:00:00,MLO,3.2
2023-11-11 02:00:00,MLO,1.8
2023-11-11 03:00:00,MLO,2.0
2023-11-11 04:00:00,MLO,0.8
2023-11-11 05:00:00,MLO,1.0
2023-11-11 06:00:00,MLO,2.2
2023-11-11 07:00:00,MLO,0.9
2023-11-11 08:00:00,MLO,2.0
2023-11-11 09:00:00,MLO,2.2
2023-11-11 10:00:00,MLO,2.2
2023-11-11 11:00:00,MLO,2.7
2023-11-11 12:00:00,MLO,2.9
2023-11-11 13:00:00,MLO,2.0
2023-11-11 14:00:00,MLO,3.2
2023-11-11 15:00:00,MLO,3.5
2023-11-11 16:00:00,MLO,3.4
2023-11-11 17:00:00,MLO,3.1
2023-11-11 18:00:00,MLO,2.6
2023-11-11 19:00:00,MLO,2.7
2023-11-11 20:00:00,MLO,3.5
2023-11-11 21:00:00,MLO,3.4
2023-11-11 22:00:00,MLO,4.1
2023-11-11 23:00:00,MLO,3.2
2023-11-12 00:00:00,MLO,4.4
2023-11-12 01:00:00,MLO,4.3
2023-11-12 02:00:00,MLO,4.2
2023-11-12 03:00:00,MLO,4.7
2023-11-12 04:00:00,MLO,5.2
2023-11-12 05:00:00,MLO,6.5
2023-11-12 06:00:00,MLO,7.8
2023-11-12 07:00:00,MLO,10.2
2023-11-12 08:00:00,MLO,12.2
2023-11-12 09:00:00,MLO,12.3
2023-11-12 10:00:00,MLO,11.2
2023-11-12 11:00:00,MLO,12.0
2023-11-12 12:00:00,MLO,12.3
2023-11-12 13:00:00,MLO,12.1
2023-11-12 14:00:00,MLO,12.0
2023-11-12 15:00:00,MLO,11.1
2023-11-12 16:00:00,MLO,10.9
2023-11-12 17:00:00,MLO,9.7
2023-11-12 18:00:00,MLO,7.2
2023-11-12 19:00:00,MLO,6.4
2023-11-12 20:00:00,MLO,2.1
2023-11-12 21:00:00,MLO,5.2
2023-11-12 22:00:00,MLO,4.7
2023-11-12 23:00:00,MLO,5.4
2023-11-13 00:00:00,MLO,5.7
2023-11-13 01:00:00,MLO,5.9
2023-11-13 02:00:00,MLO,5.1
2023-11-13 03:00:00,MLO,6.4
2023-11-13 04:00:00,MLO,6.6
2023-11-13 05:00:00,MLO,6.9
2023-11-13 06:00:00,MLO,5.1
2023-11-13 07:00:00,MLO,4.8
2023-11-13 08:00:00,MLO,7.6
2023-11-13 09:00:00,MLO,7.7
2023-11-13 10:00:00,MLO,6.1
2023-11-13 11:00:00,MLO,5.7
2023-11-13 12:00:00,MLO,4.1
2023-11-13 13:00:00,MLO,4.6
2023-11-13 14:00:00,MLO,4.3
2023-11-13 15:00:00,MLO,4.4
2023-11-13 16:00:00,MLO,4.4
2023-11-13 17:00:00,MLO,4.2
2023-11-13 18:00:00,MLO,4.7
2023-11-13 19:00:00,MLO,4.6
2023-11-13 20:00:00,MLO,4.8
2023-11-13 21:00:00,MLO,4.8
2023-11-13 22:00:00,MLO,4.2
2023-11-13 23:00:00,MLO,5.2
2023-11-14 00:00:00,MLO,5.9
2023-11-14 01:00:00,MLO,5.8
2023-11-14 02:00:00,MLO,5.3
2023-11-14 03:00:00,MLO,5.0
2023-11-14 04:00:00,MLO,5.6
2023-11-14 05:00:00,MLO,5.9
2023-11-14 06:00:00,MLO,6.1
2023-11-14 07:00:00,MLO,5.4
2023-11-14 08:00:00,MLO,6.0
2023-11-14 09:00:00,MLO,5.8
2023-11-14 10:00:00,MLO,6.1
2023-11-14 11:00:00,MLO,6.2
2023-11-14 12:00:00,MLO,5.7
2023-11-14 13:00:00,MLO,5.7
2023-11-14 14:00:00,MLO,5.4
2023-11-14 15:00:00,MLO,5.9
2023-11-14 16:00:00,MLO,5.7
2023-11-14 17:00:00,MLO,5.7
2023-11-14 18:00:00,MLO,5.9
2023-11-14 19:00:00,MLO,6.5
2023-11-14 20:00:00,MLO,5.8
2023-11-14 21:00:00,MLO,5.5
2023-11-14 22:00:00,MLO,5.5
2023-11-14 23:00:00,MLO,5.3
2023-11-15 00:00:00,MLO,5.0
2023-11-15 01:00:00,MLO,5.2
2023-11-15 02:00:00,MLO,4.9
2023-11-15 03:00:00,MLO,5.2
2023-11-15 04:00:00,MLO,4.9
2023-11-15 05:00:00,MLO,4.4
2023-11-15 06:00:00,MLO,4.4
2023-11-15 07:00:00,MLO,4.5
2023-11-15 08:00:00,MLO,4.0
2023-11-15 09:00:00,MLO,2.8
2023-11-15 10:00:00,MLO,1.5
2023-11-15 11:00:00,MLO,2.3
2023-11-15 12:00:00,MLO,2.9
2023-11-15 13:00:00,MLO,3.9
2023-11-15 14:00:00,MLO,3.0
2023-11-15 15:00:00,MLO,4.4
2023-11-15 16:00:00,MLO,5.3
2023-11-15 17:00:00,MLO,4.7
2023-11-15 18:00:00,MLO,3.0
2023-11-15 19:00:00,MLO,3.8
2023-11-15 20:00:00,MLO,4.5
2023-11-15 21:00:00,MLO,4.4
2023-11-15 22:00:00,MLO,4.3
2023-11-15 23:00:00,MLO,4.4
2023-11-16 00:00:00,MLO,4.7
2023-11-16 01:00:00,MLO,4.1
2023-11-16 02:00:00,MLO,4.5
2023-11-16 03:00:00,MLO,4.1
2023-11-16 04:00:00,MLO,4.9
2023-11-16 05:00:00,MLO,5.1
2023-11-16 06:00:00,MLO,5.5
2023-11-16 07:00:00,MLO,5.4
2023-11-16 08:00:00,MLO,5.7
2023-11-16 09:00:00,MLO,5.0
2023-11-16 10:00:00,MLO,5.1
2023-11-16 11:00:00,MLO,5.2
2023-11-16 12:00:00,MLO,5.1
2023-11-16 13:00:00,MLO,4.9
2023-11-16 14:00:00,MLO,4.8
2023-11-16 15:00:00,MLO,5.2
2023-11-16 16:00:00,MLO,5.2
2023-11-16 17:00:00,MLO,4.4
2023-11-16 18:00:00,MLO,3.6
2023-11-16 19:00:00,MLO,3.8
2023-11-16 20:00:00,MLO,4.1
2023-11-16 21:00:00,MLO,3.9
2023-11-16 22:00:00,MLO,3.0
2023-11-16 23:00:00,MLO,3.2
2023-11-17 00:00:00,MLO,3.4
2023-11-17 01:00:00,MLO,3.0
2023-11-17 02:00:00,MLO,1.6
2023-11-17 03:00:00,MLO,0.5
2023-11-17 04:00:00,MLO,2.1
2023-11-17 05:00:00,MLO,1.2
2023-11-17 06:00:00,MLO,1.7
2023-11-17 07:00:00,MLO,2.6
2023-11-17 08:00:00,MLO,3.4
2023-11-17 09:00:00,MLO,2.9
2023-11-17 10:00:00,MLO,3.3
2023-11-17 11:00:00,MLO,3.3
2023-11-17 12:00:00,MLO,2.8
2023-11-17 13:00:00,MLO,3.6
2023-11-17 14:00:00,MLO,4.3
2023-11-17 15:00:00,MLO,3.2
2023-11-17 16:00:00,MLO,4.2
2023-11-17 17:00:00,MLO,2.4
2023-11-17 18:00:00,MLO,3.6
2023-11-17 19:00:00,MLO,3.9
2023-11-17 20:00:00,MLO,4.9
2023-11-17 21:00:00,MLO,4.9
2023-11-17 22:00:00,MLO,4.4
2023-11-17 23:00:00,MLO,5.0
2023-11-18 00:00:00,MLO,3.8
2023-11-18 01:00:00,MLO,4.0
2023-11-18 02:00:00,MLO,4.7
2023-11-18 03:00:00,MLO,4.1
2023-11-18 04:00:00,MLO,4.1
2023-11-18 05:00:00,MLO,4.9
2023-11-18 06:00:00,MLO,5.4
2023-11-18 07:00:00,MLO,6.2
2023-11-18 08:00:00,MLO,8.0
2023-11-18 09:00:00,MLO,8.2
2023-11-18 10:00:00,MLO,7.6
2023-11-18 11:00:00,MLO,7.5
2023-11-18 12:00:00,MLO,6.4
2023-11-18 13:00:00,MLO,4.1
2023-11-18 14:00:00,MLO,4.8
2023-11-18 15:00:00,MLO,6.8
2023-11-18 16:00:00,MLO,5.3
2023-11-18 17:00:00,MLO,6.3
2023-11-18 18:00:00,MLO,1.3
2023-11-18 19:00:00,MLO,1.6
2023-11-18 20:00:00,MLO,2.3
2023-11-18 21:00:00,MLO,2.8
2023-11-18 22:00:00,MLO,2.4
2023-11-18 23:00:00,MLO,2.9
2023-11-19 00:00:00,MLO,2.6
2023-11-19 01:00:00,MLO,2.1
2023-11-19 02:00:00,MLO,1.8
2023-11-19 03:00:00,MLO,1.3
2023-11-19 04:00:00,MLO,1.3
2023-11-19 05:00:00,MLO,1.3
2023-11-19 06:00:00,MLO,2.2
2023-11-19 07:00:00,MLO,2.2
2023-11-19 08:00:00,MLO,2.3
2023-11-19 09:00:00,MLO,1.6
2023-11-19 10:00:00,MLO,1.3
2023-11-19 11:00:00,MLO,3.7
2023-11-19 12:00:00,MLO,10.4
2023-11-19 13:00:00,MLO,9.9
2023-11-19 14:00:00,MLO,7.3
2023-11-19 15:00:00,MLO,7.0
2023-11-19 16:00:00,MLO,7.7
2023-11-19 17:00:00,MLO,7.8
2023-11-19 18:00:00,MLO,4.4
2023-11-19 19:00:00,MLO,2.7
2023-11-19 20:00:00,MLO,5.7
2023-11-19 21:00:00,MLO,6.4
2023-11-19 22:00:00,MLO,8.6
2023-11-19 23:00:00,MLO,8.1
2023-11-20 00:00:00,MLO,6.8
2023-11-20 01:00:00,MLO,5.9
2023-11-20 02:00:00,MLO,3.3
2023-11-20 03:00:00,MLO,1.4
2023-11-20 04:00:00,MLO,1.0
2023-11-20 05:00:00,MLO,1.2
2023-11-20 06:00:00,MLO,2.2
2023-11-20 07:00:00,MLO,4.0
2023-11-20 08:00:00,MLO,2.4
2023-11-20 09:00:00,MLO,3.0
2023-11-20 10:00:00,MLO,3.3
2023-11-20 11:00:00,MLO,2.9
2023-11-20 12:00:00,MLO,3.5
2023-11-20 13:00:00,MLO,4.6
2023-11-20 14:00:00,MLO,4.5
2023-11-20 15:00:00,MLO,3.8
2023-11-20 16:00:00,MLO,2.7
2023-11-20 17:00:00,MLO,2.2
2023-11-20 18:00:00,MLO,1.1
2023-11-20 19:00:00,MLO,2.4
2023-11-20 20:00:00,MLO,2.8
2023-11-20 21:00:00,MLO,2.8
2023-11-20 22:00:00,MLO,3.5
2023-11-20 23:00:00,MLO,2.9
2023-11-21 00:00:00,MLO,2.8
2023-11-21 01:00:00,MLO,2.7
2023-11-21 02:00:00,MLO,1.7
2023-11-21 03:00:00,MLO,1.3
2023-11-21 04:00:00,MLO,1.2
2023-11-21 05:00:00,MLO,3.4
2023-11-21 06:00:00,MLO,1.3
2023-11-21 07:00:00,MLO,4.7
2023-11-21 08:00:00,MLO,5.6
2023-11-21 09:00:00,MLO,6.1
2023-11-21 10:00:00,MLO,6.8
2023-11-21 11:00:00,MLO,5.5
2023-11-21 12:00:00,MLO,3.8
2023-11-21 13:00:00,MLO,2.8
2023-11-21 14:00:00,MLO,8.0
2023-11-21 15:00:00,MLO,3.6
2023-11-21 16:00:00,MLO,9.3
2023-11-21 17:00:00,MLO,2.9
2023-11-21 18:00:00,MLO,1.7
2023-11-21 19:00:00,MLO,1.9
2023-11-21 20:00:00,MLO,2.6
2023-11-21 21:00:00,MLO,3.3
2023-11-21 22:00:00,MLO,3.9
2023-11-21 23:00:00,MLO,4.2
2023-11-22 00:00:00,MLO,3.2
2023-11-22 01:00:00,MLO,2.6
2023-11-22 02:00:00,MLO,2.4
2023-11-22 03:00:00,MLO,1.8
2023-11-22 04:00:00,MLO,2.3
2023-11-22 05:00:00,MLO,0.8
2023-11-22 06:00:00,MLO,0.7
2023-11-22 07:00:00,MLO,1.6
2023-11-22 08:00:00,MLO,1.5
2023-11-22 09:00:00,MLO,2.4
2023-11-22 10:00:00,MLO,2.6
2023-11-22 11:00:00,MLO,1.6
2023-11-22 12:00:00,MLO,1.7
2023-11-22 13:00:00,MLO,2.1
2023-11-22 14:00:00,MLO,2.6
2023-11-22 15:00:00,MLO,2.6
2023-11-22 16:00:00,MLO,3.5
2023-11-22 17:00:00,MLO,2.7
2023-11-22 18:00:00,MLO,1.5
2023-11-22 19:00:00,MLO,2.0
2023-11-22 20:00:00,MLO,2.4
2023-11-22 21:00:00,MLO,2.7
2023-11-22 22:00:00,MLO,3.3
2023-11-22 23:00:00,MLO,2.7
2023-11-23 00:00:00,MLO,3.3
2023-11-23 01:00:00,MLO,2.8
2023-11-23 02:00:00,MLO,2.9
2023-11-23 03:00:00,MLO,2.0
2023-11-23 04:00:00,MLO,1.3
2023-11-23 05:00:00,MLO,1.7
2023-11-23 06:00:00,MLO,1.1
2023-11-23 07:00:00,MLO,1.5
2023-11-23 08:00:00,MLO,1.4
2023-11-23 09:00:00,MLO,1.6
2023-11-23 10:00:00,MLO,2.2
2023-11-23 11:00:00,MLO,1.8
2023-11-23 12:00:00,MLO,2.7
2023-11-23 13:00:00,MLO,2.1
2023-11-23 14:00:00,MLO,1.9
2023-11-23 15:00:00,MLO,3.8
2023-11-23 16:00:00,MLO,2.3
2023-11-23 17:00:00,MLO,2.6
2023-11-23 18:00:00,MLO,1.3
2023-11-23 19:00:00,MLO,2.0
2023-11-23 20:00:00,MLO,3.0
2023-11-23 21:00:00,MLO,3.3
2023-11-23 22:00:00,MLO,3.7
2023-11-23 23:00:00,MLO,3.2
2023-11-24 00:00:00,MLO,3.5
2023-11-24 01:00:00,MLO,2.3
2023-11-24 02:00:00,MLO,1.5
2023-11-24 03:00:00,MLO,0.6
2023-11-24 04:00:00,MLO,1.3
2023-11-24 05:00:00,MLO,2.3
2023-11-24 06:00:00,MLO,2.4
2023-11-24 07:00:00,MLO,2.8
2023-11-24 08:00:00,MLO,2.0
2023-11-24 09:00:00,MLO,2.4
2023-11-24 10:00:00,MLO,2.4
2023-11-24 11:00:00,MLO,2.4
2023-11-24 12:00:00,MLO,2.7
2023-11-24 13:00:00,MLO,5.1
2023-11-24 14:00:00,MLO,5.2
2023-11-24 15:00:00,MLO,5.7
2023-11-24 16:00:00,MLO,6.1
2023-11-24 17:00:00,MLO,5.6
2023-11-24 18:00:00,MLO,4.0
2023-11-24 19:00:00,MLO,5.1
2023-11-24 20:00:00,MLO,3.9
2023-11-24 21:00:00,MLO,3.2
2023-11-24 22:00:00,MLO,3.1
2023-11-24 23:00:00,MLO,3.7
2023-11-25 00:00:00,MLO,3.3
2023-11-25 01:00:00,MLO,3.0
2023-11-25 02:00:00,MLO,2.2
2023-11-25 03:00:00,MLO,1.2
2023-11-25 04:00:00,MLO,0.8
2023-11-25 05:00:00,MLO,2.1
2023-11-25 06:00:00,MLO,1.8
2023-11-25 07:00:00,MLO,2.2
2023-11-25 08:00:00,MLO,3.7
2023-11-25 09:00:00,MLO,3.4
2023-11-25 10:00:00,MLO,2.3
2023-11-25 11:00:00,MLO,1.8
2023-11-25 12:00:00,MLO,1.2
2023-11-25 13:00:00,MLO,1.7
2023-11-25 14:00:00,MLO,1.7
2023-11-25 15:00:00,MLO,2.0
2023-11-25 16:00:00,MLO,2.1
2023-11-25 17:00:00,MLO,2.5
2023-11-25 18:00:00,MLO,0.7
2023-11-25 19:00:00,MLO,1.3
2023-11-25 20:00:00,MLO,2.2
2023-11-25 21:00:00,MLO,2.8
2023-11-25 22:00:00,MLO,2.8
2023-11-25 23:00:00,MLO,2.9
2023-11-26 00:00:00,MLO,2.6
2023-11-26 01:00:00,MLO,2.7
2023-11-26 02:00:00,MLO,1.5
2023-11-26 03:00:00,MLO,1.5
2023-11-26 04:00:00,MLO,0.4
2023-11-26 05:00:00,MLO,1.2
2023-11-26 06:00:00,MLO,2.6
2023-11-26 07:00:00,MLO,1.5
2023-11-26 08:00:00,MLO,2.5
2023-11-26 09:00:00,MLO,4.1
2023-11-26 10:00:00,MLO,4.9
2023-11-26 11:00:00,MLO,5.3
2023-11-26 12:00:00,MLO,5.1
2023-11-26 13:00:00,MLO,4.5
2023-11-26 14:00:00,MLO,3.5
2023-11-26 15:00:00,MLO,4.1
2023-11-26 16:00:00,MLO,3.5
2023-11-26 17:00:00,MLO,3.6
2023-11-26 18:00:00,MLO,2.8
2023-11-26 19:00:00,MLO,2.7
2023-11-26 20:00:00,MLO,3.7
2023-11-26 21:00:00,MLO,3.2
2023-11-26 22:00:00,MLO,3.8
2023-11-26 23:00:00,MLO,3.7
2023-11-27 00:00:00,MLO,3.7
2023-11-27 01:00:00,MLO,4.2
2023-11-27 02:00:00,MLO,5.2
2023-11-27 03:00:00,MLO,4.7
2023-11-27 04:00:00,MLO,4.9
2023-11-27 05:00:00,MLO,4.5
2023-11-27 06:00:00,MLO,4.3
2023-11-27 07:00:00,MLO,4.5
2023-11-27 08:00:00,MLO,4.3
2023-11-27 09:00:00,MLO,3.0
2023-11-27 10:00:00,MLO,3.1
2023-11-27 11:00:00,MLO,2.8
2023-11-27 12:00:00,MLO,1.4
2023-11-27 13:00:00,MLO,1.7
2023-11-27 14:00:00,MLO,2.7
2023-11-27 15:00:00,MLO,1.6
2023-11-27 16:00:00,MLO,1.8
2023-11-27 17:00:00,MLO,1.8
2023-11-27 18:00:00,MLO,0.5
2023-11-27 19:00:00,MLO,1.8
2023-11-27 20:00:00,MLO,1.8
2023-11-27 21:00:00,MLO,1.6
2023-11-27 22:00:00,MLO,3.7
2023-11-27 23:00:00,MLO,3.3
2023-11-28 00:00:00,MLO,2.0
2023-11-28 01:00:00,MLO,2.3
2023-11-28 02:00:00,MLO,2.6
2023-11-28 03:00:00,MLO,4.1
2023-11-28 04:00:00,MLO,2.2
2023-11-28 05:00:00,MLO,1.1
2023-11-28 06:00:00,MLO,1.6
2023-11-28 07:00:00,MLO,1.7
2023-11-28 08:00:00,MLO,2.0
2023-11-28 09:00:00,MLO,2.2
2023-11-28 10:00:00,MLO,2.8
2023-11-28 11:00:00,MLO,1.9
2023-11-28 12:00:00,MLO,1.6
2023-11-28 13:00:00,MLO,1.6
2023-11-28 14:00:00,MLO,4.2
2023-11-28 15:00:00,MLO,3.4
2023-11-28 16:00:00,MLO,2.8
2023-11-28 17:00:00,MLO,3.8
2023-11-28 18:00:00,MLO,0.6
2023-11-28 19:00:00,MLO,2.0
2023-11-28 20:00:00,MLO,2.4
2023-11-28 21:00:00,MLO,2.6
2023-11-28 22:00:00,MLO,3.0
2023-11-28 23:00:00,MLO,2.6
2023-11-29 00:00:00,MLO,4.0
2023-11-29 01:00:00,MLO,3.2
2023-11-29 02:00:00,MLO,4.6
2023-11-29 03:00:00,MLO,7.2
2023-11-29 04:00:00,MLO,7.4
2023-11-29 05:00:00,MLO,9.9
2023-11-29 06:00:00,MLO,10.8
2023-11-29 07:00:00,MLO,9.3
2023-11-29 08:00:00,MLO,7.6
2023-11-29 09:00:00,MLO,7.3
2023-11-29 10:00:00,MLO,7.2
2023-11-29 11:00:00,MLO,1.0
2023-11-29 12:00:00,MLO,9.6
2023-11-29 13:00:00,MLO,15.2
2023-11-29 14:00:00,MLO,15.2
2023-11-29 15:00:00,MLO,15.1
2023-11-29 16:00:00,MLO,11.2
2023-11-29 17:00:00,MLO,12.3
2023-11-29 18:00:00,MLO,12.5
2023-11-29 19:00:00,MLO,12.6
2023-11-29 20:00:00,MLO,12.4
2023-11-29 21:00:00,MLO,12.0
2023-11-29 22:00:00,MLO,11.0
2023-11-29 23:00:00,MLO,10.4
2023-11-30 00:00:00,MLO,5.1
2023-11-30 01:00:00,MLO,9.8
2023-11-30 02:00:00,MLO,9.0
2023-11-30 03:00:00,MLO,7.1
2023-11-30 04:00:00,MLO,10.2
2023-11-30 05:00:00,MLO,4.0
2023-11-30 06:00:00,MLO,3.6
2023-11-30 07:00:00,MLO,4.3
2023-11-30 08:00:00,MLO,0.9
2023-11-30 09:00:00,MLO,3.4
2023-11-30 10:00:00,MLO,1.8
2023-11-30 11:00:00,MLO,2.1
2023-11-30 12:00:00,MLO,0.6
2023-11-30 13:00:00,MLO,1.3
2023-11-30 14:00:00,MLO,0.9
2023-11-30 15:00:00,MLO,1.2
2023-11-30 16:00:00,MLO,1.1
2023-11-30 17:00:00,MLO,0.8
2023-11-30 18:00:00,MLO,3.8
2023-11-30 19:00:00,MLO,2.9
2023-11-30 20:00:00,MLO,4.5
2023-11-30 21:00:00,MLO,1.3
2023-11-30 22:00:00,MLO,0.9
2023-11-30 23:00:00,MLO,1.3
2023-12-01 00:00:00,MLO,1.8
2023-12-01 01:00:00,MLO,3.7
2023-12-01 02:00:00,MLO,9.3
2023-12-01 03:00:00,MLO,10.5
2023-12-01 04:00:00,MLO,10.1
2023-12-01 05:00:00,MLO,11.7
2023-12-01 06:00:00,MLO,9.9
2023-12-01 07:00:00,MLO,9.9
2023-12-01 08:00:00,MLO,8.4
2023-12-01 09:00:00,MLO,7.5
2023-12-01 10:00:00,MLO,6.8
2023-12-01 11:00:00,MLO,6.9
2023-12-01 12:00:00,MLO,5.7
2023-12-01 13:00:00,MLO,5.4
2023-12-01 14:00:00,MLO,4.6
2023-12-01 15:00:00,MLO,3.5
2023-12-01 16:00:00,MLO,1.3
2023-12-01 17:00:00,MLO,2.0
2023-12-01 18:00:00,MLO,0.9
2023-12-01 19:00:00,MLO,0.6
2023-12-01 20:00:00,MLO,2.2
2023-12-01 21:00:00,MLO,1.9
2023-12-01 22:00:00,MLO,3.2
2023-12-01 23:00:00,MLO,3.8
2023-12-02 00:00:00,MLO,1.8
2023-12-02 01:00:00,MLO,2.1
2023-12-02 02:00:00,MLO,2.8
2023-12-02 03:00:00,MLO,6.0
2023-12-02 04:00:00,MLO,6.2
2023-12-02 05:00:00,MLO,6.7
2023-12-02 06:00:00,MLO,4.2
2023-12-02 07:00:00,MLO,6.4
2023-12-02 08:00:00,MLO,6.4
2023-12-02 09:00:00,MLO,6.9
2023-12-02 10:00:00,MLO,6.7
2023-12-02 11:00:00,MLO,5.5
2023-12-02 12:00:00,MLO,6.4
2023-12-02 13:00:00,MLO,7.9
2023-12-02 14:00:00,MLO,7.3
2023-12-02 15:00:00,MLO,6.3
2023-12-02 16:00:00,MLO,5.6
2023-12-02 17:00:00,MLO,0.7
2023-12-02 18:00:00,MLO,0.7
2023-12-02 19:00:00,MLO,1.6
2023-12-02 20:00:00,MLO,2.8
2023-12-02 21:00:00,MLO,2.5
2023-12-02 22:00:00,MLO,2.6
2023-12-02 23:00:00,MLO,0.8
2023-12-03 00:00:00,MLO,1.6
2023-12-03 01:00:00,MLO,1.7
2023-12-03 02:00:00,MLO,2.3
2023-12-03 03:00:00,MLO,0.8
2023-12-03 04:00:00,MLO,0.8
2023-12-03 05:00:00,MLO,0.7
2023-12-03 06:00:00,MLO,1.2
2023-12-03 07:00:00,MLO,1.3
2023-12-03 08:00:00,MLO,2.5
2023-12-03 09:00:00,MLO,3.2
2023-12-03 10:00:00,MLO,3.1
2023-12-03 11:00:00,MLO,3.1
2023-12-03 12:00:00,MLO,3.3
2023-12-03 13:00:00,MLO,3.8
2023-12-03 14:00:00,MLO,4.1
2023-12-03 15:00:00,MLO,4.4
2023-12-03 16:00:00,MLO,4.6
2023-12-03 17:00:00,MLO,5.0
2023-12-03 18:00:00,MLO,3.1
2023-12-03 19:00:00,MLO,3.4
2023-12-03 20:00:00,MLO,4.7
2023-12-03 21:00:00,MLO,5.7
2023-12-03 22:00:00,MLO,5.4
2023-12-03 23:00:00,MLO,6.4
2023-12-04 00:00:00,MLO,6.6
2023-12-04 01:00:00,MLO,4.8
2023-12-04 02:00:00,MLO,3.0
2023-12-04 03:00:00,MLO,3.2
2023-12-04 04:00:00,MLO,1.8
2023-12-04 05:00:00,MLO,6.0
2023-12-04 06:00:00,MLO,6.5
2023-12-04 07:00:00,MLO,6.7
2023-12-04 08:00:00,MLO,6.4
2023-12-04 09:00:00,MLO,6.5
2023-12-04 10:00:00,MLO,6.6
2023-12-04 11:00:00,MLO,6.0
2023-12-04 12:00:00,MLO,6.5
2023-12-04 13:00:00,MLO,7.6
2023-12-04 14:00:00,MLO,6.7
2023-12-04 15:00:00,MLO,7.4
2023-12-04 16:00:00,MLO,6.8
2023-12-04 17:00:00,MLO,5.8
2023-12-04 18:00:00,MLO,3.3
2023-12-04 19:00:00,MLO,4.2
2023-12-04 20:00:00,MLO,4.6
2023-12-04 21:00:00,MLO,4.7
2023-12-04 22:00:00,MLO,4.5
2023-12-04 23:00:00,MLO,4.3
2023-12-05 00:00:00,MLO,4.3
2023-12-05 01:00:00,MLO,4.1
2023-12-05 02:00:00,MLO,4.2
2023-12-05 03:00:00,MLO,3.8
2023-12-05 04:00:00,MLO,5.8
2023-12-05 05:00:00,MLO,7.6
2023-12-05 06:00:00,MLO,8.2
2023-12-05 07:00:00,MLO,8.3
2023-12-05 08:00:00,MLO,8.8
2023-12-05 09:00:00,MLO,9.0
2023-12-05 10:00:00,MLO,9.3
2023-12-05 11:00:00,MLO,7.4
2023-12-05 12:00:00,MLO,4.3
2023-12-05 13:00:00,MLO,8.7
2023-12-05 14:00:00,MLO,5.5
2023-12-05 15:00:00,MLO,4.6
2023-12-05 16:00:00,MLO,3.9
2023-12-05 17:00:00,MLO,3.6
2023-12-05 18:00:00,MLO,1.5
2023-12-05 19:00:00,MLO,1.6
2023-12-05 20:00:00,MLO,1.7
2023-12-05 21:00:00,MLO,3.6
2023-12-05 22:00:00,MLO,4.1
2023-12-05 23:00:00,MLO,4.2
2023-12-06 00:00:00,MLO,4.0
2023-12-06 01:00:00,MLO,3.9
2023-12-06 02:00:00,MLO,2.6
2023-12-06 03:00:00,MLO,3.1
2023-12-06 04:00:00,MLO,5.8
2023-12-06 05:00:00,MLO,7.9
2023-12-06 06:00:00,MLO,9.0
2023-12-06 07:00:00,MLO,9.5
2023-12-06 08:00:00,MLO,9.8
2023-12-06 09:00:00,MLO,8.3
2023-12-06 10:00:00,MLO,6.0
2023-12-06 11:00:00,MLO,3.2
2023-12-06 12:00:00,MLO,3.1
2023-12-06 13:00:00,MLO,2.8
2023-12-06 14:00:00,MLO,3.3
2023-12-06 15:00:00,MLO,6.1
2023-12-06 16:00:00,MLO,7.4
2023-12-06 17:00:00,MLO,8.3
2023-12-06 18:00:00,MLO,7.2
2023-12-06 19:00:00,MLO,3.1
2023-12-06 20:00:00,MLO,1.8
2023-12-06 21:00:00,MLO,3.0
2023-12-06 22:00:00,MLO,3.2
2023-12-06 23:00:00,MLO,2.6
2023-12-07 00:00:00,MLO,2.7
2023-12-07 01:00:00,MLO,2.6
2023-12-07 02:00:00,MLO,2.0
2023-12-07 03:00:00,MLO,0.7
2023-12-07 04:00:00,MLO,1.8
2023-12-07 05:00:00,MLO,2.7
2023-12-07 06:00:00,MLO,3.1
2023-12-07 07:00:00,MLO,2.4
2023-12-07 08:00:00,MLO,2.8
2023-12-07 09:00:00,MLO,3.0
2023-12-07 10:00:00,MLO,4.0
2023-12-07 11:00:00,MLO,4.3
2023-12-07 12:00:00,MLO,3.7
2023-12-07 13:00:00,MLO,4.1
2023-12-07 14:00:00,MLO,3.3
2023-12-07 15:00:00,MLO,3.1
2023-12-07 16:00:00,MLO,3.9
2023-12-07 17:00:00,MLO,3.5
2023-12-07 18:00:00,MLO,0.3
2023-12-07 19:00:00,MLO,1.9
2023-12-07 20:00:00,MLO,2.5
2023-12-07 21:00:00,MLO,2.6
2023-12-07 22:00:00,MLO,3.6
2023-12-07 23:00:00,MLO,4.1
2023-12-08 00:00:00,MLO,3.2
2023-12-08 01:00:00,MLO,2.6
2023-12-08 02:00:00,MLO,1.6
2023-12-08 03:00:00,MLO,0.7
2023-12-08 04:00:00,MLO,1.3
2023-12-08 05:00:00,MLO,2.6
2023-12-08 06:00:00,MLO,2.6
2023-12-08 07:00:00,MLO,2.1
2023-12-08 08:00:00,MLO,1.7
2023-12-08 09:00:00,MLO,1.8
2023-12-08 10:00:00,MLO,1.2
2023-12-08 11:00:00,MLO,1.2
2023-12-08 12:00:00,MLO,1.9
2023-12-08 13:00:00,MLO,2.1
2023-12-08 14:00:00,MLO,2.9
2023-12-08 15:00:00,MLO,3.5
2023-12-08 16:00:00,MLO,3.0
2023-12-08 17:00:00,MLO,3.5
2023-12-08 18:00:00,MLO,1.1
2023-12-08 19:00:00,MLO,0.6
2023-12-08 20:00:00,MLO,1.8
2023-12-08 21:00:00,MLO,1.4
2023-12-08 22:00:00,MLO,1.6
2023-12-08 23:00:00,MLO,1.6
2023-12-09 00:00:00,MLO,1.8
2023-12-09 01:00:00,MLO,1.4
2023-12-09 02:00:00,MLO,1.2
2023-12-09 03:00:00,MLO,0.3
2023-12-09 04:00:00,MLO,1.2
2023-12-09 05:00:00,MLO,1.4
2023-12-09 06:00:00,MLO,1.2
2023-12-09 07:00:00,MLO,2.6
2023-12-09 08:00:00,MLO,3.3
2023-12-09 09:00:00,MLO,2.2
2023-12-09 10:00:00,MLO,4.2
2023-12-09 11:00:00,MLO,4.7
2023-12-09 12:00:00,MLO,5.5
2023-12-09 13:00:00,MLO,6.1
2023-12-09 14:00:00,MLO,5.9
2023-12-09 15:00:00,MLO,5.4
2023-12-09 16:00:00,MLO,4.8
2023-12-09 17:00:00,MLO,3.3
2023-12-09 18:00:00,MLO,0.6
2023-12-09 19:00:00,MLO,1.6
2023-12-09 20:00:00,MLO,2.2
2023-12-09 21:00:00,MLO,3.4
2023-12-09 22:00:00,MLO,3.6
2023-12-09 23:00:00,MLO,3.8
2023-12-10 00:00:00,MLO,3.9
2023-12-10 01:00:00,MLO,3.8
2023-12-10 02:00:00,MLO,1.5
2023-12-10 03:00:00,MLO,1.2
2023-12-10 04:00:00,MLO,0.7
2023-12-10 05:00:00,MLO,5.1
2023-12-10 06:00:00,MLO,5.9
2023-12-10 07:00:00,MLO,3.6
2023-12-10 08:00:00,MLO,3.4
2023-12-10 09:00:00,MLO,3.9
2023-12-10 10:00:00,MLO,3.0
2023-12-10 11:00:00,MLO,3.3
2023-12-10 12:00:00,MLO,5.4
2023-12-10 13:00:00,MLO,3.0
2023-12-10 14:00:00,MLO,3.3
2023-12-10 15:00:00,MLO,3.0
2023-12-10 16:00:00,MLO,3.4
2023-12-10 17:00:00,MLO,4.1
2023-12-10 18:00:00,MLO,1.3
2023-12-10 19:00:00,MLO,1.4
2023-12-10 20:00:00,MLO,2.3
2023-12-10 21:00:00,MLO,2.6
2023-12-10 22:00:00,MLO,3.6
2023-12-10 23:00:00,MLO,3.0
2023-12-11 00:00:00,MLO,3.4
2023-12-11 01:00:00,MLO,3.3
2023-12-11 02:00:00,MLO,2.1
2023-12-11 03:00:00,MLO,2.1
2023-12-11 04:00:00,MLO,2.5
2023-12-11 05:00:00,MLO,1.9
2023-12-11 06:00:00,MLO,2.1
2023-12-11 07:00:00,MLO,3.1
2023-12-11 08:00:00,MLO,2.7
2023-12-11 09:00:00,MLO,3.2
2023-12-11 10:00:00,MLO,3.3
2023-12-11 11:00:00,MLO,3.9
2023-12-11 12:00:00,MLO,3.9
2023-12-11 13:00:00,MLO,4.3
2023-12-11 14:00:00,MLO,4.5
2023-12-11 15:00:00,MLO,4.5
2023-12-11 16:00:00,MLO,4.6
2023-12-11 17:00:00,MLO,5.0
2023-12-11 18:00:00,MLO,3.3
2023-12-11 19:00:00,MLO,3.3
2023-12-11 20:00:00,MLO,3.2
2023-12-11 21:00:00,MLO,3.4
2023-12-11 22:00:00,MLO,3.4
2023-12-11 23:00:00,MLO,3.3
2023-12-12 00:00:00,MLO,4.0
2023-12-12 01:00:00,MLO,3.2
2023-12-12 02:00:00,MLO,3.1
2023-12-12 03:00:00,MLO,3.1
2023-12-12 04:00:00,MLO,4.0
2023-12-12 05:00:00,MLO,4.5
2023-12-12 06:00:00,MLO,4.7
2023-12-12 07:00:00,MLO,5.4
2023-12-12 08:00:00,MLO,5.4
2023-12-12 09:00:00,MLO,5.4
2023-12-12 10:00:00,MLO,5.7
2023-12-12 11:00:00,MLO,5.9
2023-12-12 12:00:00,MLO,5.9
2023-12-12 13:00:00,MLO,5.5
2023-12-12 14:00:00,MLO,5.4
2023-12-12 15:00:00,MLO,5.8
2023-12-12 16:00:00,MLO,7.0
2023-12-12 17:00:00,MLO,7.4
2023-12-12 18:00:00,MLO,5.7
2023-12-12 19:00:00,MLO,4.3
2023-12-12 20:00:00,MLO,3.5
2023-12-12 21:00:00,MLO,4.3
2023-12-12 22:00:00,MLO,4.1
2023-12-12 23:00:00,MLO,4.8
2023-12-13 00:00:00,MLO,4.0
2023-12-13 01:00:00,MLO,3.6
2023-12-13 02:00:00,MLO,2.7
2023-12-13 03:00:00,MLO,2.7
2023-12-13 04:00:00,MLO,3.0
2023-12-13 05:00:00,MLO,3.4
2023-12-13 06:00:00,MLO,3.5
2023-12-13 07:00:00,MLO,4.2
2023-12-13 08:00:00,MLO,3.3
2023-12-13 09:00:00,MLO,4.1
2023-12-13 10:00:00,MLO,5.8
2023-12-13 11:00:00,MLO,5.5
2023-12-13 12:00:00,MLO,4.1
2023-12-13 13:00:00,MLO,4.2
2023-12-13 14:00:00,MLO,4.9
2023-12-13 15:00:00,MLO,4.7
2023-12-13 16:00:00,MLO,5.0
2023-12-13 17:00:00,MLO,4.4
2023-12-13 18:00:00,MLO,2.4
2023-12-13 19:00:00,MLO,2.3
2023-12-13 20:00:00,MLO,3.2
2023-12-13 21:00:00,MLO,3.9
2023-12-13 22:00:00,MLO,4.1
2023-12-13 23:00:00,MLO,3.7
2023-12-14 00:00:00,MLO,3.9
2023-12-14 01:00:00,MLO,4.6
2023-12-14 02:00:00,MLO,4.7
2023-12-14 03:00:00,MLO,4.3
2023-12-14 04:00:00,MLO,5.0
2023-12-14 05:00:00,MLO,5.2
2023-12-14 06:00:00,MLO,5.2
2023-12-14 07:00:00,MLO,5.1
2023-12-14 08:00:00,MLO,5.2
2023-12-14 09:00:00,MLO,4.0
2023-12-14 10:00:00,MLO,4.7
2023-12-14 11:00:00,MLO,3.9
2023-12-14 12:00:00,MLO,3.3
2023-12-14 13:00:00,MLO,1.9
2023-12-14 14:00:00,MLO,4.7
2023-12-14 15:00:00,MLO,3.2
2023-12-14 16:00:00,MLO,1.6
2023-12-14 17:00:00,MLO,2.1
2023-12-14 18:00:00,MLO,0.5
2023-12-14 19:00:00,MLO,1.3
2023-12-14 20:00:00,MLO,2.6
2023-12-14 21:00:00,MLO,3.4
2023-12-14 22:00:00,MLO,3.8
2023-12-14 23:00:00,MLO,3.6
2023-12-15 00:00:00,MLO,3.7
2023-12-15 01:00:00,MLO,3.1
2023-12-15 02:00:00,MLO,2.2
2023-12-15 03:00:00,MLO,2.1
2023-12-15 04:00:00,MLO,1.8
2023-12-15 05:00:00,MLO,2.4
2023-12-15 06:00:00,MLO,2.6
2023-12-15 07:00:00,MLO,2.9
2023-12-15 08:00:00,MLO,3.6
2023-12-15 09:00:00,MLO,3.8
2023-12-15 10:00:00,MLO,3.7
2023-12-15 11:00:00,MLO,4.4
2023-12-15 12:00:00,MLO,4.4
2023-12-15 13:00:00,MLO,4.8
2023-12-15 14:00:00,MLO,4.4
2023-12-15 15:00:00,MLO,2.8
2023-12-15 16:00:00,MLO,2.0
2023-12-15 17:00:00,MLO,2.0
2023-12-15 18:00:00,MLO,1.0
2023-12-15 19:00:00,MLO,1.8
2023-12-15 20:00:00,MLO,1.3
2023-12-15 21:00:00,MLO,2.0
2023-12-15 22:00:00,MLO,2.5
2023-12-15 23:00:00,MLO,2.4
2023-12-16 00:00:00,MLO,2.6
2023-12-16 01:00:00,MLO,2.2
2023-12-16 02:00:00,MLO,1.6
2023-12-16 03:00:00,MLO,1.0
2023-12-16 04:00:00,MLO,1.3
2023-12-16 05:00:00,MLO,2.3
2023-12-16 06:00:00,MLO,2.8
2023-12-16 07:00:00,MLO,3.7
2023-12-16 08:00:00,MLO,4.6
2023-12-16 09:00:00,MLO,5.2
2023-12-16 10:00:00,MLO,4.9
2023-12-16 11:00:00,MLO,5.1
2023-12-16 12:00:00,MLO,5.4
2023-12-16 13:00:00,MLO,5.6
2023-12-16 14:00:00,MLO,4.8
2023-12-16 15:00:00,MLO,4.2
2023-12-16 16:00:00,MLO,4.7
2023-12-16 17:00:00,MLO,4.3
2023-12-16 18:00:00,MLO,2.9
2023-12-16 19:00:00,MLO,2.4
2023-12-16 20:00:00,MLO,2.7
2023-12-16 21:00:00,MLO,4.1
2023-12-16 22:00:00,MLO,4.3
2023-12-16 23:00:00,MLO,4.8
2023-12-17 00:00:00,MLO,4.1
2023-12-17 01:00:00,MLO,3.2
2023-12-17 02:00:00,MLO,1.8
2023-12-17 03:00:00,MLO,2.3
2023-12-17 04:00:00,MLO,2.8
2023-12-17 05:00:00,MLO,2.7
2023-12-17 06:00:00,MLO,2.6
2023-12-17 07:00:00,MLO,2.9
2023-12-17 08:00:00,MLO,3.0
2023-12-17 09:00:00,MLO,3.5
2023-12-17 10:00:00,MLO,3.7
2023-12-17 11:00:00,MLO,4.1
2023-12-17 12:00:00,MLO,3.3
2023-12-17 13:00:00,MLO,3.3
2023-12-17 14:00:00,MLO,3.4
2023-12-17 15:00:00,MLO,3.7
2023-12-17 16:00:00,MLO,4.1
2023-12-17 17:00:00,MLO,3.7
2023-12-17 18:00:00,MLO,1.6
2023-12-17 19:00:00,MLO,1.1
2023-12-17 20:00:00,MLO,2.1
2023-12-17 21:00:00,MLO,2.6
2023-12-17 22:00:00,MLO,3.2
2023-12-17 23:00:00,MLO,3.0
2023-12-18 00:00:00,MLO,2.5
2023-12-18 01:00:00,MLO,2.5
2023-12-18 02:00:00,MLO,2.2
2023-12-18 03:00:00,MLO,1.3
2023-12-18 04:00:00,MLO,1.0
2023-12-18 05:00:00,MLO,1.4
2023-12-18 06:00:00,MLO,2.8
2023-12-18 07:00:00,MLO,3.1
2023-12-18 08:00:00,MLO,2.1
2023-12-18 09:00:00,MLO,1.6
2023-12-18 10:00:00,MLO,3.4
2023-12-18 11:00:00,MLO,3.5
2023-12-18 12:00:00,MLO,2.9
2023-12-18 13:00:00,MLO,3.3
2023-12-18 14:00:00,MLO,2.5
2023-12-18 15:00:00,MLO,2.8
2023-12-18 16:00:00,MLO,3.4
2023-12-18 17:00:00,MLO,4.9
2023-12-18 18:00:00,MLO,1.1
2023-12-18 19:00:00,MLO,1.3
2023-12-18 20:00:00,MLO,1.3
2023-12-18 21:00:00,MLO,2.2
2023-12-18 22:00:00,MLO,2.6
2023-12-18 23:00:00,MLO,3.2
2023-12-19 00:00:00,MLO,3.1
2023-12-19 01:00:00,MLO,2.3
2023-12-19 02:00:00,MLO,2.0
2023-12-19 03:00:00,MLO,1.0
2023-12-19 04:00:00,MLO,1.1
2023-12-19 05:00:00,MLO,3.2
2023-12-19 06:00:00,MLO,3.4
2023-12-19 07:00:00,MLO,2.8
2023-12-19 08:00:00,MLO,1.5
2023-12-19 09:00:00,MLO,2.8
2023-12-19 10:00:00,MLO,2.5
2023-12-19 11:00:00,MLO,2.0
2023-12-19 12:00:00,MLO,2.2
2023-12-19 13:00:00,MLO,2.5
2023-12-19 14:00:00,MLO,1.3
2023-12-19 15:00:00,MLO,2.1
2023-12-19 16:00:00,MLO,3.9
2023-12-19 17:00:00,MLO,3.7
2023-12-19 18:00:00,MLO,2.1
2023-12-19 19:00:00,MLO,2.4
2023-12-19 20:00:00,MLO,2.6
2023-12-19 21:00:00,MLO,3.0
2023-12-19 22:00:00,MLO,3.9
2023-12-19 23:00:00,MLO,3.4
2023-12-20 00:00:00,MLO,2.9
2023-12-20 01:00:00,MLO,2.1
2023-12-20 02:00:00,MLO,2.0
2023-12-20 03:00:00,MLO,2.2
2023-12-20 04:00:00,MLO,3.1
2023-12-20 05:00:00,MLO,3.0
2023-12-20 06:00:00,MLO,3.0
2023-12-20 07:00:00,MLO,2.9
2023-12-20 08:00:00,MLO,2.7
2023-12-20 09:00:00,MLO,3.0
2023-12-20 10:00:00,MLO,3.4
2023-12-20 11:00:00,MLO,3.6
2023-12-20 12:00:00,MLO,3.9
2023-12-20 13:00:00,MLO,2.9
2023-12-20 14:00:00,MLO,3.8
2023-12-20 15:00:00,MLO,2.9
2023-12-20 16:00:00,MLO,3.4
2023-12-20 17:00:00,MLO,2.2
2023-12-20 18:00:00,MLO,2.0
2023-12-20 19:00:00,MLO,1.4
2023-12-20 20:00:00,MLO,2.8
2023-12-20 21:00:00,MLO,4.0
2023-12-20 22:00:00,MLO,4.5
2023-12-20 23:00:00,MLO,2.7
2023-12-21 00:00:00,MLO,3.2
2023-12-21 01:00:00,MLO,4.2
2023-12-21 02:00:00,MLO,4.5
2023-12-21 03:00:00,MLO,4.7
2023-12-21 04:00:00,MLO,4.2
2023-12-21 05:00:00,MLO,5.4
2023-12-21 06:00:00,MLO,7.3
2023-12-21 07:00:00,MLO,8.8
2023-12-21 08:00:00,MLO,9.0
2023-12-21 09:00:00,MLO,8.0
2023-12-21 10:00:00,MLO,5.5
2023-12-21 11:00:00,MLO,5.7
2023-12-21 12:00:00,MLO,7.5
2023-12-21 13:00:00,MLO,6.3
2023-12-21 14:00:00,MLO,3.6
2023-12-21 15:00:00,MLO,5.0
2023-12-21 16:00:00,MLO,3.8
2023-12-21 17:00:00,MLO,3.4
2023-12-21 18:00:00,MLO,2.2
2023-12-21 19:00:00,MLO,2.2
2023-12-21 20:00:00,MLO,0.8
2023-12-21 21:00:00,MLO,2.5
2023-12-21 22:00:00,MLO,1.9
2023-12-21 23:00:00,MLO,3.2
2023-12-22 00:00:00,MLO,2.6
2023-12-22 01:00:00,MLO,2.6
2023-12-22 02:00:00,MLO,2.9
2023-12-22 03:00:00,MLO,2.5
2023-12-22 04:00:00,MLO,1.0
2023-12-22 05:00:00,MLO,3.8
2023-12-22 06:00:00,MLO,2.4
2023-12-22 07:00:00,MLO,2.3
2023-12-22 08:00:00,MLO,1.9
2023-12-22 09:00:00,MLO,1.4
2023-12-22 10:00:00,MLO,1.7
2023-12-22 11:00:00,MLO,2.3
2023-12-22 12:00:00,MLO,2.0
2023-12-22 13:00:00,MLO,1.6
2023-12-22 14:00:00,MLO,2.5
2023-12-22 15:00:00,MLO,1.7
2023-12-22 16:00:00,MLO,2.3
2023-12-22 17:00:00,MLO,1.9
2023-12-22 18:00:00,MLO,3.5
2023-12-22 19:00:00,MLO,2.2
2023-12-22 20:00:00,MLO,1.4
2023-12-22 21:00:00,MLO,2.7
2023-12-22 22:00:00,MLO,3.4
2023-12-22 23:00:00,MLO,2.6
2023-12-23 00:00:00,MLO,3.1
2023-12-23 01:00:00,MLO,3.4
2023-12-23 02:00:00,MLO,2.9
2023-12-23 03:00:00,MLO,2.1
2023-12-23 04:00:00,MLO,3.6
2023-12-23 05:00:00,MLO,2.6
2023-12-23 06:00:00,MLO,3.7
2023-12-23 07:00:00,MLO,3.2
2023-12-23 08:00:00,MLO,3.1
2023-12-23 09:00:00,MLO,3.3
2023-12-23 10:00:00,MLO,3.2
2023-12-23 11:00:00,MLO,4.5
2023-12-23 12:00:00,MLO,4.6
2023-12-23 13:00:00,MLO,4.6
2023-12-23 14:00:00,MLO,5.0
2023-12-23 15:00:00,MLO,4.7
2023-12-23 16:00:00,MLO,4.8
2023-12-23 17:00:00,MLO,4.1
2023-12-23 18:00:00,MLO,3.6
2023-12-23 19:00:00,MLO,4.5
2023-12-23 20:00:00,MLO,4.2
2023-12-23 21:00:00,MLO,5.2
2023-12-23 22:00:00,MLO,5.0
2023-12-23 23:00:00,MLO,5.2
2023-12-24 00:00:00,MLO,5.8
2023-12-24 01:00:00,MLO,6.8
2023-12-24 02:00:00,MLO,6.9
2023-12-24 03:00:00,MLO,7.0
2023-12-24 04:00:00,MLO,7.4
2023-12-24 05:00:00,MLO,7.0
2023-12-24 06:00:00,MLO,7.6
2023-12-24 07:00:00,MLO,7.5
2023-12-24 08:00:00,MLO,7.0
2023-12-24 09:00:00,MLO,7.0
2023-12-24 10:00:00,MLO,7.6
2023-12-24 11:00:00,MLO,7.4
2023-12-24 12:00:00,MLO,6.8
2023-12-24 13:00:00,MLO,5.5
2023-12-24 14:00:00,MLO,5.8
2023-12-24 15:00:00,MLO,6.5
2023-12-24 16:00:00,MLO,6.6
2023-12-24 17:00:00,MLO,9.1
2023-12-24 18:00:00,MLO,5.9
2023-12-24 19:00:00,MLO,3.4
2023-12-24 20:00:00,MLO,4.4
2023-12-24 21:00:00,MLO,4.5
2023-12-24 22:00:00,MLO,4.1
2023-12-24 23:00:00,MLO,4.6
2023-12-25 00:00:00,MLO,4.5
2023-12-25 01:00:00,MLO,4.2
2023-12-25 02:00:00,MLO,4.3
2023-12-25 03:00:00,MLO,4.3
2023-12-25 04:00:00,MLO,3.8
2023-12-25 05:00:00,MLO,4.3
2023-12-25 06:00:00,MLO,5.4
2023-12-25 07:00:00,MLO,6.2
2023-12-25 08:00:00,MLO,6.0
2023-12-25 09:00:00,MLO,6.1
2023-12-25 10:00:00,MLO,6.3
2023-12-25 11:00:00,MLO,6.1
2023-12-25 12:00:00,MLO,6.0
2023-12-25 13:00:00,MLO,6.4
2023-12-25 14:00:00,MLO,7.0
2023-12-25 15:00:00,MLO,6.9
2023-12-25 16:00:00,MLO,7.0
2023-12-25 17:00:00,MLO,7.2
2023-12-25 18:00:00,MLO,7.1
2023-12-25 19:00:00,MLO,6.3
2023-12-25 20:00:00,MLO,5.2
2023-12-25 21:00:00,MLO,3.2
2023-12-25 22:00:00,MLO,2.8
2023-12-25 23:00:00,MLO,4.1
2023-12-26 00:00:00,MLO,3.4
2023-12-26 01:00:00,MLO,2.6
2023-12-26 02:00:00,MLO,3.4
2023-12-26 03:00:00,MLO,1.3
2023-12-26 04:00:00,MLO,1.8
2023-12-26 05:00:00,MLO,2.8
2023-12-26 06:00:00,MLO,3.4
2023-12-26 07:00:00,MLO,3.9
2023-12-26 08:00:00,MLO,4.6
2023-12-26 09:00:00,MLO,1.3
2023-12-26 10:00:00,MLO,3.4
2023-12-26 11:00:00,MLO,3.6
2023-12-26 12:00:00,MLO,3.9
2023-12-26 13:00:00,MLO,2.9
2023-12-26 14:00:00,MLO,2.7
2023-12-26 15:00:00,MLO,3.2
2023-12-26 16:00:00,MLO,2.8
2023-12-26 17:00:00,MLO,3.1
2023-12-26 18:00:00,MLO,2.1
2023-12-26 19:00:00,MLO,1.8
2023-12-26 20:00:00,MLO,2.1
2023-12-26 21:00:00,MLO,3.0
2023-12-26 22:00:00,MLO,3.6
2023-12-26 23:00:00,MLO,3.4
2023-12-27 00:00:00,MLO,3.5
2023-12-27 01:00:00,MLO,3.7
2023-12-27 02:00:00,MLO,2.8
2023-12-27 03:00:00,MLO,2.9
2023-12-27 04:00:00,MLO,2.4
2023-12-27 05:00:00,MLO,2.0
2023-12-27 06:00:00,MLO,2.2
2023-12-27 07:00:00,MLO,2.7
2023-12-27 08:00:00,MLO,2.8
2023-12-27 09:00:00,MLO,2.7
2023-12-27 10:00:00,MLO,2.5
2023-12-27 11:00:00,MLO,2.3
2023-12-27 12:00:00,MLO,2.6
2023-12-27 13:00:00,MLO,2.6
2023-12-27 14:00:00,MLO,3.1
2023-12-27 15:00:00,MLO,2.6
2023-12-27 16:00:00,MLO,3.0
2023-12-27 17:00:00,MLO,3.8
2023-12-27 18:00:00,MLO,1.7
2023-12-27 19:00:00,MLO,0.8
2023-12-27 20:00:00,MLO,1.7
2023-12-27 21:00:00,MLO,2.3
2023-12-27 22:00:00,MLO,3.2
2023-12-27 23:00:00,MLO,3.5
2023-12-28 00:00:00,MLO,3.2
2023-12-28 01:00:00,MLO,2.4
2023-12-28 02:00:00,MLO,1.9
2023-12-28 03:00:00,MLO,1.1
2023-12-28 04:00:00,MLO,1.5
2023-12-28 05:00:00,MLO,1.7
2023-12-28 06:00:00,MLO,1.8
2023-12-28 07:00:00,MLO,2.5
2023-12-28 08:00:00,MLO,3.0
2023-12-28 09:00:00,MLO,3.3
2023-12-28 10:00:00,MLO,4.0
2023-12-28 11:00:00,MLO,4.0
2023-12-28 12:00:00,MLO,4.9
2023-12-28 13:00:00,MLO,5.3
2023-12-28 14:00:00,MLO,5.3
2023-12-28 15:00:00,MLO,5.2
2023-12-28 16:00:00,MLO,5.1
2023-12-28 17:00:00,MLO,4.1
2023-12-28 18:00:00,MLO,3.7
2023-12-28 19:00:00,MLO,3.4
2023-12-28 20:00:00,MLO,3.0
2023-12-28 21:00:00,MLO,3.0
2023-12-28 22:00:00,MLO,3.1
2023-12-28 23:00:00,MLO,3.3
2023-12-29 00:00:00,MLO,3.4
2023-12-29 01:00:00,MLO,3.5
2023-12-29 02:00:00,MLO,3.4
2023-12-29 03:00:00,MLO,3.7
2023-12-29 04:00:00,MLO,4.3
2023-12-29 05:00:00,MLO,5.0
2023-12-29 06:00:00,MLO,4.5
2023-12-29 07:00:00,MLO,4.2
2023-12-29 08:00:00,MLO,3.5
2023-12-29 09:00:00,MLO,3.7
2023-12-29 10:00:00,MLO,4.1
2023-12-29 11:00:00,MLO,3.7
2023-12-29 12:00:00,MLO,3.6
2023-12-29 13:00:00,MLO,3.9
2023-12-29 14:00:00,MLO,4.4
2023-12-29 15:00:00,MLO,4.7
2023-12-29 16:00:00,MLO,3.3
2023-12-29 17:00:00,MLO,3.7
2023-12-29 18:00:00,MLO,1.8
2023-12-29 19:00:00,MLO,1.3
2023-12-29 20:00:00,MLO,1.9
2023-12-29 21:00:00,MLO,2.5
2023-12-29 22:00:00,MLO,3.4
2023-12-29 23:00:00,MLO,3.0
2023-12-30 00:00:00,MLO,3.1
2023-12-30 01:00:00,MLO,3.3
2023-12-30 02:00:00,MLO,2.8
2023-12-30 03:00:00,MLO,0.4
2023-12-30 04:00:00,MLO,0.6
2023-12-30 05:00:00,MLO,1.2
2023-12-30 06:00:00,MLO,2.4
2023-12-30 07:00:00,MLO,4.3
2023-12-30 08:00:00,MLO,4.2
2023-12-30 09:00:00,MLO,5.0
2023-12-30 10:00:00,MLO,6.4
2023-12-30 11:00:00,MLO,7.3
2023-12-30 12:00:00,MLO,2.9
2023-12-30 13:00:00,MLO,3.0
2023-12-30 14:00:00,MLO,3.7
2023-12-30 15:00:00,MLO,2.7
2023-12-30 16:00:00,MLO,2.8
2023-12-30 17:00:00,MLO,2.0
2023-12-30 18:00:00,MLO,2.5
2023-12-30 19:00:00,MLO,2.2
2023-12-30 20:00:00,MLO,2.1
2023-12-30 21:00:00,MLO,2.7
2023-12-30 22:00:00,MLO,3.1
2023-12-30 23:00:00,MLO,3.0
2023-12-31 00:00:00,MLO,3.3
2023-12-31 01:00:00,MLO,3.5
2023-12-31 02:00:00,MLO,4.0
2023-12-31 03:00:00,MLO,2.1
2023-12-31 04:00:00,MLO,2.4
2023-12-31 05:00:00,MLO,5.0
2023-12-31 06:00:00,MLO,6.6
2023-12-31 07:00:00,MLO,5.4
2023-12-31 08:00:00,MLO,3.3
2023-12-31 09:00:00,MLO,5.0
2023-12-31 10:00:00,MLO,2.3
2023-12-31 11:00:00,MLO,3.6
2023-12-31 12:00:00,MLO,3.9
2023-12-31 13:00:00,MLO,4.4
2023-12-31 14:00:00,MLO,3.9
2023-12-31 15:00:00,MLO,2.6
2023-12-31 16:00:00,MLO,3.2
2023-12-31 17:00:00,MLO,5.1
2023-12-31 18:00:00,MLO,2.7
2023-12-31 19:00:00,MLO,1.6
2023-12-31 20:00:00,MLO,2.2
2023-12-31 21:00:00,MLO,2.4
2023-12-31 22:00:00,MLO,4.1
2023-12-31 23:00:00,MLO,4.1
2024-01-01 00:00:00,MLO,4.8
2024-01-01 01:00:00,MLO,3.8
2024-01-01 02:00:00,MLO,2.0
2024-01-01 03:00:00,MLO,0.8
2024-01-01 04:00:00,MLO,0.8
2024-01-01 05:00:00,MLO,3.0
2024-01-01 06:00:00,MLO,3.8
2024-01-01 07:00:00,MLO,3.1
2024-01-01 08:00:00,MLO,4.8
2024-01-01 09:00:00,MLO,5.2
2024-01-01 10:00:00,MLO,4.6
2024-01-01 11:00:00,MLO,2.4
2024-01-01 12:00:00,MLO,2.2
2024-01-01 13:00:00,MLO,3.8
2024-01-01 14:00:00,MLO,3.1
2024-01-01 15:00:00,MLO,2.8
2024-01-01 16:00:00,MLO,1.7
2024-01-01 17:00:00,MLO,1.6
2024-01-01 18:00:00,MLO,1.2
2024-01-01 19:00:00,MLO,1.2
2024-01-01 20:00:00,MLO,1.9
2024-01-01 21:00:00,MLO,2.5
2024-01-01 22:00:00,MLO,2.5
2024-01-01 23:00:00,MLO,3.2
2024-01-02 00:00:00,MLO,2.5
2024-01-02 01:00:00,MLO,2.9
2024-01-02 02:00:00,MLO,2.4
2024-01-02 03:00:00,MLO,1.6
2024-01-02 04:00:00,MLO,1.1
2024-01-02 05:00:00,MLO,1.8
2024-01-02 06:00:00,MLO,4.1
2024-01-02 07:00:00,MLO,5.4
2024-01-02 08:00:00,MLO,7.5
2024-01-02 09:00:00,MLO,7.4
2024-01-02 10:00:00,MLO,7.5
2024-01-02 11:00:00,MLO,7.2
2024-01-02 12:00:00,MLO,7.0
2024-01-02 13:00:00,MLO,6.4
2024-01-02 14:00:00,MLO,6.6
2024-01-02 15:00:00,MLO,6.6
2024-01-02 16:00:00,MLO,5.7
2024-01-02 17:00:00,MLO,3.5
2024-01-02 18:00:00,MLO,1.6
2024-01-02 19:00:00,MLO,0.9
2024-01-02 20:00:00,MLO,2.2
2024-01-02 21:00:00,MLO,2.9
2024-01-02 22:00:00,MLO,3.4
2024-01-02 23:00:00,MLO,3.6
2024-01-03 00:00:00,MLO,3.7
2024-01-03 01:00:00,MLO,4.0
2024-01-03 02:00:00,MLO,3.9
2024-01-03 03:00:00,MLO,2.8
2024-01-03 04:00:00,MLO,0.7
2024-01-03 05:00:00,MLO,1.8
2024-01-03 06:00:00,MLO,1.7
2024-01-03 07:00:00,MLO,3.3
2024-01-03 08:00:00,MLO,2.6
2024-01-03 09:00:00,MLO,2.8
2024-01-03 10:00:00,MLO,1.7
2024-01-03 11:00:00,MLO,2.4
2024-01-03 12:00:00,MLO,3.1
2024-01-03 13:00:00,MLO,3.3
2024-01-03 14:00:00,MLO,4.7
2024-01-03 15:00:00,MLO,8.3
2024-01-03 16:00:00,MLO,8.4
2024-01-03 17:00:00,MLO,8.4
2024-01-03 18:00:00,MLO,1.3
2024-01-03 19:00:00,MLO,1.1
2024-01-03 20:00:00,MLO,2.2
2024-01-03 21:00:00,MLO,2.9
2024-01-03 22:00:00,MLO,3.3
2024-01-03 23:00:00,MLO,3.0
2024-01-04 00:00:00,MLO,3.4
2024-01-04 01:00:00,MLO,3.5
2024-01-04 02:00:00,MLO,2.4
2024-01-04 03:00:00,MLO,1.6
2024-01-04 04:00:00,MLO,0.6
2024-01-04 05:00:00,MLO,1.5
2024-01-04 06:00:00,MLO,1.7
2024-01-04 07:00:00,MLO,3.1
2024-01-04 08:00:00,MLO,3.1
2024-01-04 09:00:00,MLO,3.9
2024-01-04 10:00:00,MLO,3.5
2024-01-04 11:00:00,MLO,4.1
2024-01-04 12:00:00,MLO,4.1
2024-01-04 13:00:00,MLO,4.7
2024-01-04 14:00:00,MLO,6.6
2024-01-04 15:00:00,MLO,8.0
2024-01-04 16:00:00,MLO,9.0
2024-01-04 17:00:00,MLO,9.1
2024-01-04 18:00:00,MLO,8.6
2024-01-04 19:00:00,MLO,8.5
2024-01-04 20:00:00,MLO,8.8
2024-01-04 21:00:00,MLO,8.5
2024-01-04 22:00:00,MLO,8.5
2024-01-04 23:00:00,MLO,8.7
2024-01-05 00:00:00,MLO,7.5
2024-01-05 01:00:00,MLO,7.0
2024-01-05 02:00:00,MLO,10.1
2024-01-05 03:00:00,MLO,11.7
2024-01-05 04:00:00,MLO,11.5
2024-01-05 05:00:00,MLO,12.0
2024-01-05 06:00:00,MLO,12.6
2024-01-05 07:00:00,MLO,13.0
2024-01-05 08:00:00,MLO,13.6
2024-01-05 09:00:00,MLO,13.1
2024-01-05 10:00:00,MLO,11.9
2024-01-05 11:00:00,MLO,10.7
2024-01-05 12:00:00,MLO,11.9
2024-01-05 13:00:00,MLO,11.7
2024-01-05 14:00:00,MLO,11.0
2024-01-05 15:00:00,MLO,10.8
2024-01-05 16:00:00,MLO,11.1
2024-01-05 17:00:00,MLO,11.1
2024-01-05 18:00:00,MLO,9.8
2024-01-05 19:00:00,MLO,9.2
2024-01-05 20:00:00,MLO,2.2
2024-01-05 21:00:00,MLO,3.1
2024-01-05 22:00:00,MLO,3.7
2024-01-05 23:00:00,MLO,3.5
2024-01-06 00:00:00,MLO,3.1
2024-01-06 01:00:00,MLO,2.8
2024-01-06 02:00:00,MLO,2.8
2024-01-06 03:00:00,MLO,1.2
2024-01-06 04:00:00,MLO,0.5
2024-01-06 05:00:00,MLO,2.0
2024-01-06 06:00:00,MLO,3.1
2024-01-06 07:00:00,MLO,9.5
2024-01-06 08:00:00,MLO,3.2
2024-01-06 09:00:00,MLO,4.1
2024-01-06 10:00:00,MLO,6.5
2024-01-06 11:00:00,MLO,1.9
2024-01-06 12:00:00,MLO,2.3
2024-01-06 13:00:00,MLO,2.7
2024-01-06 14:00:00,MLO,3.6
2024-01-06 15:00:00,MLO,5.6
2024-01-06 16:00:00,MLO,6.8
2024-01-06 17:00:00,MLO,7.1
2024-01-06 18:00:00,MLO,2.9
2024-01-06 19:00:00,MLO,4.3
2024-01-06 20:00:00,MLO,2.9
2024-01-06 21:00:00,MLO,3.0
2024-01-06 22:00:00,MLO,4.0
2024-01-06 23:00:00,MLO,4.0
2024-01-07 00:00:00,MLO,3.8
2024-01-07 01:00:00,MLO,3.4
2024-01-07 02:00:00,MLO,2.2
2024-01-07 03:00:00,MLO,0.9
2024-01-07 04:00:00,MLO,0.6
2024-01-07 05:00:00,MLO,4.2
2024-01-07 06:00:00,MLO,6.2
2024-01-07 07:00:00,MLO,7.5
2024-01-07 08:00:00,MLO,4.2
2024-01-07 09:00:00,MLO,3.5
2024-01-07 10:00:00,MLO,6.2
2024-01-07 11:00:00,MLO,3.2
2024-01-07 12:00:00,MLO,7.1
2024-01-07 13:00:00,MLO,1.5
2024-01-07 14:00:00,MLO,1.2
2024-01-07 15:00:00,MLO,1.1
2024-01-07 16:00:00,MLO,0.9
2024-01-07 17:00:00,MLO,1.3
2024-01-07 18:00:00,MLO,1.6
2024-01-07 19:00:00,MLO,1.6
2024-01-07 20:00:00,MLO,1.5
2024-01-07 21:00:00,MLO,2.9
2024-01-07 22:00:00,MLO,3.0
2024-01-07 23:00:00,MLO,2.7
2024-01-08 00:00:00,MLO,3.0
2024-01-08 01:00:00,MLO,4.8
2024-01-08 02:00:00,MLO,5.6
2024-01-08 03:00:00,MLO,2.7
2024-01-08 04:00:00,MLO,5.2
2024-01-08 05:00:00,MLO,5.5
2024-01-08 06:00:00,MLO,5.6
2024-01-08 07:00:00,MLO,6.3
2024-01-08 08:00:00,MLO,7.0
2024-01-08 09:00:00,MLO,6.7
2024-01-08 10:00:00,MLO,7.5
2024-01-08 11:00:00,MLO,7.1
2024-01-08 12:00:00,MLO,7.1
2024-01-08 13:00:00,MLO,6.9
2024-01-08 14:00:00,MLO,6.1
2024-01-08 15:00:00,MLO,6.4
2024-01-08 16:00:00,MLO,6.8
2024-01-08 17:00:00,MLO,6.8
2024-01-08 18:00:00,MLO,5.0
2024-01-08 19:00:00,MLO,1.7
2024-01-08 20:00:00,MLO,2.4
2024-01-08 21:00:00,MLO,4.5
2024-01-08 22:00:00,MLO,5.4
2024-01-08 23:00:00,MLO,5.7
2024-01-09 00:00:00,MLO,2.8
2024-01-09 01:00:00,MLO,3.1
2024-01-09 02:00:00,MLO,3.6
2024-01-09 03:00:00,MLO,1.7
2024-01-09 04:00:00,MLO,7.6
2024-01-09 05:00:00,MLO,9.3
2024-01-09 06:00:00,MLO,7.9
2024-01-09 07:00:00,MLO,5.1
2024-01-09 08:00:00,MLO,12.3
2024-01-09 09:00:00,MLO,15.3
2024-01-09 10:00:00,MLO,15.6
2024-01-09 11:00:00,MLO,16.1
2024-01-09 12:00:00,MLO,16.5
2024-01-09 13:00:00,MLO,16.1
2024-01-09 14:00:00,MLO,13.5
2024-01-09 15:00:00,MLO,14.8
2024-01-09 16:00:00,MLO,14.0
2024-01-09 17:00:00,MLO,14.5
2024-01-09 18:00:00,MLO,11.7
2024-01-09 19:00:00,MLO,12.9
2024-01-09 20:00:00,MLO,8.4
2024-01-09 21:00:00,MLO,9.0
2024-01-09 22:00:00,MLO,12.1
2024-01-09 23:00:00,MLO,7.7
2024-01-10 00:00:00,MLO,2.3
2024-01-10 01:00:00,MLO,12.2
2024-01-10 02:00:00,MLO,13.0
2024-01-10 03:00:00,MLO,14.8
2024-01-10 04:00:00,MLO,16.2
2024-01-10 05:00:00,MLO,17.6
2024-01-10 06:00:00,MLO,17.4
2024-01-10 07:00:00,MLO,17.5
2024-01-10 08:00:00,MLO,19.0
2024-01-10 09:00:00,MLO,17.3
2024-01-10 10:00:00,MLO,14.3
2024-01-10 11:00:00,MLO,11.3
2024-01-10 12:00:00,MLO,9.7
2024-01-10 13:00:00,MLO,9.2
2024-01-10 14:00:00,MLO,9.2
2024-01-10 15:00:00,MLO,11.9
2024-01-10 16:00:00,MLO,9.1
2024-01-10 17:00:00,MLO,7.4
2024-01-10 18:00:00,MLO,6.6
2024-01-10 19:00:00,MLO,7.0
2024-01-10 20:00:00,MLO,7.0
2024-01-10 21:00:00,MLO,6.6
2024-01-10 22:00:00,MLO,7.9
2024-01-10 23:00:00,MLO,7.3
2024-01-11 00:00:00,MLO,6.6
2024-01-11 01:00:00,MLO,9.0
2024-01-11 02:00:00,MLO,10.1
2024-01-11 03:00:00,MLO,11.4
2024-01-11 04:00:00,MLO,11.8
2024-01-11 05:00:00,MLO,13.3
2024-01-11 06:00:00,MLO,15.2
2024-01-11 07:00:00,MLO,15.7
2024-01-11 08:00:00,MLO,16.2
2024-01-11 09:00:00,MLO,17.6
2024-01-11 10:00:00,MLO,17.5
2024-01-11 11:00:00,MLO,17.0
2024-01-11 12:00:00,MLO,16.8
2024-01-11 13:00:00,MLO,16.8
2024-01-11 14:00:00,MLO,15.8
2024-01-11 15:00:00,MLO,15.6
2024-01-11 16:00:00,MLO,16.2
2024-01-11 17:00:00,MLO,17.3
2024-01-11 18:00:00,MLO,17.9
2024-01-11 19:00:00,MLO,18.7
2024-01-11 20:00:00,MLO,18.9
2024-01-11 21:00:00,MLO,18.7
2024-01-11 22:00:00,MLO,19.3
2024-01-11 23:00:00,MLO,18.5
2024-01-12 00:00:00,MLO,17.5
2024-01-12 01:00:00,MLO,17.2
2024-01-12 02:00:00,MLO,17.1
2024-01-12 03:00:00,MLO,16.8
2024-01-12 04:00:00,MLO,16.2
2024-01-12 05:00:00,MLO,15.5
2024-01-12 06:00:00,MLO,16.7
2024-01-12 07:00:00,MLO,16.2
2024-01-12 08:00:00,MLO,15.2
2024-01-12 09:00:00,MLO,14.1
2024-01-12 10:00:00,MLO,15.2
2024-01-12 11:00:00,MLO,16.9
2024-01-12 12:00:00,MLO,17.0
2024-01-12 13:00:00,MLO,16.7
2024-01-12 14:00:00,MLO,16.4
2024-01-12 15:00:00,MLO,15.5
2024-01-12 16:00:00,MLO,15.0
2024-01-12 17:00:00,MLO,17.6
2024-01-12 18:00:00,MLO,16.9
2024-01-12 19:00:00,MLO,16.0
2024-01-12 20:00:00,MLO,12.0
2024-01-12 21:00:00,MLO,11.5
2024-01-12 22:00:00,MLO,8.9
2024-01-12 23:00:00,MLO,8.3
2024-01-13 00:00:00,MLO,8.0
2024-01-13 01:00:00,MLO,6.9
2024-01-13 02:00:00,MLO,5.9
2024-01-13 03:00:00,MLO,4.2
2024-01-13 04:00:00,MLO,3.5
2024-01-13 05:00:00,MLO,1.6
2024-01-13 06:00:00,MLO,3.1
2024-01-13 07:00:00,MLO,6.5
2024-01-13 08:00:00,MLO,6.7
2024-01-13 09:00:00,MLO,6.0
2024-01-13 10:00:00,MLO,5.8
2024-01-13 11:00:00,MLO,4.6
2024-01-13 12:00:00,MLO,4.1
2024-01-13 13:00:00,MLO,4.8
2024-01-13 14:00:00,MLO,6.6
2024-01-13 15:00:00,MLO,8.0
2024-01-13 16:00:00,MLO,7.9
2024-01-13 17:00:00,MLO,7.9
2024-01-13 18:00:00,MLO,8.1
2024-01-13 19:00:00,MLO,8.2
2024-01-13 20:00:00,MLO,8.0
2024-01-13 21:00:00,MLO,8.2
2024-01-13 22:00:00,MLO,9.2
2024-01-13 23:00:00,MLO,9.8
2024-01-14 00:00:00,MLO,10.6
2024-01-14 01:00:00,MLO,10.7
2024-01-14 02:00:00,MLO,10.8
2024-01-14 03:00:00,MLO,9.4
2024-01-14 04:00:00,MLO,8.3
2024-01-14 05:00:00,MLO,9.0
2024-01-14 06:00:00,MLO,9.4
2024-01-14 07:00:00,MLO,9.8
2024-01-14 08:00:00,MLO,10.5
2024-01-14 09:00:00,MLO,10.3
2024-01-14 10:00:00,MLO,9.3
2024-01-14 11:00:00,MLO,9.0
2024-01-14 12:00:00,MLO,9.1
2024-01-14 13:00:00,MLO,8.0
2024-01-14 14:00:00,MLO,8.2
2024-01-14 15:00:00,MLO,8.8
2024-01-14 16:00:00,MLO,9.2
2024-01-14 17:00:00,MLO,8.6
2024-01-14 18:00:00,MLO,7.5
2024-01-14 19:00:00,MLO,8.7
2024-01-14 20:00:00,MLO,7.9
2024-01-14 21:00:00,MLO,7.5
2024-01-14 22:00:00,MLO,7.1
2024-01-14 23:00:00,MLO,7.0
2024-01-15 00:00:00,MLO,7.1
2024-01-15 01:00:00,MLO,7.5
2024-01-15 02:00:00,MLO,6.8
2024-01-15 03:00:00,MLO,7.1
2024-01-15 04:00:00,MLO,6.3
2024-01-15 05:00:00,MLO,7.0
2024-01-15 06:00:00,MLO,7.1
2024-01-15 07:00:00,MLO,7.6
2024-01-15 08:00:00,MLO,7.1
2024-01-15 09:00:00,MLO,7.7
2024-01-15 10:00:00,MLO,8.7
2024-01-15 11:00:00,MLO,8.6
2024-01-15 12:00:00,MLO,8.8
2024-01-15 13:00:00,MLO,8.1
2024-01-15 14:00:00,MLO,7.9
2024-01-15 15:00:00,MLO,8.2
2024-01-15 16:00:00,MLO,8.4
2024-01-15 17:00:00,MLO,7.8
2024-01-15 18:00:00,MLO,7.3
2024-01-15 19:00:00,MLO,7.6
2024-01-15 20:00:00,MLO,8.6
2024-01-15 21:00:00,MLO,8.2
2024-01-15 22:00:00,MLO,7.6
2024-01-15 23:00:00,MLO,6.7
2024-01-16 00:00:00,MLO,7.2
2024-01-16 01:00:00,MLO,6.9
2024-01-16 02:00:00,MLO,6.9
2024-01-16 03:00:00,MLO,6.1
2024-01-16 04:00:00,MLO,4.8
2024-01-16 05:00:00,MLO,5.1
2024-01-16 06:00:00,MLO,5.0
2024-01-16 07:00:00,MLO,4.5
2024-01-16 08:00:00,MLO,4.6
2024-01-16 09:00:00,MLO,6.3
2024-01-16 10:00:00,MLO,11.1
2024-01-16 11:00:00,MLO,11.2
2024-01-16 12:00:00,MLO,11.8
2024-01-16 13:00:00,MLO,12.0
2024-01-16 14:00:00,MLO,12.7
2024-01-16 15:00:00,MLO,13.3
2024-01-16 16:00:00,MLO,14.1
2024-01-16 17:00:00,MLO,14.6
2024-01-16 18:00:00,MLO,15.7
2024-01-16 19:00:00,MLO,15.3
2024-01-16 20:00:00,MLO,15.2
2024-01-16 21:00:00,MLO,15.5
2024-01-16 22:00:00,MLO,16.1
2024-01-16 23:00:00,MLO,14.9
2024-01-17 00:00:00,MLO,14.3
2024-01-17 01:00:00,MLO,14.9
2024-01-17 02:00:00,MLO,15.2
2024-01-17 03:00:00,MLO,15.9
2024-01-17 04:00:00,MLO,16.0
2024-01-17 05:00:00,MLO,16.0
2024-01-17 06:00:00,MLO,16.0
2024-01-17 07:00:00,MLO,16.0
2024-01-17 08:00:00,MLO,15.6
2024-01-17 09:00:00,MLO,16.1
2024-01-17 10:00:00,MLO,16.3
2024-01-17 11:00:00,MLO,17.1
2024-01-17 12:00:00,MLO,15.5
2024-01-17 13:00:00,MLO,15.4
2024-01-17 14:00:00,MLO,14.3
2024-01-17 15:00:00,MLO,12.7
2024-01-17 16:00:00,MLO,11.5
2024-01-17 17:00:00,MLO,11.7
2024-01-17 18:00:00,MLO,11.2
2024-01-17 19:00:00,MLO,11.3
2024-01-17 20:00:00,MLO,11.9
2024-01-17 21:00:00,MLO,12.7
2024-01-17 22:00:00,MLO,13.8
2024-01-17 23:00:00,MLO,15.1
2024-01-18 00:00:00,MLO,16.1
2024-01-18 01:00:00,MLO,15.3
2024-01-18 02:00:00,MLO,16.2
2024-01-18 03:00:00,MLO,16.4
2024-01-18 04:00:00,MLO,15.5
2024-01-18 05:00:00,MLO,16.5
2024-01-18 06:00:00,MLO,16.1
2024-01-18 07:00:00,MLO,15.1
2024-01-18 08:00:00,MLO,13.9
2024-01-18 09:00:00,MLO,13.3
2024-01-18 10:00:00,MLO,13.3
2024-01-18 11:00:00,MLO,12.8
2024-01-18 12:00:00,MLO,13.1
2024-01-18 13:00:00,MLO,13.4
2024-01-18 14:00:00,MLO,12.6
2024-01-18 15:00:00,MLO,11.7
2024-01-18 16:00:00,MLO,11.0
2024-01-18 17:00:00,MLO,10.6
2024-01-18 18:00:00,MLO,10.3
2024-01-18 19:00:00,MLO,10.5
2024-01-18 20:00:00,MLO,10.0
2024-01-18 21:00:00,MLO,8.8
2024-01-18 22:00:00,MLO,8.9
2024-01-18 23:00:00,MLO,8.7
2024-01-19 00:00:00,MLO,6.7
2024-01-19 01:00:00,MLO,6.7
2024-01-19 02:00:00,MLO,6.7
2024-01-19 03:00:00,MLO,6.1
2024-01-19 04:00:00,MLO,4.4
2024-01-19 05:00:00,MLO,4.8
2024-01-19 06:00:00,MLO,5.2
2024-01-19 07:00:00,MLO,5.9
2024-01-19 08:00:00,MLO,5.3
2024-01-19 09:00:00,MLO,4.6
2024-01-19 10:00:00,MLO,4.9
2024-01-19 11:00:00,MLO,5.4
2024-01-19 12:00:00,MLO,5.6
2024-01-19 13:00:00,MLO,5.7
2024-01-19 14:00:00,MLO,5.6
2024-01-19 15:00:00,MLO,5.7
2024-01-19 16:00:00,MLO,5.8
2024-01-19 17:00:00,MLO,5.6
2024-01-19 18:00:00,MLO,3.8
2024-01-19 19:00:00,MLO,2.9
2024-01-19 20:00:00,MLO,2.8
2024-01-19 21:00:00,MLO,3.7
2024-01-19 22:00:00,MLO,3.9
2024-01-19 23:00:00,MLO,3.7
2024-01-20 00:00:00,MLO,3.2
2024-01-20 01:00:00,MLO,2.8
2024-01-20 02:00:00,MLO,1.8
2024-01-20 03:00:00,MLO,0.5
2024-01-20 04:00:00,MLO,1.2
2024-01-20 05:00:00,MLO,1.7
2024-01-20 06:00:00,MLO,4.2
2024-01-20 07:00:00,MLO,4.1
2024-01-20 08:00:00,MLO,4.8
2024-01-20 09:00:00,MLO,4.9
2024-01-20 10:00:00,MLO,4.8
2024-01-20 11:00:00,MLO,4.7
2024-01-20 12:00:00,MLO,5.3
2024-01-20 13:00:00,MLO,4.7
2024-01-20 14:00:00,MLO,4.6
2024-01-20 15:00:00,MLO,3.4
2024-01-20 16:00:00,MLO,3.8
2024-01-20 17:00:00,MLO,4.0
2024-01-20 18:00:00,MLO,3.5
2024-01-20 19:00:00,MLO,1.1
2024-01-20 20:00:00,MLO,1.6
2024-01-20 21:00:00,MLO,2.4
2024-01-20 22:00:00,MLO,2.9
2024-01-20 23:00:00,MLO,3.9
2024-01-21 00:00:00,MLO,3.4
2024-01-21 01:00:00,MLO,3.1
2024-01-21 02:00:00,MLO,2.7
2024-01-21 03:00:00,MLO,1.6
2024-01-21 04:00:00,MLO,1.3
2024-01-21 05:00:00,MLO,0.6
2024-01-21 06:00:00,MLO,1.2
2024-01-21 07:00:00,MLO,1.5
2024-01-21 08:00:00,MLO,1.1
2024-01-21 09:00:00,MLO,1.7
2024-01-21 10:00:00,MLO,7.1
2024-01-21 11:00:00,MLO,10.0
2024-01-21 12:00:00,MLO,9.4
2024-01-21 13:00:00,MLO,10.8
2024-01-21 14:00:00,MLO,10.7
2024-01-21 15:00:00,MLO,10.5
2024-01-21 16:00:00,MLO,11.0
2024-01-21 17:00:00,MLO,10.8
2024-01-21 18:00:00,MLO,7.2
2024-01-21 19:00:00,MLO,3.7
2024-01-21 20:00:00,MLO,2.0
2024-01-21 21:00:00,MLO,2.2
2024-01-21 22:00:00,MLO,2.7
2024-01-21 23:00:00,MLO,2.8
2024-01-22 00:00:00,MLO,3.1
2024-01-22 01:00:00,MLO,2.5
2024-01-22 02:00:00,MLO,0.8
2024-01-22 03:00:00,MLO,4.6
2024-01-22 04:00:00,MLO,9.8
2024-01-22 05:00:00,MLO,8.6
2024-01-22 06:00:00,MLO,8.8
2024-01-22 07:00:00,MLO,8.7
2024-01-22 08:00:00,MLO,8.3
2024-01-22 09:00:00,MLO,7.2
2024-01-22 10:00:00,MLO,7.6
2024-01-22 11:00:00,MLO,7.6
2024-01-22 12:00:00,MLO,7.7
2024-01-22 13:00:00,MLO,6.6
2024-01-22 14:00:00,MLO,6.1
2024-01-22 15:00:00,MLO,6.2
2024-01-22 16:00:00,MLO,5.6
2024-01-22 17:00:00,MLO,5.6
2024-01-22 18:00:00,MLO,4.5
2024-01-22 19:00:00,MLO,4.8
2024-01-22 20:00:00,MLO,4.7
2024-01-22 21:00:00,MLO,5.1
2024-01-22 22:00:00,MLO,5.6
2024-01-22 23:00:00,MLO,3.4
2024-01-23 00:00:00,MLO,3.1
2024-01-23 01:00:00,MLO,3.2
2024-01-23 02:00:00,MLO,3.0
2024-01-23 03:00:00,MLO,2.1
2024-01-23 04:00:00,MLO,0.3
2024-01-23 05:00:00,MLO,2.9
2024-01-23 06:00:00,MLO,3.6
2024-01-23 07:00:00,MLO,4.1
2024-01-23 08:00:00,MLO,3.8
2024-01-23 09:00:00,MLO,4.0
2024-01-23 10:00:00,MLO,3.3
2024-01-23 11:00:00,MLO,5.1
2024-01-23 12:00:00,MLO,7.1
2024-01-23 13:00:00,MLO,6.9
2024-01-23 14:00:00,MLO,7.2
2024-01-23 15:00:00,MLO,6.6
2024-01-23 16:00:00,MLO,6.4
2024-01-23 17:00:00,MLO,6.0
2024-01-23 18:00:00,MLO,5.9
2024-01-23 19:00:00,MLO,3.9
2024-01-23 20:00:00,MLO,5.2
2024-01-23 21:00:00,MLO,5.0
2024-01-23 22:00:00,MLO,2.9
2024-01-23 23:00:00,MLO,3.6
2024-01-24 00:00:00,MLO,3.1
2024-01-24 01:00:00,MLO,2.4
2024-01-24 02:00:00,MLO,1.9
2024-01-24 03:00:00,MLO,1.8
2024-01-24 04:00:00,MLO,3.7
2024-01-24 05:00:00,MLO,8.8
2024-01-24 06:00:00,MLO,10.6
2024-01-24 07:00:00,MLO,10.5
2024-01-24 08:00:00,MLO,10.6
2024-01-24 09:00:00,MLO,10.8
2024-01-24 10:00:00,MLO,9.6
2024-01-24 11:00:00,MLO,9.4
2024-01-24 12:00:00,MLO,9.9
2024-01-24 13:00:00,MLO,11.0
2024-01-24 14:00:00,MLO,9.6
2024-01-24 15:00:00,MLO,9.3
2024-01-24 16:00:00,MLO,8.8
2024-01-24 17:00:00,MLO,9.5
2024-01-24 18:00:00,MLO,9.6
2024-01-24 19:00:00,MLO,8.4
2024-01-24 20:00:00,MLO,6.9
2024-01-24 21:00:00,MLO,8.0
2024-01-24 22:00:00,MLO,8.6
2024-01-24 23:00:00,MLO,9.2
2024-01-25 00:00:00,MLO,9.6
2024-01-25 01:00:00,MLO,9.3
2024-01-25 02:00:00,MLO,9.1
2024-01-25 03:00:00,MLO,8.6
2024-01-25 04:00:00,MLO,7.8
2024-01-25 05:00:00,MLO,6.8
2024-01-25 06:00:00,MLO,7.8
2024-01-25 07:00:00,MLO,8.0
2024-01-25 08:00:00,MLO,8.9
2024-01-25 09:00:00,MLO,8.6
2024-01-25 10:00:00,MLO,9.4
2024-01-25 11:00:00,MLO,9.6
2024-01-25 12:00:00,MLO,9.8
2024-01-25 13:00:00,MLO,10.4
2024-01-25 14:00:00,MLO,11.2
2024-01-25 15:00:00,MLO,11.9
2024-01-25 16:00:00,MLO,12.4
2024-01-25 17:00:00,MLO,12.6
2024-01-25 18:00:00,MLO,12.7
2024-01-25 19:00:00,MLO,13.7
2024-01-25 20:00:00,MLO,14.0
2024-01-25 21:00:00,MLO,14.9
2024-01-25 22:00:00,MLO,14.0
2024-01-25 23:00:00,MLO,13.9
2024-01-26 00:00:00,MLO,14.4
2024-01-26 01:00:00,MLO,13.8
2024-01-26 02:00:00,MLO,12.5
2024-01-26 03:00:00,MLO,12.1
2024-01-26 04:00:00,MLO,10.7
2024-01-26 05:00:00,MLO,10.0
2024-01-26 06:00:00,MLO,9.7
2024-01-26 07:00:00,MLO,9.4
2024-01-26 08:00:00,MLO,9.1
2024-01-26 09:00:00,MLO,8.9
2024-01-26 10:00:00,MLO,8.7
2024-01-26 11:00:00,MLO,9.0
2024-01-26 12:00:00,MLO,9.3
2024-01-26 13:00:00,MLO,9.0
2024-01-26 14:00:00,MLO,9.8
2024-01-26 15:00:00,MLO,10.1
2024-01-26 16:00:00,MLO,9.9
2024-01-26 17:00:00,MLO,9.9
2024-01-26 18:00:00,MLO,9.0
2024-01-26 19:00:00,MLO,9.4
2024-01-26 20:00:00,MLO,9.1
2024-01-26 21:00:00,MLO,8.9
2024-01-26 22:00:00,MLO,8.3
2024-01-26 23:00:00,MLO,8.9
2024-01-27 00:00:00,MLO,9.9
2024-01-27 01:00:00,MLO,11.9
2024-01-27 02:00:00,MLO,13.0
2024-01-27 03:00:00,MLO,13.2
2024-01-27 04:00:00,MLO,13.0
2024-01-27 05:00:00,MLO,13.0
2024-01-27 06:00:00,MLO,13.2
2024-01-27 07:00:00,MLO,13.7
2024-01-27 08:00:00,MLO,14.2
2024-01-27 09:00:00,MLO,14.2
2024-01-27 10:00:00,MLO,13.5
2024-01-27 11:00:00,MLO,13.3
2024-01-27 12:00:00,MLO,13.7
2024-01-27 13:00:00,MLO,13.8
2024-01-27 14:00:00,MLO,14.4
2024-01-27 15:00:00,MLO,14.5
2024-01-27 16:00:00,MLO,14.7
2024-01-27 17:00:00,MLO,14.9
2024-01-27 18:00:00,MLO,14.5
2024-01-27 19:00:00,MLO,13.8
2024-01-27 20:00:00,MLO,13.2
2024-01-27 21:00:00,MLO,12.3
2024-01-27 22:00:00,MLO,12.2
2024-01-27 23:00:00,MLO,12.5
2024-01-28 00:00:00,MLO,12.2
2024-01-28 01:00:00,MLO,10.9
2024-01-28 02:00:00,MLO,9.1
2024-01-28 03:00:00,MLO,8.4
2024-01-28 04:00:00,MLO,8.8
2024-01-28 05:00:00,MLO,8.3
2024-01-28 06:00:00,MLO,8.6
2024-01-28 07:00:00,MLO,10.1
2024-01-28 08:00:00,MLO,9.4
2024-01-28 09:00:00,MLO,8.9
2024-01-28 10:00:00,MLO,8.6
2024-01-28 11:00:00,MLO,9.9
2024-01-28 12:00:00,MLO,10.7
2024-01-28 13:00:00,MLO,10.2
2024-01-28 14:00:00,MLO,8.9
2024-01-28 15:00:00,MLO,10.3
2024-01-28 16:00:00,MLO,10.3
2024-01-28 17:00:00,MLO,10.9
2024-01-28 18:00:00,MLO,11.9
2024-01-28 19:00:00,MLO,12.6
2024-01-28 20:00:00,MLO,11.8
2024-01-28 21:00:00,MLO,11.6
2024-01-28 22:00:00,MLO,11.9
2024-01-28 23:00:00,MLO,12.8
2024-01-29 00:00:00,MLO,12.6
2024-01-29 01:00:00,MLO,12.2
2024-01-29 02:00:00,MLO,11.9
2024-01-29 03:00:00,MLO,11.5
2024-01-29 04:00:00,MLO,11.2
2024-01-29 05:00:00,MLO,11.2
2024-01-29 06:00:00,MLO,11.5
2024-01-29 07:00:00,MLO,11.0
2024-01-29 08:00:00,MLO,9.7
2024-01-29 09:00:00,MLO,10.0
2024-01-29 10:00:00,MLO,9.9
2024-01-29 11:00:00,MLO,10.0
2024-01-29 12:00:00,MLO,9.5
2024-01-29 13:00:00,MLO,10.3
2024-01-29 14:00:00,MLO,10.8
2024-01-29 15:00:00,MLO,11.1
2024-01-29 16:00:00,MLO,11.1
2024-01-29 17:00:00,MLO,11.2
2024-01-29 18:00:00,MLO,11.0
2024-01-29 19:00:00,MLO,11.1
2024-01-29 20:00:00,MLO,11.9
2024-01-29 21:00:00,MLO,12.4
2024-01-29 22:00:00,MLO,12.9
2024-01-29 23:00:00,MLO,12.7
2024-01-30 00:00:00,MLO,12.5
2024-01-30 01:00:00,MLO,12.1
2024-01-30 02:00:00,MLO,11.2
2024-01-30 03:00:00,MLO,11.0
2024-01-30 04:00:00,MLO,10.8
2024-01-30 05:00:00,MLO,10.6
2024-01-30 06:00:00,MLO,10.0
2024-01-30 07:00:00,MLO,9.9
2024-01-30 08:00:00,MLO,9.8
2024-01-30 09:00:00,MLO,9.2
2024-01-30 10:00:00,MLO,8.9
2024-01-30 11:00:00,MLO,9.5
2024-01-30 12:00:00,MLO,9.7
2024-01-30 13:00:00,MLO,9.3
2024-01-30 14:00:00,MLO,9.7
2024-01-30 15:00:00,MLO,9.9
2024-01-30 16:00:00,MLO,9.1
2024-01-30 17:00:00,MLO,9.1
2024-01-30 18:00:00,MLO,8.6
2024-01-30 19:00:00,MLO,9.2
2024-01-30 20:00:00,MLO,8.6
2024-01-30 21:00:00,MLO,8.6
2024-01-30 22:00:00,MLO,8.6
2024-01-30 23:00:00,MLO,8.2
2024-01-31 00:00:00,MLO,8.8
2024-01-31 01:00:00,MLO,9.1
2024-01-31 02:00:00,MLO,9.6
2024-01-31 03:00:00,MLO,8.8
2024-01-31 04:00:00,MLO,9.1
2024-01-31 05:00:00,MLO,8.6
2024-01-31 06:00:00,MLO,8.7
2024-01-31 07:00:00,MLO,8.4
2024-01-31 08:00:00,MLO,8.5
2024-01-31 09:00:00,MLO,8.4
2024-01-31 10:00:00,MLO,8.6
2024-01-31 11:00:00,MLO,8.7
2024-01-31 12:00:00,MLO,8.8
2024-01-31 13:00:00,MLO,8.7
2024-01-31 14:00:00,MLO,8.4
2024-01-31 15:00:00,MLO,8.6
2024-01-31 16:00:00,MLO,8.8
2024-01-31 17:00:00,MLO,8.8
2024-01-31 18:00:00,MLO,8.5
2024-01-31 19:00:00,MLO,8.7
2024-01-31 20:00:00,MLO,8.1
2024-01-31 21:00:00,MLO,7.4
2024-01-31 22:00:00,MLO,5.8
2024-01-31 23:00:00,MLO,5.4
2024-02-01 00:00:00,MLO,7.3
2024-02-01 01:00:00,MLO,7.1
2024-02-01 02:00:00,MLO,7.2
2024-02-01 03:00:00,MLO,6.5
2024-02-01 04:00:00,MLO,7.4
2024-02-01 05:00:00,MLO,7.2
2024-02-01 06:00:00,MLO,6.9
2024-02-01 07:00:00,MLO,6.9
2024-02-01 08:00:00,MLO,6.8
2024-02-01 09:00:00,MLO,6.9
2024-02-01 10:00:00,MLO,7.2
2024-02-01 11:00:00,MLO,7.1
2024-02-01 12:00:00,MLO,7.3
2024-02-01 13:00:00,MLO,7.0
2024-02-01 14:00:00,MLO,7.1
2024-02-01 15:00:00,MLO,6.8
2024-02-01 16:00:00,MLO,4.0
2024-02-01 17:00:00,MLO,7.3
2024-02-01 18:00:00,MLO,5.8
2024-02-01 19:00:00,MLO,5.8
2024-02-01 20:00:00,MLO,5.8
2024-02-01 21:00:00,MLO,5.2
2024-02-01 22:00:00,MLO,4.2
2024-02-01 23:00:00,MLO,3.6
2024-02-02 00:00:00,MLO,3.3
2024-02-02 01:00:00,MLO,2.7
2024-02-02 02:00:00,MLO,2.6
2024-02-02 03:00:00,MLO,2.5
2024-02-02 04:00:00,MLO,4.8
2024-02-02 05:00:00,MLO,1.5
2024-02-02 06:00:00,MLO,4.9
2024-02-02 07:00:00,MLO,7.4
2024-02-02 08:00:00,MLO,8.3
2024-02-02 09:00:00,MLO,8.5
2024-02-02 10:00:00,MLO,8.6
2024-02-02 11:00:00,MLO,8.5
2024-02-02 12:00:00,MLO,8.8
2024-02-02 13:00:00,MLO,8.5
2024-02-02 14:00:00,MLO,8.5
2024-02-02 15:00:00,MLO,8.2
2024-02-02 16:00:00,MLO,8.5
2024-02-02 17:00:00,MLO,8.2
2024-02-02 18:00:00,MLO,8.3
2024-02-02 19:00:00,MLO,9.6
2024-02-02 20:00:00,MLO,10.0
2024-02-02 21:00:00,MLO,8.1
2024-02-02 22:00:00,MLO,9.3
2024-02-02 23:00:00,MLO,8.1
2024-02-03 00:00:00,MLO,7.9
2024-02-03 01:00:00,MLO,6.4
2024-02-03 02:00:00,MLO,8.4
2024-02-03 03:00:00,MLO,8.0
2024-02-03 04:00:00,MLO,7.2
2024-02-03 05:00:00,MLO,6.8
2024-02-03 06:00:00,MLO,6.9
2024-02-03 07:00:00,MLO,5.7
2024-02-03 08:00:00,MLO,4.6
2024-02-03 09:00:00,MLO,4.3
2024-02-03 10:00:00,MLO,3.6
2024-02-03 11:00:00,MLO,2.8
2024-02-03 12:00:00,MLO,2.6
2024-02-03 13:00:00,MLO,3.1
2024-02-03 14:00:00,MLO,5.4
2024-02-03 15:00:00,MLO,5.5
2024-02-03 16:00:00,MLO,6.5
2024-02-03 17:00:00,MLO,5.8
2024-02-03 18:00:00,MLO,5.9
2024-02-03 19:00:00,MLO,6.6
2024-02-03 20:00:00,MLO,7.3
2024-02-03 21:00:00,MLO,6.9
2024-02-03 22:00:00,MLO,5.4
2024-02-03 23:00:00,MLO,6.7
2024-02-04 00:00:00,MLO,7.0
2024-02-04 01:00:00,MLO,5.8
2024-02-04 02:00:00,MLO,4.6
2024-02-04 03:00:00,MLO,3.9
2024-02-04 04:00:00,MLO,3.5
2024-02-04 05:00:00,MLO,3.8
2024-02-04 06:00:00,MLO,4.6
2024-02-04 07:00:00,MLO,5.4
2024-02-04 08:00:00,MLO,5.1
2024-02-04 09:00:00,MLO,4.6
2024-02-04 10:00:00,MLO,4.1
2024-02-04 11:00:00,MLO,4.1
2024-02-04 12:00:00,MLO,3.7
2024-02-04 13:00:00,MLO,3.8
2024-02-04 14:00:00,MLO,3.6
2024-02-04 15:00:00,MLO,3.3
2024-02-04 16:00:00,MLO,4.6
2024-02-04 17:00:00,MLO,3.9
2024-02-04 18:00:00,MLO,2.6
2024-02-04 19:00:00,MLO,2.1
2024-02-04 20:00:00,MLO,4.0
2024-02-04 21:00:00,MLO,5.1
2024-02-04 22:00:00,MLO,5.4
2024-02-04 23:00:00,MLO,6.4
2024-02-05 00:00:00,MLO,5.3
2024-02-05 01:00:00,MLO,5.2
2024-02-05 02:00:00,MLO,4.7
2024-02-05 03:00:00,MLO,4.0
2024-02-05 04:00:00,MLO,4.1
2024-02-05 05:00:00,MLO,4.4
2024-02-05 06:00:00,MLO,3.2
2024-02-05 07:00:00,MLO,4.7
2024-02-05 08:00:00,MLO,4.3
2024-02-05 09:00:00,MLO,2.7
2024-02-05 10:00:00,MLO,4.3
2024-02-05 11:00:00,MLO,4.0
2024-02-05 12:00:00,MLO,6.5
2024-02-05 13:00:00,MLO,8.5
2024-02-05 14:00:00,MLO,10.5
2024-02-05 15:00:00,MLO,10.7
2024-02-05 16:00:00,MLO,10.5
2024-02-05 17:00:00,MLO,10.2
2024-02-05 18:00:00,MLO,9.3
2024-02-05 19:00:00,MLO,7.7
2024-02-05 20:00:00,MLO,6.5
2024-02-05 21:00:00,MLO,4.0
2024-02-05 22:00:00,MLO,2.6
2024-02-05 23:00:00,MLO,2.8
2024-02-06 00:00:00,MLO,2.2
2024-02-06 01:00:00,MLO,0.8
2024-02-06 02:00:00,MLO,0.6
2024-02-06 03:00:00,MLO,3.0
2024-02-06 04:00:00,MLO,2.4
2024-02-06 05:00:00,MLO,6.5
2024-02-06 06:00:00,MLO,9.0
2024-02-06 07:00:00,MLO,11.6
2024-02-06 08:00:00,MLO,11.6
2024-02-06 09:00:00,MLO,11.7
2024-02-06 10:00:00,MLO,12.1
2024-02-06 11:00:00,MLO,11.4
2024-02-06 12:00:00,MLO,11.0
2024-02-06 13:00:00,MLO,9.9
2024-02-06 14:00:00,MLO,9.9
2024-02-06 15:00:00,MLO,9.8
2024-02-06 16:00:00,MLO,10.0
2024-02-06 17:00:00,MLO,9.1
2024-02-06 18:00:00,MLO,8.1
2024-02-06 19:00:00,MLO,7.1
2024-02-06 20:00:00,MLO,5.9
2024-02-06 21:00:00,MLO,5.0
2024-02-06 22:00:00,MLO,2.4
2024-02-06 23:00:00,MLO,2.8
2024-02-07 00:00:00,MLO,2.8
2024-02-07 01:00:00,MLO,2.8
2024-02-07 02:00:00,MLO,2.7
2024-02-07 03:00:00,MLO,2.0
2024-02-07 04:00:00,MLO,3.0
2024-02-07 05:00:00,MLO,5.3
2024-02-07 06:00:00,MLO,6.2
2024-02-07 07:00:00,MLO,7.0
2024-02-07 08:00:00,MLO,7.7
2024-02-07 09:00:00,MLO,7.6
2024-02-07 10:00:00,MLO,7.5
2024-02-07 11:00:00,MLO,8.9
2024-02-07 12:00:00,MLO,8.9
2024-02-07 13:00:00,MLO,8.7
2024-02-07 14:00:00,MLO,7.6
2024-02-07 15:00:00,MLO,7.0
2024-02-07 16:00:00,MLO,7.1
2024-02-07 17:00:00,MLO,7.1
2024-02-07 18:00:00,MLO,5.3
2024-02-07 19:00:00,MLO,4.2
2024-02-07 20:00:00,MLO,4.8
2024-02-07 21:00:00,MLO,5.1
2024-02-07 22:00:00,MLO,5.9
2024-02-07 23:00:00,MLO,5.4
2024-02-08 00:00:00,MLO,5.2
2024-02-08 01:00:00,MLO,5.7
2024-02-08 02:00:00,MLO,5.0
2024-02-08 03:00:00,MLO,4.6
2024-02-08 04:00:00,MLO,4.8
2024-02-08 05:00:00,MLO,4.7
2024-02-08 06:00:00,MLO,5.0
2024-02-08 07:00:00,MLO,5.3
2024-02-08 08:00:00,MLO,5.9
2024-02-08 09:00:00,MLO,6.1
2024-02-08 10:00:00,MLO,7.0
2024-02-08 11:00:00,MLO,7.1
2024-02-08 12:00:00,MLO,8.0
2024-02-08 13:00:00,MLO,7.3
2024-02-08 14:00:00,MLO,8.0
2024-02-08 15:00:00,MLO,7.0
2024-02-08 16:00:00,MLO,8.9
2024-02-08 17:00:00,MLO,8.1
2024-02-08 18:00:00,MLO,4.9
2024-02-08 19:00:00,MLO,4.8
2024-02-08 20:00:00,MLO,4.9
2024-02-08 21:00:00,MLO,5.4
2024-02-08 22:00:00,MLO,5.7
2024-02-08 23:00:00,MLO,5.4
2024-02-09 00:00:00,MLO,7.0
2024-02-09 01:00:00,MLO,7.4
2024-02-09 02:00:00,MLO,6.0
2024-02-09 03:00:00,MLO,4.1
2024-02-09 04:00:00,MLO,2.7
2024-02-09 05:00:00,MLO,2.5
2024-02-09 06:00:00,MLO,3.5
2024-02-09 07:00:00,MLO,2.9
2024-02-09 08:00:00,MLO,3.9
2024-02-09 09:00:00,MLO,5.3
2024-02-09 10:00:00,MLO,7.4
2024-02-09 11:00:00,MLO,7.8
2024-02-09 12:00:00,MLO,2.5
2024-02-09 13:00:00,MLO,6.2
2024-02-09 14:00:00,MLO,2.7
2024-02-09 15:00:00,MLO,2.8
2024-02-09 16:00:00,MLO,2.6
2024-02-09 17:00:00,MLO,4.3
2024-02-09 18:00:00,MLO,1.2
2024-02-09 19:00:00,MLO,1.8
2024-02-09 20:00:00,MLO,2.8
2024-02-09 21:00:00,MLO,3.5
2024-02-09 22:00:00,MLO,4.2
2024-02-09 23:00:00,MLO,4.3
2024-02-10 00:00:00,MLO,4.0
2024-02-10 01:00:00,MLO,4.5
2024-02-10 02:00:00,MLO,3.7
2024-02-10 03:00:00,MLO,3.9
2024-02-10 04:00:00,MLO,1.7
2024-02-10 05:00:00,MLO,1.5
2024-02-10 06:00:00,MLO,3.5
2024-02-10 07:00:00,MLO,3.0
2024-02-10 08:00:00,MLO,3.9
2024-02-10 09:00:00,MLO,4.4
2024-02-10 10:00:00,MLO,4.9
2024-02-10 11:00:00,MLO,5.5
2024-02-10 12:00:00,MLO,6.1
2024-02-10 13:00:00,MLO,6.1
2024-02-10 14:00:00,MLO,5.5
2024-02-10 15:00:00,MLO,5.7
2024-02-10 16:00:00,MLO,6.3
2024-02-10 17:00:00,MLO,6.6
2024-02-10 18:00:00,MLO,5.5
2024-02-10 19:00:00,MLO,4.3
2024-02-10 20:00:00,MLO,3.1
2024-02-10 21:00:00,MLO,3.6
2024-02-10 22:00:00,MLO,4.2
2024-02-10 23:00:00,MLO,3.4
2024-02-11 00:00:00,MLO,3.6
2024-02-11 01:00:00,MLO,3.3
2024-02-11 02:00:00,MLO,3.0
2024-02-11 03:00:00,MLO,2.3
2024-02-11 04:00:00,MLO,3.3
2024-02-11 05:00:00,MLO,5.0
2024-02-11 06:00:00,MLO,5.1
2024-02-11 07:00:00,MLO,5.3
2024-02-11 08:00:00,MLO,5.4
2024-02-11 09:00:00,MLO,5.4
2024-02-11 10:00:00,MLO,6.0
2024-02-11 11:00:00,MLO,6.1
2024-02-11 12:00:00,MLO,4.0
2024-02-11 13:00:00,MLO,5.3
2024-02-11 14:00:00,MLO,6.0
2024-02-11 15:00:00,MLO,6.9
2024-02-11 16:00:00,MLO,7.1
2024-02-11 17:00:00,MLO,6.8
2024-02-11 18:00:00,MLO,6.2
2024-02-11 19:00:00,MLO,7.2
2024-02-11 20:00:00,MLO,5.7
2024-02-11 21:00:00,MLO,4.9
2024-02-11 22:00:00,MLO,5.5
2024-02-11 23:00:00,MLO,6.4
2024-02-12 00:00:00,MLO,7.3
2024-02-12 01:00:00,MLO,8.5
2024-02-12 02:00:00,MLO,9.1
2024-02-12 03:00:00,MLO,8.6
2024-02-12 04:00:00,MLO,9.5
2024-02-12 05:00:00,MLO,9.4
2024-02-12 06:00:00,MLO,9.2
2024-02-12 07:00:00,MLO,8.8
2024-02-12 08:00:00,MLO,9.2
2024-02-12 09:00:00,MLO,9.3
2024-02-12 10:00:00,MLO,9.4
2024-02-12 11:00:00,MLO,10.1
2024-02-12 12:00:00,MLO,10.5
2024-02-12 13:00:00,MLO,11.3
2024-02-12 14:00:00,MLO,11.7
2024-02-12 15:00:00,MLO,11.8
2024-02-12 16:00:00,MLO,11.2
2024-02-12 17:00:00,MLO,11.7
2024-02-12 18:00:00,MLO,12.1
2024-02-12 19:00:00,MLO,12.9
2024-02-12 20:00:00,MLO,12.9
2024-02-12 21:00:00,MLO,13.2
2024-02-12 22:00:00,MLO,13.2
2024-02-12 23:00:00,MLO,12.4
2024-02-13 00:00:00,MLO,11.4
2024-02-13 01:00:00,MLO,10.7
2024-02-13 02:00:00,MLO,10.1
2024-02-13 03:00:00,MLO,9.1
2024-02-13 04:00:00,MLO,9.4
2024-02-13 05:00:00,MLO,9.3
2024-02-13 06:00:00,MLO,8.9
2024-02-13 07:00:00,MLO,8.2
2024-02-13 08:00:00,MLO,6.6
2024-02-13 09:00:00,MLO,6.8
2024-02-13 10:00:00,MLO,6.3
2024-02-13 11:00:00,MLO,7.2
2024-02-13 12:00:00,MLO,7.0
2024-02-13 13:00:00,MLO,6.2
2024-02-13 14:00:00,MLO,5.8
2024-02-13 15:00:00,MLO,5.3
2024-02-13 16:00:00,MLO,5.1
2024-02-13 17:00:00,MLO,4.9
2024-02-13 18:00:00,MLO,4.0
2024-02-13 19:00:00,MLO,3.3
2024-02-13 20:00:00,MLO,3.7
2024-02-13 21:00:00,MLO,3.6
2024-02-13 22:00:00,MLO,4.1
2024-02-13 23:00:00,MLO,4.1
2024-02-14 00:00:00,MLO,4.5
2024-02-14 01:00:00,MLO,5.1
2024-02-14 02:00:00,MLO,4.8
2024-02-14 03:00:00,MLO,4.5
2024-02-14 04:00:00,MLO,4.3
2024-02-14 05:00:00,MLO,5.3
2024-02-14 06:00:00,MLO,5.5
2024-02-14 07:00:00,MLO,5.7
2024-02-14 08:00:00,MLO,5.8
2024-02-14 09:00:00,MLO,5.9
2024-02-14 10:00:00,MLO,6.4
2024-02-14 11:00:00,MLO,6.6
2024-02-14 12:00:00,MLO,6.1
2024-02-14 13:00:00,MLO,6.2
2024-02-14 14:00:00,MLO,8.5
2024-02-14 15:00:00,MLO,8.9
2024-02-14 16:00:00,MLO,8.8
2024-02-14 17:00:00,MLO,7.3
2024-02-14 18:00:00,MLO,5.3
2024-02-14 19:00:00,MLO,1.0
2024-02-14 20:00:00,MLO,2.8
2024-02-14 21:00:00,MLO,3.2
2024-02-14 22:00:00,MLO,3.6
2024-02-14 23:00:00,MLO,3.4
2024-02-15 00:00:00,MLO,3.1
2024-02-15 01:00:00,MLO,6.4
2024-02-15 02:00:00,MLO,6.5
2024-02-15 03:00:00,MLO,7.7
2024-02-15 04:00:00,MLO,9.2
2024-02-15 05:00:00,MLO,9.0
2024-02-15 06:00:00,MLO,8.8
2024-02-15 07:00:00,MLO,9.0
2024-02-15 08:00:00,MLO,9.3
2024-02-15 09:00:00,MLO,9.4
2024-02-15 10:00:00,MLO,10.2
2024-02-15 11:00:00,MLO,10.8
2024-02-15 12:00:00,MLO,10.4
2024-02-15 13:00:00,MLO,11.1
2024-02-15 14:00:00,MLO,11.7
2024-02-15 15:00:00,MLO,11.6
2024-02-15 16:00:00,MLO,11.3
2024-02-15 17:00:00,MLO,11.2
2024-02-15 18:00:00,MLO,11.3
2024-02-15 19:00:00,MLO,11.8
2024-02-15 20:00:00,MLO,11.9
2024-02-15 21:00:00,MLO,12.6
2024-02-15 22:00:00,MLO,12.6
2024-02-15 23:00:00,MLO,12.1
2024-02-16 00:00:00,MLO,11.6
2024-02-16 01:00:00,MLO,11.7
2024-02-16 02:00:00,MLO,12.0
2024-02-16 03:00:00,MLO,12.1
2024-02-16 04:00:00,MLO,11.6
2024-02-16 05:00:00,MLO,11.2
2024-02-16 06:00:00,MLO,11.5
2024-02-16 07:00:00,MLO,12.2
2024-02-16 08:00:00,MLO,12.3
2024-02-16 09:00:00,MLO,12.2
2024-02-16 10:00:00,MLO,12.2
2024-02-16 11:00:00,MLO,12.0
2024-02-16 12:00:00,MLO,12.4
2024-02-16 13:00:00,MLO,12.0
2024-02-16 14:00:00,MLO,12.3
2024-02-16 15:00:00,MLO,12.9
2024-02-16 16:00:00,MLO,12.6
2024-02-16 17:00:00,MLO,11.9
2024-02-16 18:00:00,MLO,12.5
2024-02-16 19:00:00,MLO,13.3
2024-02-16 20:00:00,MLO,13.4
2024-02-16 21:00:00,MLO,14.3
2024-02-16 22:00:00,MLO,14.1
2024-02-16 23:00:00,MLO,13.7
2024-02-17 00:00:00,MLO,13.8
2024-02-17 01:00:00,MLO,14.0
2024-02-17 02:00:00,MLO,13.5
2024-02-17 03:00:00,MLO,12.5
2024-02-17 04:00:00,MLO,11.7
2024-02-17 05:00:00,MLO,11.8
2024-02-17 06:00:00,MLO,10.9
2024-02-17 07:00:00,MLO,10.4
2024-02-17 08:00:00,MLO,9.8
2024-02-17 09:00:00,MLO,9.6
2024-02-17 10:00:00,MLO,9.4
2024-02-17 11:00:00,MLO,9.0
2024-02-17 12:00:00,MLO,9.1
2024-02-17 13:00:00,MLO,9.0
2024-02-17 14:00:00,MLO,8.7
2024-02-17 15:00:00,MLO,8.7
2024-02-17 16:00:00,MLO,7.8
2024-02-17 17:00:00,MLO,8.2
2024-02-17 18:00:00,MLO,8.6
2024-02-17 19:00:00,MLO,8.8
2024-02-17 20:00:00,MLO,7.5
2024-02-17 21:00:00,MLO,6.2
2024-02-17 22:00:00,MLO,6.3
2024-02-17 23:00:00,MLO,6.3
2024-02-18 00:00:00,MLO,6.2
2024-02-18 01:00:00,MLO,5.4
2024-02-18 02:00:00,MLO,5.5
2024-02-18 03:00:00,MLO,6.0
2024-02-18 04:00:00,MLO,6.9
2024-02-18 05:00:00,MLO,7.3
2024-02-18 06:00:00,MLO,7.2
2024-02-18 07:00:00,MLO,6.3
2024-02-18 08:00:00,MLO,6.1
2024-02-18 09:00:00,MLO,6.1
2024-02-18 10:00:00,MLO,6.5
2024-02-18 11:00:00,MLO,5.9
2024-02-18 12:00:00,MLO,6.2
2024-02-18 13:00:00,MLO,6.2
2024-02-18 14:00:00,MLO,6.4
2024-02-18 15:00:00,MLO,5.8
2024-02-18 16:00:00,MLO,6.0
2024-02-18 17:00:00,MLO,5.4
2024-02-18 18:00:00,MLO,4.5
2024-02-18 19:00:00,MLO,5.4
2024-02-18 20:00:00,MLO,4.9
2024-02-18 21:00:00,MLO,4.9
2024-02-18 22:00:00,MLO,5.5
2024-02-18 23:00:00,MLO,5.5
2024-02-19 00:00:00,MLO,5.4
2024-02-19 01:00:00,MLO,5.6
2024-02-19 02:00:00,MLO,5.3
2024-02-19 03:00:00,MLO,5.7
2024-02-19 04:00:00,MLO,4.2
2024-02-19 05:00:00,MLO,2.1
2024-02-19 06:00:00,MLO,2.0
2024-02-19 07:00:00,MLO,1.5
2024-02-19 08:00:00,MLO,2.8
2024-02-19 09:00:00,MLO,4.0
2024-02-19 10:00:00,MLO,5.3
2024-02-19 11:00:00,MLO,5.0
2024-02-19 12:00:00,,4.961538461538462
2024-02-19 13:00:00,,4.923076923076923
2024-02-19 14:00:00,,4.884615384615385
2024-02-19 15:00:00,,4.846153846153846
2024-02-19 16:00:00,,4.8076923076923075
2024-02-19 17:00:00,,4.769230769230769
2024-02-19 18:00:00,,4.730769230769231
2024-02-19 19:00:00,,4.6923076923076925
2024-02-19 20:00:00,,4.653846153846154
2024-02-19 21:00:00,,4.615384615384615
2024-02-19 22:00:00,,4.576923076923077
2024-02-19 23:00:00,,4.538461538461538
2024-02-20 00:00:00,MLO,4.5
2024-02-20 01:00:00,MLO,3.5
2024-02-20 02:00:00,MLO,2.8
2024-02-20 03:00:00,MLO,1.6
2024-02-20 04:00:00,MLO,0.5
2024-02-20 05:00:00,MLO,0.3
2024-02-20 06:00:00,MLO,1.4
2024-02-20 07:00:00,MLO,1.8
2024-02-20 08:00:00,MLO,2.4
2024-02-20 09:00:00,MLO,3.8
2024-02-20 10:00:00,MLO,3.2
2024-02-20 11:00:00,MLO,3.0
2024-02-20 12:00:00,MLO,3.0
2024-02-20 13:00:00,MLO,3.3
2024-02-20 14:00:00,MLO,2.8
2024-02-20 15:00:00,MLO,2.8
2024-02-20 16:00:00,MLO,3.5
2024-02-20 17:00:00,MLO,4.4
2024-02-20 18:00:00,MLO,3.1
2024-02-20 19:00:00,MLO,2.8
2024-02-20 20:00:00,MLO,4.5
2024-02-20 21:00:00,MLO,5.6
2024-02-20 22:00:00,MLO,3.9
2024-02-20 23:00:00,MLO,3.1
2024-02-21 00:00:00,MLO,3.3
2024-02-21 01:00:00,MLO,3.7
2024-02-21 02:00:00,MLO,4.1
2024-02-21 03:00:00,MLO,1.9
2024-02-21 04:00:00,MLO,0.6
2024-02-21 05:00:00,MLO,0.7
2024-02-21 06:00:00,MLO,1.0
2024-02-21 07:00:00,MLO,1.6
2024-02-21 08:00:00,MLO,1.0
2024-02-21 09:00:00,MLO,2.1
2024-02-21 10:00:00,MLO,1.8
2024-02-21 11:00:00,MLO,1.5
2024-02-21 12:00:00,MLO,2.3
2024-02-21 13:00:00,MLO,1.8
2024-02-21 14:00:00,MLO,1.9
2024-02-21 15:00:00,MLO,3.1
2024-02-21 16:00:00,MLO,2.8
2024-02-21 17:00:00,MLO,2.6
2024-02-21 18:00:00,MLO,0.8
2024-02-21 19:00:00,MLO,2.0
2024-02-21 20:00:00,MLO,2.3
2024-02-21 21:00:00,MLO,2.7
2024-02-21 22:00:00,MLO,3.1
2024-02-21 23:00:00,MLO,3.4
2024-02-22 00:00:00,MLO,2.7
2024-02-22 01:00:00,MLO,3.0
2024-02-22 02:00:00,MLO,2.5
2024-02-22 03:00:00,MLO,1.8
2024-02-22 04:00:00,MLO,0.9
2024-02-22 05:00:00,MLO,0.3
2024-02-22 06:00:00,MLO,1.4
2024-02-22 07:00:00,MLO,0.9
2024-02-22 08:00:00,MLO,1.1
2024-02-22 09:00:00,MLO,1.7
2024-02-22 10:00:00,MLO,1.8
2024-02-22 11:00:00,MLO,1.6
2024-02-22 12:00:00,MLO,2.4
2024-02-22 13:00:00,MLO,2.4
2024-02-22 14:00:00,MLO,3.5
2024-02-22 15:00:00,MLO,3.1
2024-02-22 16:00:00,MLO,3.2
2024-02-22 17:00:00,MLO,2.7
2024-02-22 18:00:00,MLO,0.1
2024-02-22 19:00:00,MLO,1.5
2024-02-22 20:00:00,MLO,2.8
2024-02-22 21:00:00,MLO,2.9
2024-02-22 22:00:00,MLO,3.5
2024-02-22 23:00:00,MLO,3.7
2024-02-23 00:00:00,MLO,3.4
2024-02-23 01:00:00,MLO,4.2
2024-02-23 02:00:00,MLO,2.6
2024-02-23 03:00:00,MLO,2.6
2024-02-23 04:00:00,MLO,2.2
2024-02-23 05:00:00,MLO,0.8
2024-02-23 06:00:00,MLO,2.5
2024-02-23 07:00:00,MLO,4.2
2024-02-23 08:00:00,MLO,3.6
2024-02-23 09:00:00,MLO,2.0
2024-02-23 10:00:00,MLO,2.5
2024-02-23 11:00:00,MLO,4.7
2024-02-23 12:00:00,MLO,3.9
2024-02-23 13:00:00,MLO,3.8
2024-02-23 14:00:00,MLO,3.7
2024-02-23 15:00:00,MLO,4.2
2024-02-23 16:00:00,MLO,4.8
2024-02-23 17:00:00,MLO,4.6
2024-02-23 18:00:00,MLO,0.2
2024-02-23 19:00:00,MLO,2.1
2024-02-23 20:00:00,MLO,2.4
2024-02-23 21:00:00,MLO,2.8
2024-02-23 22:00:00,MLO,3.4
2024-02-23 23:00:00,MLO,3.3
2024-02-24 00:00:00,MLO,3.9
2024-02-24 01:00:00,MLO,3.7
2024-02-24 02:00:00,MLO,2.7
2024-02-24 03:00:00,MLO,1.8
2024-02-24 04:00:00,MLO,1.1
2024-02-24 05:00:00,MLO,1.3
2024-02-24 06:00:00,MLO,2.4
2024-02-24 07:00:00,MLO,1.8
2024-02-24 08:00:00,MLO,1.7
2024-02-24 09:00:00,MLO,2.6
2024-02-24 10:00:00,MLO,1.1
2024-02-24 11:00:00,MLO,1.5
2024-02-24 12:00:00,MLO,1.5
2024-02-24 13:00:00,MLO,2.4
2024-02-24 14:00:00,MLO,1.7
2024-02-24 15:00:00,MLO,1.8
2024-02-24 16:00:00,MLO,2.0
2024-02-24 17:00:00,MLO,1.0
2024-02-24 18:00:00,MLO,0.1
2024-02-24 19:00:00,MLO,1.4
2024-02-24 20:00:00,MLO,2.5
2024-02-24 21:00:00,MLO,3.0
2024-02-24 22:00:00,MLO,3.9
2024-02-24 23:00:00,MLO,6.1
2024-02-25 00:00:00,MLO,6.6
2024-02-25 01:00:00,MLO,4.7
2024-02-25 02:00:00,MLO,1.8
2024-02-25 03:00:00,MLO,2.3
2024-02-25 04:00:00,MLO,1.2
2024-02-25 05:00:00,MLO,0.8
2024-02-25 06:00:00,MLO,0.6
2024-02-25 07:00:00,MLO,1.4
2024-02-25 08:00:00,MLO,1.8
2024-02-25 09:00:00,MLO,2.3
2024-02-25 10:00:00,MLO,2.6
2024-02-25 11:00:00,MLO,1.6
2024-02-25 12:00:00,MLO,1.6
2024-02-25 13:00:00,MLO,1.1
2024-02-25 14:00:00,MLO,2.9
2024-02-25 15:00:00,MLO,3.3
2024-02-25 16:00:00,MLO,2.7
2024-02-25 17:00:00,MLO,2.1
2024-02-25 18:00:00,MLO,1.1
2024-02-25 19:00:00,MLO,4.1
2024-02-25 20:00:00,MLO,4.4
2024-02-25 21:00:00,MLO,4.9
2024-02-25 22:00:00,MLO,4.4
2024-02-25 23:00:00,MLO,4.9
2024-02-26 00:00:00,MLO,4.1
2024-02-26 01:00:00,MLO,4.0
2024-02-26 02:00:00,MLO,4.1
2024-02-26 03:00:00,MLO,3.2
2024-02-26 04:00:00,MLO,2.8
2024-02-26 05:00:00,MLO,2.9
2024-02-26 06:00:00,MLO,2.8
2024-02-26 07:00:00,MLO,3.8
2024-02-26 08:00:00,MLO,4.2
2024-02-26 09:00:00,MLO,4.4
2024-02-26 10:00:00,MLO,4.5
2024-02-26 11:00:00,MLO,4.6
2024-02-26 12:00:00,MLO,4.9
2024-02-26 13:00:00,MLO,5.2
2024-02-26 14:00:00,MLO,5.4
2024-02-26 15:00:00,MLO,4.4
2024-02-26 16:00:00,MLO,4.4
2024-02-26 17:00:00,MLO,5.5
2024-02-26 18:00:00,MLO,2.6
2024-02-26 19:00:00,MLO,3.7
2024-02-26 20:00:00,MLO,4.1
2024-02-26 21:00:00,MLO,3.5
2024-02-26 22:00:00,MLO,3.6
2024-02-26 23:00:00,MLO,4.1
2024-02-27 00:00:00,MLO,3.7
2024-02-27 01:00:00,MLO,3.3
2024-02-27 02:00:00,MLO,2.7
2024-02-27 03:00:00,MLO,4.5
2024-02-27 04:00:00,MLO,4.2
2024-02-27 05:00:00,MLO,5.5
2024-02-27 06:00:00,MLO,7.4
2024-02-27 07:00:00,MLO,9.5
2024-02-27 08:00:00,MLO,10.3
2024-02-27 09:00:00,MLO,9.0
2024-02-27 10:00:00,MLO,8.5
2024-02-27 11:00:00,MLO,4.5
2024-02-27 12:00:00,MLO,6.6
2024-02-27 13:00:00,MLO,5.2
2024-02-27 14:00:00,MLO,3.1
2024-02-27 15:00:00,MLO,2.9
2024-02-27 16:00:00,MLO,3.3
2024-02-27 17:00:00,MLO,1.9
2024-02-27 18:00:00,MLO,0.6
2024-02-27 19:00:00,MLO,2.2
2024-02-27 20:00:00,MLO,3.6
2024-02-27 21:00:00,MLO,3.3
2024-02-27 22:00:00,MLO,4.5
2024-02-27 23:00:00,MLO,4.0
2024-02-28 00:00:00,MLO,4.1
2024-02-28 01:00:00,MLO,3.5
2024-02-28 02:00:00,MLO,3.0
2024-02-28 03:00:00,MLO,2.7
2024-02-28 04:00:00,MLO,1.3
2024-02-28 05:00:00,MLO,1.3
2024-02-28 06:00:00,MLO,1.2
2024-02-28 07:00:00,MLO,1.7
2024-02-28 08:00:00,MLO,1.4
2024-02-28 09:00:00,MLO,2.9
2024-02-28 10:00:00,MLO,3.6
2024-02-28 11:00:00,MLO,3.5
2024-02-28 12:00:00,MLO,2.7
2024-02-28 13:00:00,MLO,2.0
2024-02-28 14:00:00,MLO,2.2
2024-02-28 15:00:00,MLO,2.2
2024-02-28 16:00:00,MLO,1.7
2024-02-28 17:00:00,MLO,3.2
2024-02-28 18:00:00,MLO,0.8
2024-02-28 19:00:00,MLO,1.5
2024-02-28 20:00:00,MLO,2.8
2024-02-28 21:00:00,MLO,3.1
2024-02-28 22:00:00,MLO,3.7
2024-02-28 23:00:00,MLO,4.0
2024-02-29 00:00:00,MLO,3.4
2024-02-29 01:00:00,MLO,3.1
2024-02-29 02:00:00,MLO,2.2
2024-02-29 03:00:00,MLO,2.4
2024-02-29 04:00:00,MLO,1.6
2024-02-29 05:00:00,MLO,0.6
2024-02-29 06:00:00,MLO,0.8
2024-02-29 07:00:00,MLO,0.7
2024-02-29 08:00:00,MLO,0.4
2024-02-29 09:00:00,MLO,1.8
2024-02-29 10:00:00,MLO,1.7
2024-02-29 11:00:00,MLO,2.7
2024-02-29 12:00:00,MLO,2.6
2024-02-29 13:00:00,MLO,2.8
2024-02-29 14:00:00,MLO,5.2
2024-02-29 15:00:00,MLO,2.4
2024-02-29 16:00:00,MLO,1.1
2024-02-29 17:00:00,MLO,1.1
2024-02-29 18:00:00,MLO,1.0
2024-02-29 19:00:00,MLO,2.6
2024-02-29 20:00:00,MLO,3.9
2024-02-29 21:00:00,MLO,4.2
2024-02-29 22:00:00,MLO,4.0
2024-02-29 23:00:00,MLO,3.9
2024-03-01 00:00:00,MLO,3.8
2024-03-01 01:00:00,MLO,4.0
2024-03-01 02:00:00,MLO,3.5
2024-03-01 03:00:00,MLO,2.9
2024-03-01 04:00:00,MLO,1.2
2024-03-01 05:00:00,MLO,0.2
2024-03-01 06:00:00,MLO,0.6
2024-03-01 07:00:00,MLO,1.5
2024-03-01 08:00:00,MLO,1.8
2024-03-01 09:00:00,MLO,2.3
2024-03-01 10:00:00,MLO,2.1
2024-03-01 11:00:00,MLO,1.9
2024-03-01 12:00:00,MLO,2.4
2024-03-01 13:00:00,MLO,3.9
2024-03-01 14:00:00,MLO,4.2
2024-03-01 15:00:00,MLO,2.8
2024-03-01 16:00:00,MLO,1.4
2024-03-01 17:00:00,MLO,4.2
2024-03-01 18:00:00,MLO,1.5
2024-03-01 19:00:00,MLO,1.9
2024-03-01 20:00:00,MLO,3.5
2024-03-01 21:00:00,MLO,3.4
2024-03-01 22:00:00,MLO,4.2
2024-03-01 23:00:00,MLO,4.1
2024-03-02 00:00:00,MLO,3.6
2024-03-02 01:00:00,MLO,4.0
2024-03-02 02:00:00,MLO,3.4
2024-03-02 03:00:00,MLO,2.2
2024-03-02 04:00:00,MLO,2.5
2024-03-02 05:00:00,MLO,3.8
2024-03-02 06:00:00,MLO,3.2
2024-03-02 07:00:00,MLO,3.8
2024-03-02 08:00:00,MLO,4.3
2024-03-02 09:00:00,MLO,4.5
2024-03-02 10:00:00,MLO,5.0
2024-03-02 11:00:00,MLO,4.9
2024-03-02 12:00:00,MLO,4.8
2024-03-02 13:00:00,MLO,4.3
2024-03-02 14:00:00,MLO,4.3
2024-03-02 15:00:00,MLO,3.9
2024-03-02 16:00:00,MLO,3.6
2024-03-02 17:00:00,MLO,2.0
2024-03-02 18:00:00,MLO,1.5
2024-03-02 19:00:00,MLO,3.2
2024-03-02 20:00:00,MLO,3.8
2024-03-02 21:00:00,MLO,4.0
2024-03-02 22:00:00,MLO,4.3
2024-03-02 23:00:00,MLO,5.1
2024-03-03 00:00:00,MLO,3.0
2024-03-03 01:00:00,MLO,1.6
2024-03-03 02:00:00,MLO,3.0
2024-03-03 03:00:00,MLO,2.3
2024-03-03 04:00:00,MLO,0.6
2024-03-03 05:00:00,MLO,2.4
2024-03-03 06:00:00,MLO,3.6
2024-03-03 07:00:00,MLO,3.9
2024-03-03 08:00:00,MLO,4.6
2024-03-03 09:00:00,MLO,3.8
2024-03-03 10:00:00,MLO,1.0
2024-03-03 11:00:00,MLO,2.0
2024-03-03 12:00:00,MLO,2.7
2024-03-03 13:00:00,MLO,4.7
2024-03-03 14:00:00,MLO,7.6
2024-03-03 15:00:00,MLO,8.6
2024-03-03 16:00:00,MLO,8.7
2024-03-03 17:00:00,MLO,8.6
2024-03-03 18:00:00,MLO,6.5
2024-03-03 19:00:00,MLO,4.1
2024-03-03 20:00:00,MLO,1.3
2024-03-03 21:00:00,MLO,2.0
2024-03-03 22:00:00,MLO,3.1
2024-03-03 23:00:00,MLO,3.3
2024-03-04 00:00:00,MLO,2.9
2024-03-04 01:00:00,MLO,2.6
2024-03-04 02:00:00,MLO,2.0
2024-03-04 03:00:00,MLO,1.5
2024-03-04 04:00:00,MLO,0.5
2024-03-04 05:00:00,MLO,1.1
2024-03-04 06:00:00,MLO,1.7
2024-03-04 07:00:00,MLO,0.6
2024-03-04 08:00:00,MLO,0.8
2024-03-04 09:00:00,MLO,1.1
2024-03-04 10:00:00,MLO,0.3
2024-03-04 11:00:00,MLO,1.5
2024-03-04 12:00:00,MLO,0.4
2024-03-04 13:00:00,MLO,1.7
2024-03-04 14:00:00,MLO,1.3
2024-03-04 15:00:00,MLO,1.1
2024-03-04 16:00:00,MLO,2.8
2024-03-04 17:00:00,MLO,2.4
2024-03-04 18:00:00,MLO,0.7
2024-03-04 19:00:00,MLO,1.3
2024-03-04 20:00:00,MLO,2.9
2024-03-04 21:00:00,MLO,3.7
2024-03-04 22:00:00,MLO,4.2
2024-03-04 23:00:00,MLO,3.8
2024-03-05 00:00:00,MLO,3.2
2024-03-05 01:00:00,MLO,4.7
2024-03-05 02:00:00,MLO,2.1
2024-03-05 03:00:00,MLO,1.8
2024-03-05 04:00:00,MLO,2.6
2024-03-05 05:00:00,MLO,3.0
2024-03-05 06:00:00,MLO,4.2
2024-03-05 07:00:00,MLO,5.2
2024-03-05 08:00:00,MLO,5.6
2024-03-05 09:00:00,MLO,5.0
2024-03-05 10:00:00,MLO,5.0
2024-03-05 11:00:00,MLO,4.4
2024-03-05 12:00:00,MLO,4.3
2024-03-05 13:00:00,MLO,3.2
2024-03-05 14:00:00,MLO,2.3
2024-03-05 15:00:00,MLO,3.7
2024-03-05 16:00:00,MLO,2.5
2024-03-05 17:00:00,MLO,1.9
2024-03-05 18:00:00,MLO,1.1
2024-03-05 19:00:00,MLO,1.2
2024-03-05 20:00:00,MLO,2.9
2024-03-05 21:00:00,MLO,3.1
2024-03-05 22:00:00,MLO,3.8
2024-03-05 23:00:00,MLO,3.6
2024-03-06 00:00:00,MLO,3.3
2024-03-06 01:00:00,MLO,1.9
2024-03-06 02:00:00,MLO,3.1
2024-03-06 03:00:00,MLO,3.9
2024-03-06 04:00:00,MLO,3.0
2024-03-06 05:00:00,MLO,3.3
2024-03-06 06:00:00,MLO,4.3
2024-03-06 07:00:00,MLO,4.5
2024-03-06 08:00:00,MLO,4.8
2024-03-06 09:00:00,MLO,5.1
2024-03-06 10:00:00,MLO,6.4
2024-03-06 11:00:00,MLO,4.9
2024-03-06 12:00:00,MLO,5.1
2024-03-06 13:00:00,MLO,1.5
2024-03-06 14:00:00,MLO,2.1
2024-03-06 15:00:00,MLO,1.1
2024-03-06 16:00:00,MLO,3.3
2024-03-06 17:00:00,MLO,3.7
2024-03-06 18:00:00,MLO,3.8
2024-03-06 19:00:00,MLO,1.1
2024-03-06 20:00:00,MLO,3.5
2024-03-06 21:00:00,MLO,3.9
2024-03-06 22:00:00,MLO,6.0
2024-03-06 23:00:00,MLO,1.3
2024-03-07 00:00:00,MLO,2.9
2024-03-07 01:00:00,MLO,3.0
2024-03-07 02:00:00,MLO,2.0
2024-03-07 03:00:00,MLO,1.3
2024-03-07 04:00:00,MLO,1.5
2024-03-07 05:00:00,MLO,4.4
2024-03-07 06:00:00,MLO,5.1
2024-03-07 07:00:00,MLO,5.5
2024-03-07 08:00:00,MLO,7.2
2024-03-07 09:00:00,MLO,5.8
2024-03-07 10:00:00,MLO,6.7
2024-03-07 11:00:00,MLO,6.7
2024-03-07 12:00:00,MLO,5.5
2024-03-07 13:00:00,MLO,4.4
2024-03-07 14:00:00,MLO,3.9
2024-03-07 15:00:00,MLO,5.9
2024-03-07 16:00:00,MLO,3.0
2024-03-07 17:00:00,MLO,4.0
2024-03-07 18:00:00,MLO,2.4
2024-03-07 19:00:00,MLO,3.8
2024-03-07 20:00:00,MLO,4.8
2024-03-07 21:00:00,MLO,6.3
2024-03-07 22:00:00,MLO,4.7
2024-03-07 23:00:00,MLO,3.5
2024-03-08 00:00:00,MLO,3.3
2024-03-08 01:00:00,MLO,5.2
2024-03-08 02:00:00,MLO,4.3
2024-03-08 03:00:00,MLO,4.8
2024-03-08 04:00:00,MLO,4.8
2024-03-08 05:00:00,MLO,5.1
2024-03-08 06:00:00,MLO,4.8
2024-03-08 07:00:00,MLO,5.3
2024-03-08 08:00:00,MLO,5.0
2024-03-08 09:00:00,MLO,5.1
2024-03-08 10:00:00,MLO,5.3
2024-03-08 11:00:00,MLO,4.5
2024-03-08 12:00:00,MLO,5.6
2024-03-08 13:00:00,MLO,5.4
2024-03-08 14:00:00,MLO,5.7
2024-03-08 15:00:00,MLO,6.1
2024-03-08 16:00:00,MLO,6.8
2024-03-08 17:00:00,MLO,7.3
2024-03-08 18:00:00,MLO,6.6
2024-03-08 19:00:00,MLO,6.4
2024-03-08 20:00:00,MLO,5.3
2024-03-08 21:00:00,MLO,4.8
2024-03-08 22:00:00,MLO,4.0
2024-03-08 23:00:00,MLO,2.5
2024-03-09 00:00:00,MLO,3.4
2024-03-09 01:00:00,MLO,1.4
2024-03-09 02:00:00,MLO,1.9
2024-03-09 03:00:00,MLO,2.1
2024-03-09 04:00:00,MLO,1.0
2024-03-09 05:00:00,MLO,4.4
2024-03-09 06:00:00,MLO,4.6
2024-03-09 07:00:00,MLO,5.6
2024-03-09 08:00:00,MLO,5.2
2024-03-09 09:00:00,MLO,4.7
2024-03-09 10:00:00,MLO,5.2
2024-03-09 11:00:00,MLO,4.9
2024-03-09 12:00:00,MLO,2.6
2024-03-09 13:00:00,MLO,1.6
2024-03-09 14:00:00,MLO,1.7
2024-03-09 15:00:00,MLO,2.6
2024-03-09 16:00:00,MLO,2.3
2024-03-09 17:00:00,MLO,1.6
2024-03-09 18:00:00,MLO,0.6
2024-03-09 19:00:00,MLO,1.7
2024-03-09 20:00:00,MLO,2.9
2024-03-09 21:00:00,MLO,2.8
2024-03-09 22:00:00,MLO,3.9
2024-03-09 23:00:00,MLO,3.9
2024-03-10 00:00:00,MLO,4.2
2024-03-10 01:00:00,MLO,3.5
2024-03-10 02:00:00,MLO,3.0
2024-03-10 03:00:00,MLO,3.3
2024-03-10 04:00:00,MLO,4.1
2024-03-10 05:00:00,MLO,4.4
2024-03-10 06:00:00,MLO,4.5
2024-03-10 07:00:00,MLO,5.4
2024-03-10 08:00:00,MLO,3.0
2024-03-10 09:00:00,MLO,2.5
2024-03-10 10:00:00,MLO,1.7
2024-03-10 11:00:00,MLO,0.9
2024-03-10 12:00:00,MLO,1.1
2024-03-10 13:00:00,MLO,1.7
2024-03-10 14:00:00,MLO,3.3
2024-03-10 15:00:00,MLO,1.7
2024-03-10 16:00:00,MLO,1.4
2024-03-10 17:00:00,MLO,2.7
2024-03-10 18:00:00,MLO,1.0
2024-03-10 19:00:00,MLO,0.4
2024-03-10 20:00:00,MLO,2.9
2024-03-10 21:00:00,MLO,3.0
2024-03-10 22:00:00,MLO,3.4
2024-03-10 23:00:00,MLO,3.5
2024-03-11 00:00:00,MLO,4.0
2024-03-11 01:00:00,MLO,2.2
2024-03-11 02:00:00,MLO,2.1
2024-03-11 03:00:00,MLO,0.5
2024-03-11 04:00:00,MLO,3.0
2024-03-11 05:00:00,MLO,1.8
2024-03-11 06:00:00,MLO,1.3
2024-03-11 07:00:00,MLO,0.5
2024-03-11 08:00:00,MLO,1.9
2024-03-11 09:00:00,MLO,1.1
2024-03-11 10:00:00,MLO,1.8
2024-03-11 11:00:00,MLO,2.1
2024-03-11 12:00:00,MLO,0.8
2024-03-11 13:00:00,MLO,2.7
2024-03-11 14:00:00,MLO,1.7
2024-03-11 15:00:00,MLO,4.1
2024-03-11 16:00:00,MLO,5.5
2024-03-11 17:00:00,MLO,5.7
2024-03-11 18:00:00,MLO,4.3
2024-03-11 19:00:00,MLO,5.6
2024-03-11 20:00:00,MLO,4.4
2024-03-11 21:00:00,MLO,1.4
2024-03-11 22:00:00,MLO,1.9
2024-03-11 23:00:00,MLO,2.7
2024-03-12 00:00:00,MLO,1.8
2024-03-12 01:00:00,MLO,5.0
2024-03-12 02:00:00,MLO,4.5
2024-03-12 03:00:00,MLO,3.6
2024-03-12 04:00:00,MLO,6.6
2024-03-12 05:00:00,MLO,3.1
2024-03-12 06:00:00,MLO,8.2
2024-03-12 07:00:00,MLO,1.0
2024-03-12 08:00:00,MLO,1.0
2024-03-12 09:00:00,MLO,4.6
2024-03-12 10:00:00,MLO,5.6
2024-03-12 11:00:00,MLO,4.7
2024-03-12 12:00:00,MLO,6.9
2024-03-12 13:00:00,MLO,3.2
2024-03-12 14:00:00,MLO,0.1
2024-03-12 15:00:00,MLO,1.3
2024-03-12 16:00:00,MLO,0.8
2024-03-12 17:00:00,MLO,0.3
2024-03-12 18:00:00,MLO,1.8
2024-03-12 19:00:00,MLO,1.7
2024-03-12 20:00:00,MLO,2.1
2024-03-12 21:00:00,MLO,3.1
2024-03-12 22:00:00,MLO,2.8
2024-03-12 23:00:00,MLO,1.0
2024-03-13 00:00:00,MLO,1.2
2024-03-13 01:00:00,MLO,1.9
2024-03-13 02:00:00,MLO,1.6
2024-03-13 03:00:00,MLO,2.8
2024-03-13 04:00:00,MLO,2.6
2024-03-13 05:00:00,MLO,1.0
2024-03-13 06:00:00,MLO,1.6
2024-03-13 07:00:00,MLO,2.8
2024-03-13 08:00:00,MLO,2.1
2024-03-13 09:00:00,MLO,5.0
2024-03-13 10:00:00,MLO,4.4
2024-03-13 11:00:00,MLO,5.4
2024-03-13 12:00:00,MLO,5.3
2024-03-13 13:00:00,MLO,6.1
2024-03-13 14:00:00,MLO,6.0
2024-03-13 15:00:00,MLO,6.2
2024-03-13 16:00:00,MLO,5.3
2024-03-13 17:00:00,MLO,1.2
2024-03-13 18:00:00,MLO,1.8
2024-03-13 19:00:00,MLO,2.1
2024-03-13 20:00:00,MLO,4.4
2024-03-13 21:00:00,MLO,6.0
2024-03-13 22:00:00,MLO,6.2
2024-03-13 23:00:00,MLO,5.7
2024-03-14 00:00:00,MLO,5.8
2024-03-14 01:00:00,MLO,5.2
2024-03-14 02:00:00,MLO,3.5
2024-03-14 03:00:00,MLO,1.2
2024-03-14 04:00:00,MLO,2.3
2024-03-14 05:00:00,MLO,8.9
2024-03-14 06:00:00,MLO,9.5
2024-03-14 07:00:00,MLO,8.9
2024-03-14 08:00:00,MLO,7.6
2024-03-14 09:00:00,MLO,6.4
2024-03-14 10:00:00,MLO,4.9
2024-03-14 11:00:00,MLO,5.7
2024-03-14 12:00:00,MLO,5.9
2024-03-14 13:00:00,MLO,5.8
2024-03-14 14:00:00,MLO,6.0
2024-03-14 15:00:00,MLO,5.4
2024-03-14 16:00:00,MLO,4.5
2024-03-14 17:00:00,MLO,4.3
2024-03-14 18:00:00,MLO,4.1
2024-03-14 19:00:00,MLO,3.3
2024-03-14 20:00:00,MLO,2.7
2024-03-14 21:00:00,MLO,3.1
2024-03-14 22:00:00,MLO,3.9
2024-03-14 23:00:00,MLO,3.9
2024-03-15 00:00:00,MLO,4.1
2024-03-15 01:00:00,MLO,4.8
2024-03-15 02:00:00,MLO,4.9
2024-03-15 03:00:00,MLO,4.5
2024-03-15 04:00:00,MLO,6.3
2024-03-15 05:00:00,MLO,8.3
2024-03-15 06:00:00,MLO,7.9
2024-03-15 07:00:00,MLO,8.1
2024-03-15 08:00:00,MLO,8.4
2024-03-15 09:00:00,MLO,8.5
2024-03-15 10:00:00,MLO,8.9
2024-03-15 11:00:00,MLO,8.9
2024-03-15 12:00:00,MLO,9.1
2024-03-15 13:00:00,MLO,9.0
2024-03-15 14:00:00,MLO,8.7
2024-03-15 15:00:00,MLO,8.9
2024-03-15 16:00:00,MLO,8.7
2024-03-15 17:00:00,MLO,8.4
2024-03-15 18:00:00,MLO,8.9
2024-03-15 19:00:00,MLO,9.5
2024-03-15 20:00:00,MLO,9.0
2024-03-15 21:00:00,MLO,8.8
2024-03-15 22:00:00,MLO,8.0
2024-03-15 23:00:00,MLO,8.1
2024-03-16 00:00:00,MLO,7.0
2024-03-16 01:00:00,MLO,5.9
2024-03-16 02:00:00,MLO,6.9
2024-03-16 03:00:00,MLO,6.6
2024-03-16 04:00:00,MLO,7.0
2024-03-16 05:00:00,MLO,6.8
2024-03-16 06:00:00,MLO,6.9
2024-03-16 07:00:00,MLO,7.3
2024-03-16 08:00:00,MLO,7.7
2024-03-16 09:00:00,MLO,7.6
2024-03-16 10:00:00,MLO,8.3
2024-03-16 11:00:00,MLO,9.1
2024-03-16 12:00:00,MLO,9.3
2024-03-16 13:00:00,MLO,8.4
2024-03-16 14:00:00,MLO,7.1
2024-03-16 15:00:00,MLO,6.4
2024-03-16 16:00:00,MLO,5.9
2024-03-16 17:00:00,MLO,5.4
2024-03-16 18:00:00,MLO,5.0
2024-03-16 19:00:00,MLO,4.3
2024-03-16 20:00:00,MLO,4.6
2024-03-16 21:00:00,MLO,5.4
2024-03-16 22:00:00,MLO,5.5
2024-03-16 23:00:00,MLO,4.6
2024-03-17 00:00:00,MLO,4.5
2024-03-17 01:00:00,MLO,4.6
2024-03-17 02:00:00,MLO,4.3
2024-03-17 03:00:00,MLO,4.6
2024-03-17 04:00:00,MLO,4.6
2024-03-17 05:00:00,MLO,5.7
2024-03-17 06:00:00,MLO,5.3
2024-03-17 07:00:00,MLO,6.1
2024-03-17 08:00:00,MLO,6.2
2024-03-17 09:00:00,MLO,6.4
2024-03-17 10:00:00,MLO,6.2
2024-03-17 11:00:00,MLO,5.8
2024-03-17 12:00:00,MLO,6.4
2024-03-17 13:00:00,MLO,6.2
2024-03-17 14:00:00,MLO,6.4
2024-03-17 15:00:00,MLO,6.0
2024-03-17 16:00:00,MLO,5.6
2024-03-17 17:00:00,MLO,5.2
2024-03-17 18:00:00,MLO,4.6
2024-03-17 19:00:00,MLO,4.6
2024-03-17 20:00:00,MLO,4.8
2024-03-17 21:00:00,MLO,4.5
2024-03-17 22:00:00,MLO,5.1
2024-03-17 23:00:00,MLO,5.3
2024-03-18 00:00:00,MLO,5.6
2024-03-18 01:00:00,MLO,5.1
2024-03-18 02:00:00,MLO,4.2
2024-03-18 03:00:00,MLO,3.7
2024-03-18 04:00:00,MLO,4.4
2024-03-18 05:00:00,MLO,3.9
2024-03-18 06:00:00,MLO,4.1
2024-03-18 07:00:00,MLO,3.1
2024-03-18 08:00:00,MLO,3.2
2024-03-18 09:00:00,MLO,3.8
2024-03-18 10:00:00,MLO,3.5
2024-03-18 11:00:00,MLO,3.2
2024-03-18 12:00:00,MLO,2.9
2024-03-18 13:00:00,MLO,3.1
2024-03-18 14:00:00,MLO,3.1
2024-03-18 15:00:00,MLO,2.9
2024-03-18 16:00:00,MLO,2.9
2024-03-18 17:00:00,MLO,2.2
2024-03-18 18:00:00,MLO,2.4
2024-03-18 19:00:00,MLO,3.1
2024-03-18 20:00:00,MLO,3.4
2024-03-18 21:00:00,MLO,3.7
2024-03-18 22:00:00,MLO,4.6
2024-03-18 23:00:00,MLO,5.2
2024-03-19 00:00:00,MLO,4.9
2024-03-19 01:00:00,MLO,4.3
2024-03-19 02:00:00,MLO,4.4
2024-03-19 03:00:00,MLO,3.9
2024-03-19 04:00:00,MLO,2.1
2024-03-19 05:00:00,MLO,2.1
2024-03-19 06:00:00,MLO,2.4
2024-03-19 07:00:00,MLO,2.6
2024-03-19 08:00:00,MLO,2.2
2024-03-19 09:00:00,MLO,2.3
2024-03-19 10:00:00,MLO,2.3
2024-03-19 11:00:00,MLO,2.6
2024-03-19 12:00:00,MLO,3.0
2024-03-19 13:00:00,MLO,2.7
2024-03-19 14:00:00,MLO,3.2
2024-03-19 15:00:00,MLO,4.1
2024-03-19 16:00:00,MLO,4.2
2024-03-19 17:00:00,MLO,3.5
2024-03-19 18:00:00,MLO,1.2
2024-03-19 19:00:00,MLO,2.1
2024-03-19 20:00:00,MLO,3.0
2024-03-19 21:00:00,MLO,3.8
2024-03-19 22:00:00,MLO,3.5
2024-03-19 23:00:00,MLO,3.5
2024-03-20 00:00:00,MLO,3.2
2024-03-20 01:00:00,MLO,3.1
2024-03-20 02:00:00,MLO,2.3
2024-03-20 03:00:00,MLO,2.1
2024-03-20 04:00:00,MLO,1.6
2024-03-20 05:00:00,MLO,1.6
2024-03-20 06:00:00,MLO,2.4
2024-03-20 07:00:00,MLO,3.9
2024-03-20 08:00:00,MLO,3.9
2024-03-20 09:00:00,MLO,3.2
2024-03-20 10:00:00,MLO,4.1
2024-03-20 11:00:00,MLO,4.5
2024-03-20 12:00:00,MLO,4.6
2024-03-20 13:00:00,MLO,4.9
2024-03-20 14:00:00,MLO,4.3
2024-03-20 15:00:00,MLO,3.8
2024-03-20 16:00:00,MLO,2.7
2024-03-20 17:00:00,MLO,2.5
2024-03-20 18:00:00,MLO,1.0
2024-03-20 19:00:00,MLO,2.7
2024-03-20 20:00:00,MLO,3.4
2024-03-20 21:00:00,MLO,3.6
2024-03-20 22:00:00,MLO,4.8
2024-03-20 23:00:00,MLO,4.6
2024-03-21 00:00:00,MLO,3.8
2024-03-21 01:00:00,MLO,3.6
2024-03-21 02:00:00,MLO,3.4
2024-03-21 03:00:00,MLO,2.5
2024-03-21 04:00:00,MLO,2.3
2024-03-21 05:00:00,MLO,2.0
2024-03-21 06:00:00,MLO,2.0
2024-03-21 07:00:00,MLO,2.0
2024-03-21 08:00:00,MLO,2.9
2024-03-21 09:00:00,MLO,3.2
2024-03-21 10:00:00,MLO,3.8
2024-03-21 11:00:00,MLO,3.3
2024-03-21 12:00:00,MLO,3.7
2024-03-21 13:00:00,MLO,2.1
2024-03-21 14:00:00,MLO,3.1
2024-03-21 15:00:00,MLO,2.8
2024-03-21 16:00:00,MLO,2.5
2024-03-21 17:00:00,MLO,1.6
2024-03-21 18:00:00,MLO,3.8
2024-03-21 19:00:00,MLO,4.2
2024-03-21 20:00:00,MLO,4.2
2024-03-21 21:00:00,MLO,3.6
2024-03-21 22:00:00,MLO,3.9
2024-03-21 23:00:00,MLO,4.4
2024-03-22 00:00:00,MLO,4.1
2024-03-22 01:00:00,MLO,3.8
2024-03-22 02:00:00,MLO,2.7
2024-03-22 03:00:00,MLO,2.0
2024-03-22 04:00:00,MLO,1.7
2024-03-22 05:00:00,MLO,1.4
2024-03-22 06:00:00,MLO,1.9
2024-03-22 07:00:00,MLO,2.6
2024-03-22 08:00:00,MLO,2.7
2024-03-22 09:00:00,MLO,3.1
2024-03-22 10:00:00,MLO,2.3
2024-03-22 11:00:00,MLO,3.4
2024-03-22 12:00:00,MLO,2.7
2024-03-22 13:00:00,MLO,3.7
2024-03-22 14:00:00,MLO,4.0
2024-03-22 15:00:00,MLO,3.8
2024-03-22 16:00:00,MLO,3.8
2024-03-22 17:00:00,MLO,3.9
2024-03-22 18:00:00,MLO,5.2
2024-03-22 19:00:00,MLO,6.2
2024-03-22 20:00:00,MLO,5.7
2024-03-22 21:00:00,MLO,5.2
2024-03-22 22:00:00,MLO,6.1
2024-03-22 23:00:00,MLO,7.0
2024-03-23 00:00:00,MLO,6.4
2024-03-23 01:00:00,MLO,6.4
2024-03-23 02:00:00,MLO,7.0
2024-03-23 03:00:00,MLO,6.9
2024-03-23 04:00:00,MLO,7.2
2024-03-23 05:00:00,MLO,6.9
2024-03-23 06:00:00,MLO,7.1
2024-03-23 07:00:00,MLO,7.0
2024-03-23 08:00:00,MLO,6.9
2024-03-23 09:00:00,MLO,6.2
2024-03-23 10:00:00,MLO,7.1
2024-03-23 11:00:00,MLO,6.9
2024-03-23 12:00:00,MLO,7.9
2024-03-23 13:00:00,MLO,7.1
2024-03-23 14:00:00,MLO,8.3
2024-03-23 15:00:00,MLO,8.8
2024-03-23 16:00:00,MLO,9.1
2024-03-23 17:00:00,MLO,9.1
2024-03-23 18:00:00,MLO,8.0
2024-03-23 19:00:00,MLO,7.3
2024-03-23 20:00:00,MLO,7.8
2024-03-23 21:00:00,MLO,7.3
2024-03-23 22:00:00,MLO,7.4
2024-03-23 23:00:00,MLO,7.8
2024-03-24 00:00:00,MLO,8.5
2024-03-24 01:00:00,MLO,8.7
2024-03-24 02:00:00,MLO,9.0
2024-03-24 03:00:00,MLO,9.0
2024-03-24 04:00:00,MLO,9.2
2024-03-24 05:00:00,MLO,9.6
2024-03-24 06:00:00,MLO,9.2
2024-03-24 07:00:00,MLO,9.1
2024-03-24 08:00:00,MLO,9.5
2024-03-24 09:00:00,MLO,9.9
2024-03-24 10:00:00,MLO,9.7
2024-03-24 11:00:00,MLO,9.8
2024-03-24 12:00:00,MLO,10.2
2024-03-24 13:00:00,MLO,10.0
2024-03-24 14:00:00,MLO,11.1
2024-03-24 15:00:00,MLO,11.4
2024-03-24 16:00:00,MLO,12.5
2024-03-24 17:00:00,MLO,12.3
2024-03-24 18:00:00,MLO,10.9
2024-03-24 19:00:00,MLO,9.9
2024-03-24 20:00:00,MLO,10.8
2024-03-24 21:00:00,MLO,13.8
2024-03-24 22:00:00,MLO,13.0
2024-03-24 23:00:00,MLO,12.6
2024-03-25 00:00:00,MLO,15.0
2024-03-25 01:00:00,MLO,13.1
2024-03-25 02:00:00,MLO,10.7
2024-03-25 03:00:00,MLO,12.8
2024-03-25 04:00:00,MLO,8.7
2024-03-25 05:00:00,MLO,12.0
2024-03-25 06:00:00,MLO,12.3
2024-03-25 07:00:00,MLO,13.7
2024-03-25 08:00:00,MLO,14.2
2024-03-25 09:00:00,MLO,13.1
2024-03-25 10:00:00,MLO,12.4
2024-03-25 11:00:00,MLO,11.7
2024-03-25 12:00:00,MLO,10.0
2024-03-25 13:00:00,MLO,9.2
2024-03-25 14:00:00,MLO,8.7
2024-03-25 15:00:00,MLO,8.4
2024-03-25 16:00:00,MLO,7.7
2024-03-25 17:00:00,MLO,10.8
2024-03-25 18:00:00,MLO,11.5
2024-03-25 19:00:00,MLO,9.7
2024-03-25 20:00:00,MLO,2.8
2024-03-25 21:00:00,MLO,2.0
2024-03-25 22:00:00,MLO,2.4
2024-03-25 23:00:00,MLO,2.5
2024-03-26 00:00:00,MLO,3.3
2024-03-26 01:00:00,MLO,2.3
2024-03-26 02:00:00,MLO,2.3
2024-03-26 03:00:00,MLO,1.5
2024-03-26 04:00:00,MLO,2.1
2024-03-26 05:00:00,MLO,2.3
2024-03-26 06:00:00,MLO,3.9
2024-03-26 07:00:00,MLO,4.4
2024-03-26 08:00:00,MLO,0.9
2024-03-26 09:00:00,MLO,2.7
2024-03-26 10:00:00,MLO,4.1
2024-03-26 11:00:00,MLO,6.4
2024-03-26 12:00:00,MLO,6.6
2024-03-26 13:00:00,MLO,7.2
2024-03-26 14:00:00,MLO,7.2
2024-03-26 15:00:00,MLO,6.9
2024-03-26 16:00:00,MLO,6.8
2024-03-26 17:00:00,MLO,3.7
2024-03-26 18:00:00,MLO,1.3
2024-03-26 19:00:00,MLO,2.3
2024-03-26 20:00:00,MLO,6.4
2024-03-26 21:00:00,MLO,5.3
2024-03-26 22:00:00,MLO,5.5
2024-03-26 23:00:00,MLO,4.7
2024-03-27 00:00:00,MLO,5.2
2024-03-27 01:00:00,MLO,4.7
2024-03-27 02:00:00,MLO,4.9
2024-03-27 03:00:00,MLO,4.5
2024-03-27 04:00:00,MLO,3.1
2024-03-27 05:00:00,MLO,0.7
2024-03-27 06:00:00,MLO,1.3
2024-03-27 07:00:00,MLO,2.1
2024-03-27 08:00:00,MLO,2.6
2024-03-27 09:00:00,MLO,2.8
2024-03-27 10:00:00,MLO,2.7
2024-03-27 11:00:00,MLO,3.5
2024-03-27 12:00:00,MLO,3.6
2024-03-27 13:00:00,MLO,4.3
2024-03-27 14:00:00,MLO,4.0
2024-03-27 15:00:00,MLO,4.3
2024-03-27 16:00:00,MLO,3.6
2024-03-27 17:00:00,MLO,1.1
2024-03-27 18:00:00,MLO,2.7
2024-03-27 19:00:00,MLO,4.1
2024-03-27 20:00:00,MLO,4.4
2024-03-27 21:00:00,MLO,4.1
2024-03-27 22:00:00,MLO,4.8
2024-03-27 23:00:00,MLO,5.4
2024-03-28 00:00:00,MLO,5.7
2024-03-28 01:00:00,MLO,5.3
2024-03-28 02:00:00,MLO,5.9
2024-03-28 03:00:00,MLO,4.8
2024-03-28 04:00:00,MLO,4.7
2024-03-28 05:00:00,MLO,4.9
2024-03-28 06:00:00,MLO,5.4
2024-03-28 07:00:00,MLO,5.3
2024-03-28 08:00:00,MLO,5.8
2024-03-28 09:00:00,MLO,5.9
2024-03-28 10:00:00,MLO,5.7
2024-03-28 11:00:00,MLO,5.9
2024-03-28 12:00:00,MLO,6.0
2024-03-28 13:00:00,MLO,6.2
2024-03-28 14:00:00,MLO,6.0
2024-03-28 15:00:00,MLO,6.3
2024-03-28 16:00:00,MLO,5.9
2024-03-28 17:00:00,MLO,5.9
2024-03-28 18:00:00,MLO,6.8
2024-03-28 19:00:00,MLO,6.1
2024-03-28 20:00:00,MLO,6.6
2024-03-28 21:00:00,MLO,6.6
2024-03-28 22:00:00,MLO,5.9
2024-03-28 23:00:00,MLO,4.1
2024-03-29 00:00:00,MLO,7.6
2024-03-29 01:00:00,MLO,7.2
2024-03-29 02:00:00,MLO,5.4
2024-03-29 03:00:00,MLO,5.8
2024-03-29 04:00:00,MLO,5.8
2024-03-29 05:00:00,MLO,5.0
2024-03-29 06:00:00,MLO,4.5
2024-03-29 07:00:00,MLO,4.3
2024-03-29 08:00:00,MLO,4.4
2024-03-29 09:00:00,MLO,4.2
2024-03-29 10:00:00,MLO,5.3
2024-03-29 11:00:00,MLO,3.2
2024-03-29 12:00:00,MLO,3.0
2024-03-29 13:00:00,MLO,3.3
2024-03-29 14:00:00,MLO,3.3
2024-03-29 15:00:00,MLO,3.6
2024-03-29 16:00:00,MLO,3.1
2024-03-29 17:00:00,MLO,1.7
2024-03-29 18:00:00,MLO,3.1
2024-03-29 19:00:00,MLO,4.4
2024-03-29 20:00:00,MLO,5.2
2024-03-29 21:00:00,MLO,6.1
2024-03-29 22:00:00,MLO,5.6
2024-03-29 23:00:00,MLO,6.4
2024-03-30 00:00:00,MLO,6.8
2024-03-30 01:00:00,MLO,5.2
2024-03-30 02:00:00,MLO,4.8
2024-03-30 03:00:00,MLO,4.6
2024-03-30 04:00:00,MLO,4.2
2024-03-30 05:00:00,MLO,4.0
2024-03-30 06:00:00,MLO,3.8
2024-03-30 07:00:00,MLO,3.3
2024-03-30 08:00:00,MLO,4.4
2024-03-30 09:00:00,MLO,5.1
2024-03-30 10:00:00,MLO,4.8
2024-03-30 11:00:00,MLO,3.2
2024-03-30 12:00:00,MLO,2.2
2024-03-30 13:00:00,MLO,1.9
2024-03-30 14:00:00,MLO,3.3
2024-03-30 15:00:00,MLO,3.3
2024-03-30 16:00:00,MLO,3.9
2024-03-30 17:00:00,MLO,3.9
2024-03-30 18:00:00,MLO,4.2
2024-03-30 19:00:00,MLO,4.2
2024-03-30 20:00:00,MLO,5.5
2024-03-30 21:00:00,MLO,4.8
2024-03-30 22:00:00,MLO,5.0
2024-03-30 23:00:00,MLO,5.3
2024-03-31 00:00:00,MLO,5.0
2024-03-31 01:00:00,MLO,4.5
2024-03-31 02:00:00,MLO,3.6
2024-03-31 03:00:00,MLO,3.1
2024-03-31 04:00:00,MLO,2.4
2024-03-31 05:00:00,MLO,1.7
2024-03-31 06:00:00,MLO,1.7
2024-03-31 07:00:00,MLO,2.8
2024-03-31 08:00:00,MLO,4.2
2024-03-31 09:00:00,MLO,4.4
2024-03-31 10:00:00,MLO,3.5
2024-03-31 11:00:00,MLO,4.0
2024-03-31 12:00:00,MLO,4.4
2024-03-31 13:00:00,MLO,4.6
2024-03-31 14:00:00,MLO,3.6
2024-03-31 15:00:00,MLO,3.3
2024-03-31 16:00:00,MLO,4.1
2024-03-31 17:00:00,MLO,2.5
2024-03-31 18:00:00,MLO,3.5
2024-03-31 19:00:00,MLO,4.8
2024-03-31 20:00:00,MLO,5.2
2024-03-31 21:00:00,MLO,7.0
2024-03-31 22:00:00,MLO,5.8
2024-03-31 23:00:00,MLO,5.2
2024-04-01 00:00:00,MLO,5.2
2024-04-01 01:00:00,MLO,4.9
2024-04-01 02:00:00,MLO,4.2
2024-04-01 03:00:00,MLO,3.8
2024-04-01 04:00:00,MLO,2.4
2024-04-01 05:00:00,MLO,0.5
2024-04-01 06:00:00,MLO,1.4
2024-04-01 07:00:00,MLO,2.0
2024-04-01 08:00:00,MLO,2.3
2024-04-01 09:00:00,MLO,2.2
2024-04-01 10:00:00,MLO,3.2
2024-04-01 11:00:00,MLO,2.6
2024-04-01 12:00:00,MLO,3.1
2024-04-01 13:00:00,MLO,3.9
2024-04-01 14:00:00,MLO,3.9
2024-04-01 15:00:00,MLO,2.7
2024-04-01 16:00:00,MLO,4.0
2024-04-01 17:00:00,MLO,1.1
2024-04-01 18:00:00,MLO,1.3
2024-04-01 19:00:00,MLO,2.4
2024-04-01 20:00:00,MLO,4.2
2024-04-01 21:00:00,MLO,3.9
2024-04-01 22:00:00,MLO,4.5
2024-04-01 23:00:00,MLO,4.9
2024-04-02 00:00:00,MLO,6.1
2024-04-02 01:00:00,MLO,5.6
2024-04-02 02:00:00,MLO,3.5
2024-04-02 03:00:00,MLO,2.4
2024-04-02 04:00:00,MLO,2.2
2024-04-02 05:00:00,MLO,0.2
2024-04-02 06:00:00,MLO,2.1
2024-04-02 07:00:00,MLO,5.2
2024-04-02 08:00:00,MLO,6.5
2024-04-02 09:00:00,MLO,4.1
2024-04-02 10:00:00,MLO,3.4
2024-04-02 11:00:00,MLO,5.0
2024-04-02 12:00:00,MLO,6.7
2024-04-02 13:00:00,MLO,7.1
2024-04-02 14:00:00,MLO,1.7
2024-04-02 15:00:00,MLO,5.3
2024-04-02 16:00:00,MLO,7.2
2024-04-02 17:00:00,MLO,0.8
2024-04-02 18:00:00,MLO,1.8
2024-04-02 19:00:00,MLO,3.0
2024-04-02 20:00:00,MLO,3.1
2024-04-02 21:00:00,MLO,4.5
2024-04-02 22:00:00,MLO,5.2
2024-04-02 23:00:00,MLO,4.7
2024-04-03 00:00:00,MLO,4.0
2024-04-03 01:00:00,MLO,4.6
2024-04-03 02:00:00,MLO,3.2
2024-04-03 03:00:00,MLO,1.5
2024-04-03 04:00:00,MLO,1.2
2024-04-03 05:00:00,MLO,2.6
2024-04-03 06:00:00,MLO,0.5
2024-04-03 07:00:00,MLO,0.8
2024-04-03 08:00:00,MLO,0.6
2024-04-03 09:00:00,MLO,1.8
2024-04-03 10:00:00,MLO,1.6
2024-04-03 11:00:00,MLO,1.9
2024-04-03 12:00:00,MLO,1.5
2024-04-03 13:00:00,MLO,1.8
2024-04-03 14:00:00,MLO,4.5
2024-04-03 15:00:00,MLO,5.2
2024-04-03 16:00:00,MLO,3.2
2024-04-03 17:00:00,MLO,0.4
2024-04-03 18:00:00,MLO,1.8
2024-04-03 19:00:00,MLO,2.5
2024-04-03 20:00:00,MLO,3.7
2024-04-03 21:00:00,MLO,3.8
2024-04-03 22:00:00,MLO,3.7
2024-04-03 23:00:00,MLO,3.4
2024-04-04 00:00:00,MLO,3.7
2024-04-04 01:00:00,MLO,5.8
2024-04-04 02:00:00,MLO,5.5
2024-04-04 03:00:00,MLO,3.9
2024-04-04 04:00:00,MLO,2.3
2024-04-04 05:00:00,MLO,2.4
2024-04-04 06:00:00,MLO,2.4
2024-04-04 07:00:00,MLO,6.5
2024-04-04 08:00:00,MLO,6.4
2024-04-04 09:00:00,MLO,7.4
2024-04-04 10:00:00,MLO,6.4
2024-04-04 11:00:00,MLO,5.5
2024-04-04 12:00:00,MLO,9.8
2024-04-04 13:00:00,MLO,5.4
2024-04-04 14:00:00,MLO,4.9
2024-04-04 15:00:00,MLO,2.6
2024-04-04 16:00:00,MLO,2.0
2024-04-04 17:00:00,MLO,2.0
2024-04-04 18:00:00,MLO,1.6
2024-04-04 19:00:00,MLO,2.4
2024-04-04 20:00:00,MLO,3.1
2024-04-04 21:00:00,MLO,3.4
2024-04-04 22:00:00,MLO,4.3
2024-04-04 23:00:00,MLO,4.6
2024-04-05 00:00:00,MLO,1.9
2024-04-05 01:00:00,MLO,8.0
2024-04-05 02:00:00,MLO,8.4
2024-04-05 03:00:00,MLO,6.6
2024-04-05 04:00:00,MLO,3.8
2024-04-05 05:00:00,MLO,6.8
2024-04-05 06:00:00,MLO,1.8
2024-04-05 07:00:00,MLO,1.5
2024-04-05 08:00:00,MLO,1.2
2024-04-05 09:00:00,MLO,2.1
2024-04-05 10:00:00,MLO,1.7
2024-04-05 11:00:00,MLO,2.0
2024-04-05 12:00:00,MLO,2.2
2024-04-05 13:00:00,MLO,2.8
2024-04-05 14:00:00,MLO,2.6
2024-04-05 15:00:00,MLO,2.8
2024-04-05 16:00:00,MLO,2.7
2024-04-05 17:00:00,MLO,0.8
2024-04-05 18:00:00,MLO,1.2
2024-04-05 19:00:00,MLO,2.0
2024-04-05 20:00:00,MLO,3.0
2024-04-05 21:00:00,MLO,3.8
2024-04-05 22:00:00,MLO,3.9
2024-04-05 23:00:00,MLO,3.2
2024-04-06 00:00:00,MLO,3.7
2024-04-06 01:00:00,MLO,4.9
2024-04-06 02:00:00,MLO,6.0
2024-04-06 03:00:00,MLO,4.3
2024-04-06 04:00:00,MLO,1.4
2024-04-06 05:00:00,MLO,1.0
2024-04-06 06:00:00,MLO,1.5
2024-04-06 07:00:00,MLO,0.8
2024-04-06 08:00:00,MLO,5.1
2024-04-06 09:00:00,MLO,4.9
2024-04-06 10:00:00,MLO,3.0
2024-04-06 11:00:00,MLO,3.7
2024-04-06 12:00:00,MLO,3.4
2024-04-06 13:00:00,MLO,4.0
2024-04-06 14:00:00,MLO,4.6
2024-04-06 15:00:00,MLO,4.6
2024-04-06 16:00:00,MLO,4.3
2024-04-06 17:00:00,MLO,1.8
2024-04-06 18:00:00,MLO,1.2
2024-04-06 19:00:00,MLO,2.4
2024-04-06 20:00:00,MLO,3.3
2024-04-06 21:00:00,MLO,3.5
2024-04-06 22:00:00,MLO,3.3
2024-04-06 23:00:00,MLO,3.5
2024-04-07 00:00:00,MLO,3.0
2024-04-07 01:00:00,MLO,3.2
2024-04-07 02:00:00,MLO,3.4
2024-04-07 03:00:00,MLO,2.6
2024-04-07 04:00:00,MLO,1.7
2024-04-07 05:00:00,MLO,0.5
2024-04-07 06:00:00,MLO,0.9
2024-04-07 07:00:00,MLO,0.4
2024-04-07 08:00:00,MLO,1.0
2024-04-07 09:00:00,MLO,1.2
2024-04-07 10:00:00,MLO,1.1
2024-04-07 11:00:00,MLO,1.6
2024-04-07 12:00:00,MLO,2.8
2024-04-07 13:00:00,MLO,3.4
2024-04-07 14:00:00,MLO,4.0
2024-04-07 15:00:00,MLO,4.6
2024-04-07 16:00:00,MLO,5.2
2024-04-07 17:00:00,MLO,4.0
2024-04-07 18:00:00,MLO,3.4
2024-04-07 19:00:00,MLO,3.8
2024-04-07 20:00:00,MLO,3.2
2024-04-07 21:00:00,MLO,3.7
2024-04-07 22:00:00,MLO,3.8
2024-04-07 23:00:00,MLO,4.9
2024-04-08 00:00:00,MLO,5.7
2024-04-08 01:00:00,MLO,5.1
2024-04-08 02:00:00,MLO,2.4
2024-04-08 03:00:00,MLO,2.5
2024-04-08 04:00:00,MLO,0.3
2024-04-08 05:00:00,MLO,0.4
2024-04-08 06:00:00,MLO,1.0
2024-04-08 07:00:00,MLO,2.5
2024-04-08 08:00:00,MLO,2.0
2024-04-08 09:00:00,MLO,3.0
2024-04-08 10:00:00,MLO,3.6
2024-04-08 11:00:00,MLO,4.2
2024-04-08 12:00:00,MLO,2.3
2024-04-08 13:00:00,MLO,3.4
2024-04-08 14:00:00,MLO,2.5
2024-04-08 15:00:00,MLO,2.5
2024-04-08 16:00:00,MLO,2.4
2024-04-08 17:00:00,MLO,1.8
2024-04-08 18:00:00,MLO,1.4
2024-04-08 19:00:00,MLO,2.4
2024-04-08 20:00:00,MLO,3.6
2024-04-08 21:00:00,MLO,3.8
2024-04-08 22:00:00,MLO,3.8
2024-04-08 23:00:00,MLO,4.3
2024-04-09 00:00:00,MLO,3.8
2024-04-09 01:00:00,MLO,2.8
2024-04-09 02:00:00,MLO,2.3
2024-04-09 03:00:00,MLO,2.0
2024-04-09 04:00:00,MLO,0.8
2024-04-09 05:00:00,MLO,0.3
2024-04-09 06:00:00,MLO,1.0
2024-04-09 07:00:00,MLO,1.8
2024-04-09 08:00:00,MLO,3.4
2024-04-09 09:00:00,MLO,2.8
2024-04-09 10:00:00,MLO,1.9
2024-04-09 11:00:00,MLO,1.5
2024-04-09 12:00:00,MLO,1.3
2024-04-09 13:00:00,MLO,2.1
2024-04-09 14:00:00,MLO,3.1
2024-04-09 15:00:00,MLO,4.3
2024-04-09 16:00:00,MLO,3.3
2024-04-09 17:00:00,MLO,2.6
2024-04-09 18:00:00,MLO,3.3
2024-04-09 19:00:00,MLO,3.0
2024-04-09 20:00:00,MLO,2.9
2024-04-09 21:00:00,MLO,3.5
2024-04-09 22:00:00,MLO,4.0
2024-04-09 23:00:00,MLO,5.1
2024-04-10 00:00:00,MLO,5.1
2024-04-10 01:00:00,MLO,4.2
2024-04-10 02:00:00,MLO,4.1
2024-04-10 03:00:00,MLO,2.8
2024-04-10 04:00:00,MLO,1.5
2024-04-10 05:00:00,MLO,2.9
2024-04-10 06:00:00,MLO,4.0
2024-04-10 07:00:00,MLO,4.3
2024-04-10 08:00:00,MLO,5.5
2024-04-10 09:00:00,MLO,6.1
2024-04-10 10:00:00,MLO,6.5
2024-04-10 11:00:00,MLO,7.1
2024-04-10 12:00:00,MLO,7.3
2024-04-10 13:00:00,MLO,6.7
2024-04-10 14:00:00,MLO,6.7
2024-04-10 15:00:00,MLO,6.5
2024-04-10 16:00:00,MLO,6.1
2024-04-10 17:00:00,MLO,6.0
2024-04-10 18:00:00,MLO,6.7
2024-04-10 19:00:00,MLO,4.1
2024-04-10 20:00:00,MLO,3.3
2024-04-10 21:00:00,MLO,4.6
2024-04-10 22:00:00,MLO,4.4
2024-04-10 23:00:00,MLO,3.7
2024-04-11 00:00:00,MLO,3.5
2024-04-11 01:00:00,MLO,3.4
2024-04-11 02:00:00,MLO,5.1
2024-04-11 03:00:00,MLO,10.3
2024-04-11 04:00:00,MLO,9.0
2024-04-11 05:00:00,MLO,9.2
2024-04-11 06:00:00,MLO,9.3
2024-04-11 07:00:00,MLO,8.6
2024-04-11 08:00:00,MLO,8.2
2024-04-11 09:00:00,MLO,8.6
2024-04-11 10:00:00,MLO,8.9
2024-04-11 11:00:00,MLO,9.8
2024-04-11 12:00:00,MLO,12.3
2024-04-11 13:00:00,MLO,12.6
2024-04-11 14:00:00,MLO,13.0
2024-04-11 15:00:00,MLO,11.2
2024-04-11 16:00:00,MLO,10.1
2024-04-11 17:00:00,MLO,11.0
2024-04-11 18:00:00,MLO,12.3
2024-04-11 19:00:00,MLO,9.5
2024-04-11 20:00:00,MLO,8.5
2024-04-11 21:00:00,MLO,6.9
2024-04-11 22:00:00,MLO,5.9
2024-04-11 23:00:00,MLO,4.6
2024-04-12 00:00:00,MLO,4.5
2024-04-12 01:00:00,MLO,4.5
2024-04-12 02:00:00,MLO,4.1
2024-04-12 03:00:00,MLO,2.9
2024-04-12 04:00:00,MLO,1.7
2024-04-12 05:00:00,MLO,0.4
2024-04-12 06:00:00,MLO,0.3
2024-04-12 07:00:00,MLO,2.0
2024-04-12 08:00:00,MLO,2.8
2024-04-12 09:00:00,MLO,4.6
2024-04-12 10:00:00,MLO,5.3
2024-04-12 11:00:00,MLO,5.1
2024-04-12 12:00:00,MLO,6.1
2024-04-12 13:00:00,MLO,6.7
2024-04-12 14:00:00,MLO,9.3
2024-04-12 15:00:00,MLO,7.9
2024-04-12 16:00:00,MLO,6.8
2024-04-12 17:00:00,MLO,8.5
2024-04-12 18:00:00,MLO,9.2
2024-04-12 19:00:00,MLO,6.5
2024-04-12 20:00:00,MLO,6.3
2024-04-12 21:00:00,MLO,8.4
2024-04-12 22:00:00,MLO,9.1
2024-04-12 23:00:00,MLO,8.6
2024-04-13 00:00:00,MLO,7.6
2024-04-13 01:00:00,MLO,6.4
2024-04-13 02:00:00,MLO,4.1
2024-04-13 03:00:00,MLO,5.2
2024-04-13 04:00:00,MLO,4.9
2024-04-13 05:00:00,MLO,6.9
2024-04-13 06:00:00,MLO,6.5
2024-04-13 07:00:00,MLO,3.9
2024-04-13 08:00:00,MLO,3.6
2024-04-13 09:00:00,MLO,3.8
2024-04-13 10:00:00,MLO,3.2
2024-04-13 11:00:00,MLO,3.8
2024-04-13 12:00:00,MLO,2.7
2024-04-13 13:00:00,MLO,2.2
2024-04-13 14:00:00,MLO,1.2
2024-04-13 15:00:00,MLO,3.6
2024-04-13 16:00:00,MLO,5.7
2024-04-13 17:00:00,MLO,4.0
2024-04-13 18:00:00,MLO,1.4
2024-04-13 19:00:00,MLO,1.3
2024-04-13 20:00:00,MLO,1.9
2024-04-13 21:00:00,MLO,3.8
2024-04-13 22:00:00,MLO,6.0
2024-04-13 23:00:00,MLO,5.8
2024-04-14 00:00:00,MLO,4.1
2024-04-14 01:00:00,MLO,3.7
2024-04-14 02:00:00,MLO,3.6
2024-04-14 03:00:00,MLO,4.2
2024-04-14 04:00:00,MLO,4.4
2024-04-14 05:00:00,MLO,3.7
2024-04-14 06:00:00,MLO,4.3
2024-04-14 07:00:00,MLO,5.3
2024-04-14 08:00:00,MLO,6.4
2024-04-14 09:00:00,MLO,6.1
2024-04-14 10:00:00,MLO,5.1
2024-04-14 11:00:00,MLO,4.7
2024-04-14 12:00:00,MLO,1.8
2024-04-14 13:00:00,MLO,1.6
2024-04-14 14:00:00,MLO,1.3
2024-04-14 15:00:00,MLO,1.3
2024-04-14 16:00:00,MLO,0.8
2024-04-14 17:00:00,MLO,5.0
2024-04-14 18:00:00,MLO,6.3
2024-04-14 19:00:00,MLO,6.7
2024-04-14 20:00:00,MLO,6.2
2024-04-14 21:00:00,MLO,3.2
2024-04-14 22:00:00,MLO,2.8
2024-04-14 23:00:00,MLO,6.6
2024-04-15 00:00:00,MLO,7.6
2024-04-15 01:00:00,MLO,9.5
2024-04-15 02:00:00,MLO,12.4
2024-04-15 03:00:00,MLO,12.0
2024-04-15 04:00:00,MLO,12.2
2024-04-15 05:00:00,MLO,13.0
2024-04-15 06:00:00,MLO,13.3
2024-04-15 07:00:00,MLO,12.4
2024-04-15 08:00:00,MLO,11.8
2024-04-15 09:00:00,MLO,11.7
2024-04-15 10:00:00,MLO,11.3
2024-04-15 11:00:00,MLO,13.3
2024-04-15 12:00:00,MLO,12.8
2024-04-15 13:00:00,MLO,12.2
2024-04-15 14:00:00,MLO,13.4
2024-04-15 15:00:00,MLO,13.3
2024-04-15 16:00:00,MLO,13.4
2024-04-15 17:00:00,MLO,12.9
2024-04-15 18:00:00,MLO,13.2
2024-04-15 19:00:00,MLO,13.5
2024-04-15 20:00:00,MLO,13.6
2024-04-15 21:00:00,MLO,13.8
2024-04-15 22:00:00,MLO,13.8
2024-04-15 23:00:00,MLO,14.7
2024-04-16 00:00:00,MLO,14.2
2024-04-16 01:00:00,MLO,14.1
2024-04-16 02:00:00,MLO,14.4
2024-04-16 03:00:00,MLO,14.3
2024-04-16 04:00:00,MLO,14.3
2024-04-16 05:00:00,MLO,14.1
2024-04-16 06:00:00,MLO,13.9
2024-04-16 07:00:00,MLO,13.5
2024-04-16 08:00:00,MLO,14.0
2024-04-16 09:00:00,MLO,13.5
2024-04-16 10:00:00,MLO,13.0
2024-04-16 11:00:00,MLO,12.8
2024-04-16 12:00:00,MLO,12.4
2024-04-16 13:00:00,MLO,12.0
2024-04-16 14:00:00,MLO,12.5
2024-04-16 15:00:00,MLO,12.4
2024-04-16 16:00:00,MLO,12.6
2024-04-16 17:00:00,MLO,12.1
2024-04-16 18:00:00,MLO,12.4
2024-04-16 19:00:00,MLO,12.2
2024-04-16 20:00:00,MLO,11.0
2024-04-16 21:00:00,MLO,10.4
2024-04-16 22:00:00,MLO,10.7
2024-04-16 23:00:00,MLO,9.5
2024-04-17 00:00:00,MLO,9.2
2024-04-17 01:00:00,MLO,7.8
2024-04-17 02:00:00,MLO,7.4
2024-04-17 03:00:00,MLO,6.0
2024-04-17 04:00:00,MLO,6.4
2024-04-17 05:00:00,MLO,5.7
2024-04-17 06:00:00,MLO,5.4
2024-04-17 07:00:00,MLO,5.0
2024-04-17 08:00:00,MLO,1.6
2024-04-17 09:00:00,MLO,3.5
2024-04-17 10:00:00,MLO,3.5
2024-04-17 11:00:00,MLO,4.0
2024-04-17 12:00:00,MLO,4.2
2024-04-17 13:00:00,MLO,3.7
2024-04-17 14:00:00,MLO,5.4
2024-04-17 15:00:00,MLO,6.5
2024-04-17 16:00:00,MLO,4.4
2024-04-17 17:00:00,MLO,6.3
2024-04-17 18:00:00,MLO,8.5
2024-04-17 19:00:00,MLO,9.8
2024-04-17 20:00:00,MLO,10.9
2024-04-17 21:00:00,MLO,11.4
2024-04-17 22:00:00,MLO,10.8
2024-04-17 23:00:00,MLO,11.5
2024-04-18 00:00:00,MLO,10.4
2024-04-18 01:00:00,MLO,9.9
2024-04-18 02:00:00,MLO,7.5
2024-04-18 03:00:00,MLO,6.2
2024-04-18 04:00:00,MLO,3.9
2024-04-18 05:00:00,MLO,0.9
2024-04-18 06:00:00,MLO,0.3
2024-04-18 07:00:00,MLO,4.1
2024-04-18 08:00:00,MLO,6.5
2024-04-18 09:00:00,MLO,7.3
2024-04-18 10:00:00,MLO,7.2
2024-04-18 11:00:00,MLO,8.4
2024-04-18 12:00:00,MLO,8.8
2024-04-18 13:00:00,MLO,9.0
2024-04-18 14:00:00,MLO,8.6
2024-04-18 15:00:00,MLO,8.7
2024-04-18 16:00:00,MLO,8.2
2024-04-18 17:00:00,MLO,7.1
2024-04-18 18:00:00,MLO,7.0
2024-04-18 19:00:00,MLO,6.7
2024-04-18 20:00:00,MLO,6.8
2024-04-18 21:00:00,MLO,7.7
2024-04-18 22:00:00,MLO,7.8
2024-04-18 23:00:00,MLO,8.2
2024-04-19 00:00:00,MLO,8.0
2024-04-19 01:00:00,MLO,7.1
2024-04-19 02:00:00,MLO,5.9
2024-04-19 03:00:00,MLO,5.1
2024-04-19 04:00:00,MLO,4.7
2024-04-19 05:00:00,MLO,4.7
2024-04-19 06:00:00,MLO,5.6
2024-04-19 07:00:00,MLO,6.4
2024-04-19 08:00:00,MLO,6.5
2024-04-19 09:00:00,MLO,6.1
2024-04-19 10:00:00,MLO,5.6
2024-04-19 11:00:00,MLO,4.4
2024-04-19 12:00:00,MLO,5.8
2024-04-19 13:00:00,MLO,6.1
2024-04-19 14:00:00,MLO,5.8
2024-04-19 15:00:00,MLO,5.7
2024-04-19 16:00:00,MLO,5.4
2024-04-19 17:00:00,MLO,6.1
2024-04-19 18:00:00,MLO,5.7
2024-04-19 19:00:00,MLO,5.9
2024-04-19 20:00:00,MLO,6.0
2024-04-19 21:00:00,MLO,6.0
2024-04-19 22:00:00,MLO,6.0
2024-04-19 23:00:00,MLO,5.3
2024-04-20 00:00:00,MLO,6.4
2024-04-20 01:00:00,MLO,6.1
2024-04-20 02:00:00,MLO,6.4
2024-04-20 03:00:00,MLO,6.8
2024-04-20 04:00:00,MLO,6.6
2024-04-20 05:00:00,MLO,6.3
2024-04-20 06:00:00,MLO,6.1
2024-04-20 07:00:00,MLO,5.7
2024-04-20 08:00:00,MLO,5.7
2024-04-20 09:00:00,MLO,5.7
2024-04-20 10:00:00,MLO,6.0
2024-04-20 11:00:00,MLO,6.8
2024-04-20 12:00:00,MLO,8.2
2024-04-20 13:00:00,MLO,9.1
2024-04-20 14:00:00,MLO,11.3
2024-04-20 15:00:00,MLO,12.6
2024-04-20 16:00:00,MLO,13.6
2024-04-20 17:00:00,MLO,14.5
2024-04-20 18:00:00,MLO,14.2
2024-04-20 19:00:00,MLO,14.3
2024-04-20 20:00:00,MLO,12.9
2024-04-20 21:00:00,MLO,13.0
2024-04-20 22:00:00,MLO,13.7
2024-04-20 23:00:00,MLO,13.0
2024-04-21 00:00:00,MLO,11.8
2024-04-21 01:00:00,MLO,13.1
2024-04-21 02:00:00,MLO,10.5
2024-04-21 03:00:00,MLO,9.2
2024-04-21 04:00:00,MLO,7.2
2024-04-21 05:00:00,MLO,6.1
2024-04-21 06:00:00,MLO,6.3
2024-04-21 07:00:00,MLO,6.6
2024-04-21 08:00:00,MLO,6.8
2024-04-21 09:00:00,MLO,6.9
2024-04-21 10:00:00,MLO,7.2
2024-04-21 11:00:00,MLO,6.7
2024-04-21 12:00:00,MLO,6.7
2024-04-21 13:00:00,MLO,7.2
2024-04-21 14:00:00,MLO,7.8
2024-04-21 15:00:00,MLO,8.6
2024-04-21 16:00:00,MLO,8.4
2024-04-21 17:00:00,MLO,8.7
2024-04-21 18:00:00,MLO,8.1
2024-04-21 19:00:00,MLO,8.4
2024-04-21 20:00:00,MLO,8.2
2024-04-21 21:00:00,MLO,7.1
2024-04-21 22:00:00,MLO,7.0
2024-04-21 23:00:00,MLO,6.0
2024-04-22 00:00:00,MLO,5.7
2024-04-22 01:00:00,MLO,5.6
2024-04-22 02:00:00,MLO,4.9
2024-04-22 03:00:00,MLO,4.0
2024-04-22 04:00:00,MLO,4.3
2024-04-22 05:00:00,MLO,4.8
2024-04-22 06:00:00,MLO,3.7
2024-04-22 07:00:00,MLO,4.9
2024-04-22 08:00:00,MLO,3.6
2024-04-22 09:00:00,MLO,5.2
2024-04-22 10:00:00,MLO,5.4
2024-04-22 11:00:00,MLO,5.4
2024-04-22 12:00:00,MLO,4.6
2024-04-22 13:00:00,MLO,4.7
2024-04-22 14:00:00,MLO,3.0
2024-04-22 15:00:00,MLO,2.8
2024-04-22 16:00:00,MLO,3.4
2024-04-22 17:00:00,MLO,1.1
2024-04-22 18:00:00,MLO,2.2
2024-04-22 19:00:00,MLO,2.5
2024-04-22 20:00:00,MLO,3.1
2024-04-22 21:00:00,MLO,3.6
2024-04-22 22:00:00,MLO,3.9
2024-04-22 23:00:00,MLO,4.2
2024-04-23 00:00:00,MLO,4.0
2024-04-23 01:00:00,MLO,3.5
2024-04-23 02:00:00,MLO,3.0
2024-04-23 03:00:00,MLO,3.0
2024-04-23 04:00:00,MLO,1.8
2024-04-23 05:00:00,MLO,2.2
2024-04-23 06:00:00,MLO,2.1
2024-04-23 07:00:00,MLO,3.3
2024-04-23 08:00:00,MLO,3.0
2024-04-23 09:00:00,MLO,3.2
2024-04-23 10:00:00,MLO,3.6
2024-04-23 11:00:00,MLO,4.1
2024-04-23 12:00:00,MLO,3.5
2024-04-23 13:00:00,MLO,3.9
2024-04-23 14:00:00,MLO,5.5
2024-04-23 15:00:00,MLO,5.3
2024-04-23 16:00:00,MLO,4.6
2024-04-23 17:00:00,MLO,2.1
2024-04-23 18:00:00,MLO,2.3
2024-04-23 19:00:00,MLO,3.3
2024-04-23 20:00:00,MLO,3.2
2024-04-23 21:00:00,MLO,5.3
2024-04-23 22:00:00,MLO,5.7
2024-04-23 23:00:00,MLO,6.4
2024-04-24 00:00:00,MLO,4.3
2024-04-24 01:00:00,MLO,3.8
2024-04-24 02:00:00,MLO,4.7
2024-04-24 03:00:00,MLO,3.2
2024-04-24 04:00:00,MLO,3.2
2024-04-24 05:00:00,MLO,3.2
2024-04-24 06:00:00,MLO,3.9
2024-04-24 07:00:00,MLO,5.2
2024-04-24 08:00:00,MLO,5.7
2024-04-24 09:00:00,MLO,6.1
2024-04-24 10:00:00,MLO,7.3
2024-04-24 11:00:00,MLO,7.4
2024-04-24 12:00:00,MLO,6.7
2024-04-24 13:00:00,MLO,6.7
2024-04-24 14:00:00,MLO,6.4
2024-04-24 15:00:00,MLO,6.2
2024-04-24 16:00:00,MLO,7.5
2024-04-24 17:00:00,MLO,5.2
2024-04-24 18:00:00,MLO,4.4
2024-04-24 19:00:00,MLO,4.8
2024-04-24 20:00:00,MLO,2.6
2024-04-24 21:00:00,MLO,3.4
2024-04-24 22:00:00,MLO,5.6
2024-04-24 23:00:00,MLO,6.4
2024-04-25 00:00:00,MLO,6.2
2024-04-25 01:00:00,MLO,4.0
2024-04-25 02:00:00,MLO,2.9
2024-04-25 03:00:00,MLO,5.6
2024-04-25 04:00:00,MLO,6.3
2024-04-25 05:00:00,MLO,7.1
2024-04-25 06:00:00,MLO,7.7
2024-04-25 07:00:00,MLO,9.1
2024-04-25 08:00:00,MLO,9.9
2024-04-25 09:00:00,MLO,9.4
2024-04-25 10:00:00,MLO,9.6
2024-04-25 11:00:00,MLO,10.6
2024-04-25 12:00:00,MLO,11.0
2024-04-25 13:00:00,MLO,11.6
2024-04-25 14:00:00,MLO,11.8
2024-04-25 15:00:00,MLO,10.7
2024-04-25 16:00:00,MLO,9.6
2024-04-25 17:00:00,MLO,7.9
2024-04-25 18:00:00,MLO,7.3
2024-04-25 19:00:00,MLO,6.9
2024-04-25 20:00:00,MLO,6.4
2024-04-25 21:00:00,MLO,3.4
2024-04-25 22:00:00,MLO,3.9
2024-04-25 23:00:00,MLO,2.6
2024-04-26 00:00:00,MLO,1.9
2024-04-26 01:00:00,MLO,3.3
2024-04-26 02:00:00,MLO,5.2
2024-04-26 03:00:00,MLO,5.8
2024-04-26 04:00:00,MLO,6.5
2024-04-26 05:00:00,MLO,6.5
2024-04-26 06:00:00,MLO,5.8
2024-04-26 07:00:00,MLO,6.6
2024-04-26 08:00:00,MLO,7.5
2024-04-26 09:00:00,MLO,6.0
2024-04-26 10:00:00,MLO,2.9
2024-04-26 11:00:00,MLO,3.2
2024-04-26 12:00:00,MLO,2.2
2024-04-26 13:00:00,MLO,2.8
2024-04-26 14:00:00,MLO,3.3
2024-04-26 15:00:00,MLO,4.1
2024-04-26 16:00:00,MLO,3.9
2024-04-26 17:00:00,MLO,1.9
2024-04-26 18:00:00,MLO,3.1
2024-04-26 19:00:00,MLO,2.7
2024-04-26 20:00:00,MLO,4.1
2024-04-26 21:00:00,MLO,3.9
2024-04-26 22:00:00,MLO,4.2
2024-04-26 23:00:00,MLO,3.5
2024-04-27 00:00:00,MLO,3.4
2024-04-27 01:00:00,MLO,3.8
2024-04-27 02:00:00,MLO,3.1
2024-04-27 03:00:00,MLO,3.1
2024-04-27 04:00:00,MLO,2.4
2024-04-27 05:00:00,MLO,0.9
2024-04-27 06:00:00,MLO,0.8
2024-04-27 07:00:00,MLO,1.9
2024-04-27 08:00:00,MLO,2.6
2024-04-27 09:00:00,MLO,3.0
2024-04-27 10:00:00,MLO,2.9
2024-04-27 11:00:00,MLO,2.1
2024-04-27 12:00:00,MLO,2.5
2024-04-27 13:00:00,MLO,2.9
2024-04-27 14:00:00,MLO,3.1
2024-04-27 15:00:00,MLO,3.6
2024-04-27 16:00:00,MLO,3.5
2024-04-27 17:00:00,MLO,1.1
2024-04-27 18:00:00,MLO,2.3
2024-04-27 19:00:00,MLO,3.4
2024-04-27 20:00:00,MLO,3.9
2024-04-27 21:00:00,MLO,4.2
2024-04-27 22:00:00,MLO,4.3
2024-04-27 23:00:00,MLO,4.1
2024-04-28 00:00:00,MLO,5.3
2024-04-28 01:00:00,MLO,4.2
2024-04-28 02:00:00,MLO,2.0
2024-04-28 03:00:00,MLO,3.4
2024-04-28 04:00:00,MLO,3.4
2024-04-28 05:00:00,MLO,4.9
2024-04-28 06:00:00,MLO,5.1
2024-04-28 07:00:00,MLO,4.7
2024-04-28 08:00:00,MLO,4.2
2024-04-28 09:00:00,MLO,4.1
2024-04-28 10:00:00,MLO,3.6
2024-04-28 11:00:00,MLO,2.6
2024-04-28 12:00:00,MLO,2.8
2024-04-28 13:00:00,MLO,3.5
2024-04-28 14:00:00,MLO,4.2
2024-04-28 15:00:00,MLO,5.1
2024-04-28 16:00:00,MLO,5.3
2024-04-28 17:00:00,MLO,3.6
2024-04-28 18:00:00,MLO,3.8
2024-04-28 19:00:00,MLO,3.9
2024-04-28 20:00:00,MLO,4.6
2024-04-28 21:00:00,MLO,5.5
2024-04-28 22:00:00,MLO,5.7
2024-04-28 23:00:00,MLO,5.7
2024-04-29 00:00:00,MLO,5.2
2024-04-29 01:00:00,MLO,5.0
2024-04-29 02:00:00,MLO,4.2
2024-04-29 03:00:00,MLO,3.2
2024-04-29 04:00:00,MLO,1.4
2024-04-29 05:00:00,MLO,1.8
2024-04-29 06:00:00,MLO,1.3
2024-04-29 07:00:00,MLO,1.7
2024-04-29 08:00:00,MLO,1.5
2024-04-29 09:00:00,MLO,1.9
2024-04-29 10:00:00,MLO,2.5
2024-04-29 11:00:00,MLO,2.2
2024-04-29 12:00:00,MLO,2.4
2024-04-29 13:00:00,MLO,2.8
2024-04-29 14:00:00,MLO,2.7
2024-04-29 15:00:00,MLO,3.4
2024-04-29 16:00:00,MLO,3.1
2024-04-29 17:00:00,MLO,2.1
2024-04-29 18:00:00,MLO,3.7
2024-04-29 19:00:00,MLO,4.4
2024-04-29 20:00:00,MLO,4.7
2024-04-29 21:00:00,MLO,5.2
2024-04-29 22:00:00,MLO,4.3
2024-04-29 23:00:00,MLO,4.8
2024-04-30 00:00:00,MLO,4.8
2024-04-30 01:00:00,MLO,4.5
2024-04-30 02:00:00,MLO,5.2
2024-04-30 03:00:00,MLO,4.4
2024-04-30 04:00:00,MLO,1.9
2024-04-30 05:00:00,MLO,1.5
2024-04-30 06:00:00,MLO,1.8
2024-04-30 07:00:00,MLO,1.3
2024-04-30 08:00:00,MLO,1.2
2024-04-30 09:00:00,MLO,1.9
2024-04-30 10:00:00,MLO,2.0
2024-04-30 11:00:00,MLO,2.1
2024-04-30 12:00:00,MLO,2.7
2024-04-30 13:00:00,MLO,2.8
2024-04-30 14:00:00,MLO,3.0
2024-04-30 15:00:00,MLO,3.1
2024-04-30 16:00:00,MLO,3.3
2024-04-30 17:00:00,MLO,3.2
2024-04-30 18:00:00,MLO,4.3
2024-04-30 19:00:00,MLO,3.9
2024-04-30 20:00:00,MLO,4.5
2024-04-30 21:00:00,MLO,4.0
2024-04-30 22:00:00,MLO,4.5
2024-04-30 23:00:00,MLO,4.6
2024-05-01 00:00:00,MLO,4.6
2024-05-01 01:00:00,MLO,5.1
2024-05-01 02:00:00,MLO,4.2
2024-05-01 03:00:00,MLO,3.9
2024-05-01 04:00:00,MLO,3.7
2024-05-01 05:00:00,MLO,2.4
2024-05-01 06:00:00,MLO,2.8
2024-05-01 07:00:00,MLO,3.2
2024-05-01 08:00:00,MLO,3.0
2024-05-01 09:00:00,MLO,3.9
2024-05-01 10:00:00,MLO,4.2
2024-05-01 11:00:00,MLO,4.2
2024-05-01 12:00:00,MLO,3.9
2024-05-01 13:00:00,MLO,4.4
2024-05-01 14:00:00,MLO,3.8
2024-05-01 15:00:00,MLO,3.0
2024-05-01 16:00:00,MLO,2.7
2024-05-01 17:00:00,MLO,1.8
2024-05-01 18:00:00,MLO,2.6
2024-05-01 19:00:00,MLO,3.4
2024-05-01 20:00:00,MLO,3.5
2024-05-01 21:00:00,MLO,4.0
2024-05-01 22:00:00,MLO,4.3
2024-05-01 23:00:00,MLO,3.9
2024-05-02 00:00:00,MLO,4.5
2024-05-02 01:00:00,MLO,3.6
2024-05-02 02:00:00,MLO,3.2
2024-05-02 03:00:00,MLO,2.4
2024-05-02 04:00:00,MLO,2.2
2024-05-02 05:00:00,MLO,2.5
2024-05-02 06:00:00,MLO,3.5
2024-05-02 07:00:00,MLO,3.2
2024-05-02 08:00:00,MLO,3.2
2024-05-02 09:00:00,MLO,3.1
2024-05-02 10:00:00,MLO,2.6
2024-05-02 11:00:00,MLO,2.9
2024-05-02 12:00:00,MLO,2.7
2024-05-02 13:00:00,MLO,2.0
2024-05-02 14:00:00,MLO,2.4
2024-05-02 15:00:00,MLO,2.7
2024-05-02 16:00:00,MLO,2.2
2024-05-02 17:00:00,MLO,0.5
2024-05-02 18:00:00,MLO,2.0
2024-05-02 19:00:00,MLO,2.7
2024-05-02 20:00:00,MLO,4.1
2024-05-02 21:00:00,MLO,3.6
2024-05-02 22:00:00,MLO,4.1
2024-05-02 23:00:00,MLO,3.9
2024-05-03 00:00:00,MLO,3.1
2024-05-03 01:00:00,MLO,2.5
2024-05-03 02:00:00,MLO,2.5
2024-05-03 03:00:00,MLO,2.4
2024-05-03 04:00:00,MLO,2.3
2024-05-03 05:00:00,MLO,3.9
2024-05-03 06:00:00,MLO,3.4
2024-05-03 07:00:00,MLO,2.1
2024-05-03 08:00:00,MLO,1.6
2024-05-03 09:00:00,MLO,3.3
2024-05-03 10:00:00,MLO,2.8
2024-05-03 11:00:00,MLO,2.4
2024-05-03 12:00:00,MLO,2.2
2024-05-03 13:00:00,MLO,2.6
2024-05-03 14:00:00,MLO,2.7
2024-05-03 15:00:00,MLO,2.8
2024-05-03 16:00:00,MLO,2.4
2024-05-03 17:00:00,MLO,0.8
2024-05-03 18:00:00,MLO,1.9
2024-05-03 19:00:00,MLO,2.2
2024-05-03 20:00:00,MLO,3.8
2024-05-03 21:00:00,MLO,4.1
2024-05-03 22:00:00,MLO,4.3
2024-05-03 23:00:00,MLO,5.2
2024-05-04 00:00:00,MLO,4.3
2024-05-04 01:00:00,MLO,3.5
2024-05-04 02:00:00,MLO,3.6
2024-05-04 03:00:00,MLO,3.7
2024-05-04 04:00:00,MLO,3.4
2024-05-04 05:00:00,MLO,1.1
2024-05-04 06:00:00,MLO,2.0
2024-05-04 07:00:00,MLO,2.1
2024-05-04 08:00:00,MLO,1.6
2024-05-04 09:00:00,MLO,2.9
2024-05-04 10:00:00,MLO,2.8
2024-05-04 11:00:00,MLO,3.4
2024-05-04 12:00:00,MLO,3.3
2024-05-04 13:00:00,MLO,3.3
2024-05-04 14:00:00,MLO,2.9
2024-05-04 15:00:00,MLO,3.5
2024-05-04 16:00:00,MLO,2.5
2024-05-04 17:00:00,MLO,0.6
2024-05-04 18:00:00,MLO,2.1
2024-05-04 19:00:00,MLO,2.5
2024-05-04 20:00:00,MLO,3.4
2024-05-04 21:00:00,MLO,4.1
2024-05-04 22:00:00,MLO,3.6
2024-05-04 23:00:00,MLO,3.6
2024-05-05 00:00:00,MLO,3.1
2024-05-05 01:00:00,MLO,2.7
2024-05-05 02:00:00,MLO,2.6
2024-05-05 03:00:00,MLO,1.5
2024-05-05 04:00:00,MLO,1.7
2024-05-05 05:00:00,MLO,0.6
2024-05-05 06:00:00,MLO,1.0
2024-05-05 07:00:00,MLO,1.4
2024-05-05 08:00:00,MLO,5.6
2024-05-05 09:00:00,MLO,9.1
2024-05-05 10:00:00,MLO,6.5
2024-05-05 11:00:00,MLO,6.7
2024-05-05 12:00:00,MLO,6.8
2024-05-05 13:00:00,MLO,6.0
2024-05-05 14:00:00,MLO,6.4
2024-05-05 15:00:00,MLO,5.5
2024-05-05 16:00:00,MLO,5.8
2024-05-05 17:00:00,MLO,5.2
2024-05-05 18:00:00,MLO,6.7
2024-05-05 19:00:00,MLO,7.6
2024-05-05 20:00:00,MLO,8.1
2024-05-05 21:00:00,MLO,6.1
2024-05-05 22:00:00,MLO,6.2
2024-05-05 23:00:00,MLO,5.6
2024-05-06 00:00:00,MLO,6.1
2024-05-06 01:00:00,MLO,5.4
2024-05-06 02:00:00,MLO,4.4
2024-05-06 03:00:00,MLO,4.7
2024-05-06 04:00:00,MLO,5.7
2024-05-06 05:00:00,MLO,5.2
2024-05-06 06:00:00,MLO,4.3
2024-05-06 07:00:00,MLO,4.3
2024-05-06 08:00:00,MLO,4.9
2024-05-06 09:00:00,MLO,4.9
2024-05-06 10:00:00,MLO,5.5
2024-05-06 11:00:00,MLO,6.8
2024-05-06 12:00:00,MLO,7.9
2024-05-06 13:00:00,MLO,7.8
2024-05-06 14:00:00,MLO,7.6
2024-05-06 15:00:00,MLO,6.8
2024-05-06 16:00:00,MLO,6.4
2024-05-06 17:00:00,MLO,6.9
2024-05-06 18:00:00,MLO,7.5
2024-05-06 19:00:00,MLO,7.9
2024-05-06 20:00:00,MLO,8.7
2024-05-06 21:00:00,MLO,7.3
2024-05-06 22:00:00,MLO,7.2
2024-05-06 23:00:00,MLO,7.9
2024-05-07 00:00:00,MLO,8.3
2024-05-07 01:00:00,MLO,7.7
2024-05-07 02:00:00,MLO,8.3
2024-05-07 03:00:00,MLO,7.7
2024-05-07 04:00:00,MLO,6.9
2024-05-07 05:00:00,MLO,6.5
2024-05-07 06:00:00,MLO,6.0
2024-05-07 07:00:00,MLO,5.9
2024-05-07 08:00:00,MLO,5.9
2024-05-07 09:00:00,MLO,6.1
2024-05-07 10:00:00,MLO,7.4
2024-05-07 11:00:00,MLO,8.0
2024-05-07 12:00:00,MLO,8.6
2024-05-07 13:00:00,MLO,9.4
2024-05-07 14:00:00,MLO,10.2
2024-05-07 15:00:00,MLO,10.1
2024-05-07 16:00:00,MLO,10.8
2024-05-07 17:00:00,MLO,11.6
2024-05-07 18:00:00,MLO,12.4
2024-05-07 19:00:00,MLO,12.8
2024-05-07 20:00:00,MLO,13.2
2024-05-07 21:00:00,MLO,13.0
2024-05-07 22:00:00,MLO,12.7
2024-05-07 23:00:00,MLO,13.5
2024-05-08 00:00:00,MLO,13.4
2024-05-08 01:00:00,MLO,13.1
2024-05-08 02:00:00,MLO,12.6
2024-05-08 03:00:00,MLO,11.0
2024-05-08 04:00:00,MLO,9.5
2024-05-08 05:00:00,MLO,9.3
2024-05-08 06:00:00,MLO,8.4
2024-05-08 07:00:00,MLO,8.5
2024-05-08 08:00:00,MLO,8.0
2024-05-08 09:00:00,MLO,7.8
2024-05-08 10:00:00,MLO,9.2
2024-05-08 11:00:00,MLO,9.2
2024-05-08 12:00:00,MLO,9.0
2024-05-08 13:00:00,MLO,8.5
2024-05-08 14:00:00,MLO,8.2
2024-05-08 15:00:00,MLO,8.7
2024-05-08 16:00:00,MLO,8.2
2024-05-08 17:00:00,MLO,10.2
2024-05-08 18:00:00,MLO,12.4
2024-05-08 19:00:00,MLO,10.3
2024-05-08 20:00:00,MLO,9.7
2024-05-08 21:00:00,MLO,9.4
2024-05-08 22:00:00,MLO,9.1
2024-05-08 23:00:00,MLO,10.2
2024-05-09 00:00:00,MLO,9.7
2024-05-09 01:00:00,MLO,8.9
2024-05-09 02:00:00,MLO,7.1
2024-05-09 03:00:00,MLO,5.4
2024-05-09 04:00:00,MLO,5.2
2024-05-09 05:00:00,MLO,5.3
2024-05-09 06:00:00,MLO,4.7
2024-05-09 07:00:00,MLO,4.0
2024-05-09 08:00:00,MLO,3.8
2024-05-09 09:00:00,MLO,4.2
2024-05-09 10:00:00,MLO,4.4
2024-05-09 11:00:00,MLO,5.5
2024-05-09 12:00:00,MLO,5.5
2024-05-09 13:00:00,MLO,7.9
2024-05-09 14:00:00,MLO,8.1
2024-05-09 15:00:00,MLO,8.4
2024-05-09 16:00:00,MLO,8.1
2024-05-09 17:00:00,MLO,7.3
2024-05-09 18:00:00,MLO,6.1
2024-05-09 19:00:00,MLO,5.0
2024-05-09 20:00:00,MLO,4.5
2024-05-09 21:00:00,MLO,4.5
2024-05-09 22:00:00,MLO,4.6
2024-05-09 23:00:00,MLO,5.2
2024-05-10 00:00:00,MLO,5.1
2024-05-10 01:00:00,MLO,4.6
2024-05-10 02:00:00,MLO,4.5
2024-05-10 03:00:00,MLO,3.6
2024-05-10 04:00:00,MLO,2.0
2024-05-10 05:00:00,MLO,0.2
2024-05-10 06:00:00,MLO,4.6
2024-05-10 07:00:00,MLO,5.4
2024-05-10 08:00:00,MLO,5.5
2024-05-10 09:00:00,MLO,5.8
2024-05-10 10:00:00,MLO,5.4
2024-05-10 11:00:00,MLO,5.3
2024-05-10 12:00:00,MLO,5.6
2024-05-10 13:00:00,MLO,5.5
2024-05-10 14:00:00,MLO,4.5
2024-05-10 15:00:00,MLO,5.9
2024-05-10 16:00:00,MLO,5.6
2024-05-10 17:00:00,MLO,6.3
2024-05-10 18:00:00,MLO,7.5
2024-05-10 19:00:00,MLO,8.9
2024-05-10 20:00:00,MLO,10.9
2024-05-10 21:00:00,MLO,12.7
2024-05-10 22:00:00,MLO,11.7
2024-05-10 23:00:00,MLO,9.6
2024-05-11 00:00:00,MLO,7.7
2024-05-11 01:00:00,MLO,9.9
2024-05-11 02:00:00,MLO,9.8
2024-05-11 03:00:00,MLO,6.4
2024-05-11 04:00:00,MLO,4.5
2024-05-11 05:00:00,MLO,8.3
2024-05-11 06:00:00,MLO,9.0
2024-05-11 07:00:00,MLO,10.0
2024-05-11 08:00:00,MLO,11.7
2024-05-11 09:00:00,MLO,11.5
2024-05-11 10:00:00,MLO,11.4
2024-05-11 11:00:00,MLO,11.8
2024-05-11 12:00:00,MLO,11.9
2024-05-11 13:00:00,MLO,12.2
2024-05-11 14:00:00,MLO,13.8
2024-05-11 15:00:00,MLO,14.9
2024-05-11 16:00:00,MLO,15.4
2024-05-11 17:00:00,MLO,15.5
2024-05-11 18:00:00,MLO,17.2
2024-05-11 19:00:00,MLO,14.9
2024-05-11 20:00:00,MLO,14.3
2024-05-11 21:00:00,MLO,14.1
2024-05-11 22:00:00,MLO,14.1
2024-05-11 23:00:00,MLO,12.4
2024-05-12 00:00:00,MLO,12.6
2024-05-12 01:00:00,MLO,13.0
2024-05-12 02:00:00,MLO,13.6
2024-05-12 03:00:00,MLO,12.5
2024-05-12 04:00:00,MLO,10.2
2024-05-12 05:00:00,MLO,8.8
2024-05-12 06:00:00,MLO,10.3
2024-05-12 07:00:00,MLO,11.4
2024-05-12 08:00:00,MLO,12.2
2024-05-12 09:00:00,MLO,9.9
2024-05-12 10:00:00,MLO,8.6
2024-05-12 11:00:00,MLO,8.8
2024-05-12 12:00:00,MLO,4.7
2024-05-12 13:00:00,MLO,2.9
2024-05-12 14:00:00,MLO,8.2
2024-05-12 15:00:00,MLO,2.5
2024-05-12 16:00:00,MLO,1.4
2024-05-12 17:00:00,MLO,1.9
2024-05-12 18:00:00,MLO,2.1
2024-05-12 19:00:00,MLO,2.9
2024-05-12 20:00:00,MLO,3.7
2024-05-12 21:00:00,MLO,2.4
2024-05-12 22:00:00,MLO,4.1
2024-05-12 23:00:00,MLO,5.1
2024-05-13 00:00:00,MLO,3.2
2024-05-13 01:00:00,MLO,6.8
2024-05-13 02:00:00,MLO,4.2
2024-05-13 03:00:00,MLO,2.0
2024-05-13 04:00:00,MLO,3.4
2024-05-13 05:00:00,MLO,2.0
2024-05-13 06:00:00,MLO,0.7
2024-05-13 07:00:00,MLO,1.3
2024-05-13 08:00:00,MLO,1.4
2024-05-13 09:00:00,MLO,0.7
2024-05-13 10:00:00,MLO,1.2
2024-05-13 11:00:00,MLO,2.1
2024-05-13 12:00:00,MLO,0.6
2024-05-13 13:00:00,MLO,0.8
2024-05-13 14:00:00,MLO,1.1
2024-05-13 15:00:00,MLO,2.4
2024-05-13 16:00:00,MLO,0.2
2024-05-13 17:00:00,MLO,1.5
2024-05-13 18:00:00,MLO,1.9
2024-05-13 19:00:00,MLO,2.5
2024-05-13 20:00:00,MLO,3.4
2024-05-13 21:00:00,MLO,4.0
2024-05-13 22:00:00,MLO,4.3
2024-05-13 23:00:00,MLO,4.5
2024-05-14 00:00:00,MLO,4.2
2024-05-14 01:00:00,MLO,3.7
2024-05-14 02:00:00,MLO,3.1
2024-05-14 03:00:00,MLO,2.8
2024-05-14 04:00:00,MLO,2.4
2024-05-14 05:00:00,MLO,2.6
2024-05-14 06:00:00,MLO,1.7
2024-05-14 07:00:00,MLO,1.4
2024-05-14 08:00:00,MLO,2.1
2024-05-14 09:00:00,MLO,2.4
2024-05-14 10:00:00,MLO,2.8
2024-05-14 11:00:00,MLO,1.2
2024-05-14 12:00:00,MLO,0.9
2024-05-14 13:00:00,MLO,1.5
2024-05-14 14:00:00,MLO,1.9
2024-05-14 15:00:00,MLO,0.9
2024-05-14 16:00:00,MLO,1.3
2024-05-14 17:00:00,MLO,1.3
2024-05-14 18:00:00,MLO,2.1
2024-05-14 19:00:00,MLO,2.4
2024-05-14 20:00:00,MLO,2.9
2024-05-14 21:00:00,MLO,3.1
2024-05-14 22:00:00,MLO,3.2
2024-05-14 23:00:00,MLO,3.8
2024-05-15 00:00:00,MLO,4.1
2024-05-15 01:00:00,MLO,3.4
2024-05-15 02:00:00,MLO,2.2
2024-05-15 03:00:00,MLO,0.6
2024-05-15 04:00:00,MLO,3.0
2024-05-15 05:00:00,MLO,1.8
2024-05-15 06:00:00,MLO,0.6
2024-05-15 07:00:00,MLO,0.7
2024-05-15 08:00:00,MLO,1.0
2024-05-15 09:00:00,MLO,1.6
2024-05-15 10:00:00,MLO,2.9
2024-05-15 11:00:00,MLO,2.1
2024-05-15 12:00:00,MLO,1.9
2024-05-15 13:00:00,MLO,2.6
2024-05-15 14:00:00,MLO,2.3
2024-05-15 15:00:00,MLO,5.5
2024-05-15 16:00:00,MLO,4.6
2024-05-15 17:00:00,MLO,2.9
2024-05-15 18:00:00,MLO,1.3
2024-05-15 19:00:00,MLO,2.3
2024-05-15 20:00:00,MLO,3.5
2024-05-15 21:00:00,MLO,4.1
2024-05-15 22:00:00,MLO,5.2
2024-05-15 23:00:00,MLO,5.8
2024-05-16 00:00:00,MLO,6.8
2024-05-16 01:00:00,MLO,7.6
2024-05-16 02:00:00,MLO,8.6
2024-05-16 03:00:00,MLO,7.4
2024-05-16 04:00:00,MLO,6.6
2024-05-16 05:00:00,MLO,6.4
2024-05-16 06:00:00,MLO,6.6
2024-05-16 07:00:00,MLO,7.8
2024-05-16 08:00:00,MLO,7.3
2024-05-16 09:00:00,MLO,6.2
2024-05-16 10:00:00,MLO,6.4
2024-05-16 11:00:00,MLO,6.0
2024-05-16 12:00:00,MLO,6.1
2024-05-16 13:00:00,MLO,5.7
2024-05-16 14:00:00,MLO,6.6
2024-05-16 15:00:00,MLO,7.7
2024-05-16 16:00:00,MLO,7.0
2024-05-16 17:00:00,MLO,6.9
2024-05-16 18:00:00,MLO,10.0
2024-05-16 19:00:00,MLO,10.2
2024-05-16 20:00:00,MLO,10.0
2024-05-16 21:00:00,MLO,8.4
2024-05-16 22:00:00,MLO,7.9
2024-05-16 23:00:00,MLO,8.2
2024-05-17 00:00:00,MLO,9.2
2024-05-17 01:00:00,MLO,7.2
2024-05-17 02:00:00,MLO,7.5
2024-05-17 03:00:00,MLO,9.8
2024-05-17 04:00:00,MLO,10.2
2024-05-17 05:00:00,MLO,10.1
2024-05-17 06:00:00,MLO,10.7
2024-05-17 07:00:00,MLO,10.2
2024-05-17 08:00:00,MLO,10.2
2024-05-17 09:00:00,MLO,9.8
2024-05-17 10:00:00,MLO,8.8
2024-05-17 11:00:00,MLO,8.5
2024-05-17 12:00:00,MLO,7.3
2024-05-17 13:00:00,MLO,6.3
2024-05-17 14:00:00,MLO,7.1
2024-05-17 15:00:00,MLO,6.4
2024-05-17 16:00:00,MLO,5.6
2024-05-17 17:00:00,MLO,5.7
2024-05-17 18:00:00,MLO,6.6
2024-05-17 19:00:00,MLO,2.5
2024-05-17 20:00:00,MLO,3.2
2024-05-17 21:00:00,MLO,2.4
2024-05-17 22:00:00,MLO,4.5
2024-05-17 23:00:00,MLO,6.4
2024-05-18 00:00:00,MLO,6.0
2024-05-18 01:00:00,MLO,4.3
2024-05-18 02:00:00,MLO,4.7
2024-05-18 03:00:00,MLO,3.6
2024-05-18 04:00:00,MLO,2.5
2024-05-18 05:00:00,MLO,0.5
2024-05-18 06:00:00,MLO,1.2
2024-05-18 07:00:00,MLO,1.6
2024-05-18 08:00:00,MLO,1.6
2024-05-18 09:00:00,MLO,2.0
2024-05-18 10:00:00,MLO,3.4
2024-05-18 11:00:00,MLO,4.8
2024-05-18 12:00:00,MLO,6.1
2024-05-18 13:00:00,MLO,5.5
2024-05-18 14:00:00,MLO,5.3
2024-05-18 15:00:00,MLO,5.6
2024-05-18 16:00:00,MLO,4.6
2024-05-18 17:00:00,MLO,2.6
2024-05-18 18:00:00,MLO,3.7
2024-05-18 19:00:00,MLO,4.0
2024-05-18 20:00:00,MLO,4.8
2024-05-18 21:00:00,MLO,3.5
2024-05-18 22:00:00,MLO,3.4
2024-05-18 23:00:00,MLO,4.1
2024-05-19 00:00:00,MLO,4.8
2024-05-19 01:00:00,MLO,5.2
2024-05-19 02:00:00,MLO,4.6
2024-05-19 03:00:00,MLO,4.7
2024-05-19 04:00:00,MLO,5.4
2024-05-19 05:00:00,MLO,5.8
2024-05-19 06:00:00,MLO,7.7
2024-05-19 07:00:00,MLO,6.7
2024-05-19 08:00:00,MLO,7.1
2024-05-19 09:00:00,MLO,5.9
2024-05-19 10:00:00,MLO,5.9
2024-05-19 11:00:00,MLO,4.8
2024-05-19 12:00:00,MLO,4.6
2024-05-19 13:00:00,MLO,7.3
2024-05-19 14:00:00,MLO,4.8
2024-05-19 15:00:00,MLO,2.3
2024-05-19 16:00:00,MLO,1.2
2024-05-19 17:00:00,MLO,3.6
2024-05-19 18:00:00,MLO,2.6
2024-05-19 19:00:00,MLO,1.2
2024-05-19 20:00:00,MLO,0.9
2024-05-19 21:00:00,MLO,3.5
2024-05-19 22:00:00,MLO,7.5
2024-05-19 23:00:00,MLO,8.6
2024-05-20 00:00:00,MLO,9.7
2024-05-20 01:00:00,MLO,10.6
2024-05-20 02:00:00,MLO,8.0
2024-05-20 03:00:00,MLO,7.5
2024-05-20 04:00:00,MLO,5.6
2024-05-20 05:00:00,MLO,5.5
2024-05-20 06:00:00,MLO,7.0
2024-05-20 07:00:00,MLO,5.2
2024-05-20 08:00:00,MLO,4.9
2024-05-20 09:00:00,MLO,3.8
2024-05-20 10:00:00,MLO,2.9
2024-05-20 11:00:00,MLO,3.7
2024-05-20 12:00:00,MLO,2.1
2024-05-20 13:00:00,MLO,5.5
2024-05-20 14:00:00,MLO,4.5
2024-05-20 15:00:00,MLO,4.1
2024-05-20 16:00:00,MLO,1.9
2024-05-20 17:00:00,MLO,0.7
2024-05-20 18:00:00,MLO,2.2
2024-05-20 19:00:00,MLO,3.8
2024-05-20 20:00:00,MLO,4.2
2024-05-20 21:00:00,MLO,4.3
2024-05-20 22:00:00,MLO,4.6
2024-05-20 23:00:00,MLO,5.1
2024-05-21 00:00:00,MLO,5.0
2024-05-21 01:00:00,MLO,3.9
2024-05-21 02:00:00,MLO,3.5
2024-05-21 03:00:00,MLO,3.2
2024-05-21 04:00:00,MLO,2.9
2024-05-21 05:00:00,MLO,3.4
2024-05-21 06:00:00,MLO,3.9
2024-05-21 07:00:00,MLO,3.5
2024-05-21 08:00:00,MLO,4.5
2024-05-21 09:00:00,MLO,3.9
2024-05-21 10:00:00,MLO,4.5
2024-05-21 11:00:00,MLO,4.8
2024-05-21 12:00:00,MLO,4.4
2024-05-21 13:00:00,MLO,5.3
2024-05-21 14:00:00,MLO,5.4
2024-05-21 15:00:00,MLO,5.3
2024-05-21 16:00:00,MLO,5.9
2024-05-21 17:00:00,MLO,4.3
2024-05-21 18:00:00,MLO,4.2
2024-05-21 19:00:00,MLO,4.7
2024-05-21 20:00:00,MLO,4.4
2024-05-21 21:00:00,MLO,4.0
2024-05-21 22:00:00,MLO,7.0
2024-05-21 23:00:00,MLO,7.4
2024-05-22 00:00:00,MLO,6.8
2024-05-22 01:00:00,MLO,6.3
2024-05-22 02:00:00,MLO,4.2
2024-05-22 03:00:00,MLO,2.4
2024-05-22 04:00:00,MLO,2.5
2024-05-22 05:00:00,MLO,1.3
2024-05-22 06:00:00,MLO,2.0
2024-05-22 07:00:00,MLO,1.9
2024-05-22 08:00:00,MLO,1.8
2024-05-22 09:00:00,MLO,2.1
2024-05-22 10:00:00,MLO,2.7
2024-05-22 11:00:00,MLO,3.0
2024-05-22 12:00:00,MLO,2.1
2024-05-22 13:00:00,MLO,3.9
2024-05-22 14:00:00,MLO,3.7
2024-05-22 15:00:00,MLO,3.0
2024-05-22 16:00:00,MLO,1.6
2024-05-22 17:00:00,MLO,1.0
2024-05-22 18:00:00,MLO,2.2
2024-05-22 19:00:00,MLO,2.9
2024-05-22 20:00:00,MLO,3.2
2024-05-22 21:00:00,MLO,4.1
2024-05-22 22:00:00,MLO,3.8
2024-05-22 23:00:00,MLO,3.8
2024-05-23 00:00:00,MLO,3.8
2024-05-23 01:00:00,MLO,4.3
2024-05-23 02:00:00,MLO,4.5
2024-05-23 03:00:00,MLO,3.0
2024-05-23 04:00:00,MLO,2.2
2024-05-23 05:00:00,MLO,1.2
2024-05-23 06:00:00,MLO,0.9
2024-05-23 07:00:00,MLO,1.0
2024-05-23 08:00:00,MLO,1.6
2024-05-23 09:00:00,MLO,2.2
2024-05-23 10:00:00,MLO,1.5
2024-05-23 11:00:00,MLO,1.4
2024-05-23 12:00:00,MLO,3.5
2024-05-23 13:00:00,MLO,2.4
2024-05-23 14:00:00,MLO,2.7
2024-05-23 15:00:00,MLO,3.8
2024-05-23 16:00:00,MLO,0.8
2024-05-23 17:00:00,MLO,1.6
2024-05-23 18:00:00,MLO,2.7
2024-05-23 19:00:00,MLO,3.5
2024-05-23 20:00:00,MLO,4.1
2024-05-23 21:00:00,MLO,3.9
2024-05-23 22:00:00,MLO,5.0
2024-05-23 23:00:00,MLO,5.0
2024-05-24 00:00:00,MLO,4.3
2024-05-24 01:00:00,MLO,4.3
2024-05-24 02:00:00,MLO,4.6
2024-05-24 03:00:00,MLO,3.4
2024-05-24 04:00:00,MLO,2.6
2024-05-24 05:00:00,MLO,0.7
2024-05-24 06:00:00,MLO,0.8
2024-05-24 07:00:00,MLO,1.5
2024-05-24 08:00:00,MLO,2.3
2024-05-24 09:00:00,MLO,2.9
2024-05-24 10:00:00,MLO,2.7
2024-05-24 11:00:00,MLO,3.0
2024-05-24 12:00:00,MLO,2.2
2024-05-24 13:00:00,MLO,2.5
2024-05-24 14:00:00,MLO,1.8
2024-05-24 15:00:00,MLO,2.2
2024-05-24 16:00:00,MLO,2.5
2024-05-24 17:00:00,MLO,0.9
2024-05-24 18:00:00,MLO,2.1
2024-05-24 19:00:00,MLO,3.9
2024-05-24 20:00:00,MLO,4.9
2024-05-24 21:00:00,MLO,5.7
2024-05-24 22:00:00,MLO,5.3
2024-05-24 23:00:00,MLO,5.6
2024-05-25 00:00:00,MLO,5.5
2024-05-25 01:00:00,MLO,4.4
2024-05-25 02:00:00,MLO,4.1
2024-05-25 03:00:00,MLO,3.6
2024-05-25 04:00:00,MLO,2.4
2024-05-25 05:00:00,MLO,1.6
2024-05-25 06:00:00,MLO,1.3
2024-05-25 07:00:00,MLO,1.5
2024-05-25 08:00:00,MLO,2.0
2024-05-25 09:00:00,MLO,2.3
2024-05-25 10:00:00,MLO,2.7
2024-05-25 11:00:00,MLO,3.2
2024-05-25 12:00:00,MLO,4.1
2024-05-25 13:00:00,MLO,4.4
2024-05-25 14:00:00,MLO,5.1
2024-05-25 15:00:00,MLO,3.6
2024-05-25 16:00:00,MLO,1.8
2024-05-25 17:00:00,MLO,1.8
2024-05-25 18:00:00,MLO,3.1
2024-05-25 19:00:00,MLO,3.9
2024-05-25 20:00:00,MLO,4.4
2024-05-25 21:00:00,MLO,3.9
2024-05-25 22:00:00,MLO,4.5
2024-05-25 23:00:00,MLO,4.7
2024-05-26 00:00:00,MLO,3.8
2024-05-26 01:00:00,MLO,3.6
2024-05-26 02:00:00,MLO,3.3
2024-05-26 03:00:00,MLO,2.7
2024-05-26 04:00:00,MLO,1.3
2024-05-26 05:00:00,MLO,0.3
2024-05-26 06:00:00,MLO,0.1
2024-05-26 07:00:00,MLO,1.1
2024-05-26 08:00:00,MLO,1.1
2024-05-26 09:00:00,MLO,1.1
2024-05-26 10:00:00,MLO,2.0
2024-05-26 11:00:00,MLO,1.7
2024-05-26 12:00:00,MLO,3.0
2024-05-26 13:00:00,MLO,2.7
2024-05-26 14:00:00,MLO,3.7
2024-05-26 15:00:00,MLO,3.4
2024-05-26 16:00:00,MLO,3.3
2024-05-26 17:00:00,MLO,2.1
2024-05-26 18:00:00,MLO,2.4
2024-05-26 19:00:00,MLO,2.7
2024-05-26 20:00:00,MLO,3.4
2024-05-26 21:00:00,MLO,4.1
2024-05-26 22:00:00,MLO,4.7
2024-05-26 23:00:00,MLO,4.5
2024-05-27 00:00:00,MLO,4.6
2024-05-27 01:00:00,MLO,4.2
2024-05-27 02:00:00,MLO,3.6
2024-05-27 03:00:00,MLO,2.7
2024-05-27 04:00:00,MLO,2.1
2024-05-27 05:00:00,MLO,0.7
2024-05-27 06:00:00,MLO,0.8
2024-05-27 07:00:00,MLO,1.2
2024-05-27 08:00:00,MLO,1.5
2024-05-27 09:00:00,MLO,2.3
2024-05-27 10:00:00,MLO,2.4
2024-05-27 11:00:00,MLO,3.2
2024-05-27 12:00:00,MLO,2.6
2024-05-27 13:00:00,MLO,3.4
2024-05-27 14:00:00,MLO,2.6
2024-05-27 15:00:00,MLO,1.9
2024-05-27 16:00:00,MLO,2.1
2024-05-27 17:00:00,MLO,1.1
2024-05-27 18:00:00,MLO,1.8
2024-05-27 19:00:00,MLO,3.7
2024-05-27 20:00:00,MLO,4.2
2024-05-27 21:00:00,MLO,4.2
2024-05-27 22:00:00,MLO,4.6
2024-05-27 23:00:00,MLO,5.0
2024-05-28 00:00:00,MLO,4.3
2024-05-28 01:00:00,MLO,4.1
2024-05-28 02:00:00,MLO,3.7
2024-05-28 03:00:00,MLO,2.3
2024-05-28 04:00:00,MLO,3.5
2024-05-28 05:00:00,MLO,4.0
2024-05-28 06:00:00,MLO,3.2
2024-05-28 07:00:00,MLO,3.3
2024-05-28 08:00:00,MLO,3.7
2024-05-28 09:00:00,MLO,2.1
2024-05-28 10:00:00,MLO,3.2
2024-05-28 11:00:00,MLO,4.1
2024-05-28 12:00:00,MLO,2.8
2024-05-28 13:00:00,MLO,1.8
2024-05-28 14:00:00,MLO,3.7
2024-05-28 15:00:00,MLO,4.7
2024-05-28 16:00:00,MLO,4.1
2024-05-28 17:00:00,MLO,3.9
2024-05-28 18:00:00,MLO,2.1
2024-05-28 19:00:00,MLO,2.9
2024-05-28 20:00:00,MLO,3.7
2024-05-28 21:00:00,MLO,3.9
2024-05-28 22:00:00,MLO,4.0
2024-05-28 23:00:00,MLO,4.3
2024-05-29 00:00:00,MLO,4.1
2024-05-29 01:00:00,MLO,3.8
2024-05-29 02:00:00,MLO,3.1
2024-05-29 03:00:00,MLO,2.5
2024-05-29 04:00:00,MLO,2.4
2024-05-29 05:00:00,MLO,0.9
2024-05-29 06:00:00,MLO,1.6
2024-05-29 07:00:00,MLO,1.3
2024-05-29 08:00:00,MLO,1.4
2024-05-29 09:00:00,MLO,1.4
2024-05-29 10:00:00,MLO,1.3
2024-05-29 11:00:00,MLO,2.7
2024-05-29 12:00:00,MLO,3.6
2024-05-29 13:00:00,MLO,3.5
2024-05-29 14:00:00,MLO,3.7
2024-05-29 15:00:00,MLO,3.5
2024-05-29 16:00:00,MLO,2.9
2024-05-29 17:00:00,MLO,1.5
2024-05-29 18:00:00,MLO,2.9
2024-05-29 19:00:00,MLO,4.7
2024-05-29 20:00:00,MLO,3.5
2024-05-29 21:00:00,MLO,4.3
2024-05-29 22:00:00,MLO,4.8
2024-05-29 23:00:00,MLO,4.7
2024-05-30 00:00:00,MLO,4.8
2024-05-30 01:00:00,MLO,4.5
2024-05-30 02:00:00,MLO,4.3
2024-05-30 03:00:00,MLO,2.9
2024-05-30 04:00:00,MLO,2.0
2024-05-30 05:00:00,MLO,1.3
2024-05-30 06:00:00,MLO,0.7
2024-05-30 07:00:00,MLO,1.0
2024-05-30 08:00:00,MLO,1.1
2024-05-30 09:00:00,MLO,1.6
2024-05-30 10:00:00,MLO,2.4
2024-05-30 11:00:00,MLO,4.3
2024-05-30 12:00:00,MLO,4.4
2024-05-30 13:00:00,MLO,3.2
2024-05-30 14:00:00,MLO,3.1
2024-05-30 15:00:00,MLO,2.8
2024-05-30 16:00:00,MLO,3.0
2024-05-30 17:00:00,MLO,1.4
2024-05-30 18:00:00,MLO,2.5
2024-05-30 19:00:00,MLO,4.3
2024-05-30 20:00:00,MLO,5.0
2024-05-30 21:00:00,MLO,4.1
2024-05-30 22:00:00,MLO,5.4
2024-05-30 23:00:00,MLO,5.7
2024-05-31 00:00:00,MLO,5.2
2024-05-31 01:00:00,MLO,4.8
2024-05-31 02:00:00,MLO,3.8
2024-05-31 03:00:00,MLO,3.2
2024-05-31 04:00:00,MLO,2.0
2024-05-31 05:00:00,MLO,2.7
2024-05-31 06:00:00,MLO,3.5
2024-05-31 07:00:00,MLO,5.2
2024-05-31 08:00:00,MLO,5.5
2024-05-31 09:00:00,MLO,5.6
2024-05-31 10:00:00,MLO,5.2
2024-05-31 11:00:00,MLO,4.1
2024-05-31 12:00:00,MLO,3.8
2024-05-31 13:00:00,MLO,3.2
2024-05-31 14:00:00,MLO,2.8
2024-05-31 15:00:00,MLO,3.2
2024-05-31 16:00:00,MLO,1.8
2024-05-31 17:00:00,MLO,0.6
2024-05-31 18:00:00,MLO,2.3
2024-05-31 19:00:00,MLO,3.4
2024-05-31 20:00:00,MLO,3.6
2024-05-31 21:00:00,MLO,4.2
2024-05-31 22:00:00,MLO,4.0
2024-05-31 23:00:00,MLO,4.5
2024-06-01 00:00:00,MLO,4.5
2024-06-01 01:00:00,MLO,4.6
2024-06-01 02:00:00,MLO,3.6
2024-06-01 03:00:00,MLO,1.9
2024-06-01 04:00:00,MLO,1.5
2024-06-01 05:00:00,MLO,1.5
2024-06-01 06:00:00,MLO,0.4
2024-06-01 07:00:00,MLO,1.4
2024-06-01 08:00:00,MLO,2.1
2024-06-01 09:00:00,MLO,2.6
2024-06-01 10:00:00,MLO,5.0
2024-06-01 11:00:00,MLO,5.0
2024-06-01 12:00:00,MLO,3.6
2024-06-01 13:00:00,MLO,4.0
2024-06-01 14:00:00,MLO,4.2
2024-06-01 15:00:00,MLO,4.1
2024-06-01 16:00:00,MLO,2.7
2024-06-01 17:00:00,MLO,1.2
2024-06-01 18:00:00,MLO,3.5
2024-06-01 19:00:00,MLO,3.4
2024-06-01 20:00:00,MLO,4.5
2024-06-01 21:00:00,MLO,4.1
2024-06-01 22:00:00,MLO,5.4
2024-06-01 23:00:00,MLO,4.9
2024-06-02 00:00:00,MLO,4.5
2024-06-02 01:00:00,MLO,4.8
2024-06-02 02:00:00,MLO,3.6
2024-06-02 03:00:00,MLO,3.1
2024-06-02 04:00:00,MLO,2.2
2024-06-02 05:00:00,MLO,2.0
2024-06-02 06:00:00,MLO,1.2
2024-06-02 07:00:00,MLO,2.3
2024-06-02 08:00:00,MLO,2.5
2024-06-02 09:00:00,MLO,1.0
2024-06-02 10:00:00,MLO,2.2
2024-06-02 11:00:00,MLO,1.4
2024-06-02 12:00:00,MLO,1.9
2024-06-02 13:00:00,MLO,2.6
2024-06-02 14:00:00,MLO,2.5
2024-06-02 15:00:00,MLO,3.4
2024-06-02 16:00:00,MLO,1.0
2024-06-02 17:00:00,MLO,1.3
2024-06-02 18:00:00,MLO,2.4
2024-06-02 19:00:00,MLO,3.3
2024-06-02 20:00:00,MLO,3.9
2024-06-02 21:00:00,MLO,4.3
2024-06-02 22:00:00,MLO,3.0
2024-06-02 23:00:00,MLO,2.9
2024-06-03 00:00:00,MLO,3.5
2024-06-03 01:00:00,MLO,1.5
2024-06-03 02:00:00,MLO,2.7
2024-06-03 03:00:00,MLO,1.5
2024-06-03 04:00:00,MLO,1.4
2024-06-03 05:00:00,MLO,1.4
2024-06-03 06:00:00,MLO,5.9
2024-06-03 07:00:00,MLO,7.2
2024-06-03 08:00:00,MLO,7.7
2024-06-03 09:00:00,MLO,8.7
2024-06-03 10:00:00,MLO,9.0
2024-06-03 11:00:00,MLO,9.4
2024-06-03 12:00:00,MLO,9.4
2024-06-03 13:00:00,MLO,9.6
2024-06-03 14:00:00,MLO,9.5
2024-06-03 15:00:00,MLO,9.0
2024-06-03 16:00:00,MLO,8.8
2024-06-03 17:00:00,MLO,7.1
2024-06-03 18:00:00,MLO,6.8
2024-06-03 19:00:00,MLO,7.7
2024-06-03 20:00:00,MLO,8.1
2024-06-03 21:00:00,MLO,7.8
2024-06-03 22:00:00,MLO,7.2
2024-06-03 23:00:00,MLO,7.8
2024-06-04 00:00:00,MLO,7.8
2024-06-04 01:00:00,MLO,7.2
2024-06-04 02:00:00,MLO,7.3
2024-06-04 03:00:00,MLO,6.5
2024-06-04 04:00:00,MLO,6.9
2024-06-04 05:00:00,MLO,7.1
2024-06-04 06:00:00,MLO,7.8
2024-06-04 07:00:00,MLO,9.1
2024-06-04 08:00:00,MLO,9.8
2024-06-04 09:00:00,MLO,9.4
2024-06-04 10:00:00,MLO,9.2
2024-06-04 11:00:00,MLO,10.1
2024-06-04 12:00:00,MLO,10.8
2024-06-04 13:00:00,MLO,10.6
2024-06-04 14:00:00,MLO,10.7
2024-06-04 15:00:00,MLO,10.9
2024-06-04 16:00:00,MLO,10.2
2024-06-04 17:00:00,MLO,11.0
2024-06-04 18:00:00,MLO,11.2
2024-06-04 19:00:00,MLO,10.9
2024-06-04 20:00:00,MLO,9.9
2024-06-04 21:00:00,MLO,9.3
2024-06-04 22:00:00,MLO,8.8
2024-06-04 23:00:00,MLO,8.3
2024-06-05 00:00:00,MLO,8.5
2024-06-05 01:00:00,MLO,6.9
2024-06-05 02:00:00,MLO,7.4
2024-06-05 03:00:00,MLO,6.6
2024-06-05 04:00:00,MLO,0.3
2024-06-05 05:00:00,MLO,4.3
2024-06-05 06:00:00,MLO,4.3
2024-06-05 07:00:00,MLO,2.9
2024-06-05 08:00:00,MLO,3.1
2024-06-05 09:00:00,MLO,3.9
2024-06-05 10:00:00,MLO,3.7
2024-06-05 11:00:00,MLO,3.2
2024-06-05 12:00:00,MLO,3.6
2024-06-05 13:00:00,MLO,3.7
2024-06-05 14:00:00,MLO,3.1
2024-06-05 15:00:00,MLO,3.0
2024-06-05 16:00:00,MLO,2.8
2024-06-05 17:00:00,MLO,1.2
2024-06-05 18:00:00,MLO,3.4
2024-06-05 19:00:00,MLO,3.8
2024-06-05 20:00:00,MLO,5.2
2024-06-05 21:00:00,MLO,5.3
2024-06-05 22:00:00,MLO,5.9
2024-06-05 23:00:00,MLO,6.5
2024-06-06 00:00:00,MLO,7.3
2024-06-06 01:00:00,MLO,6.5
2024-06-06 02:00:00,MLO,4.6
2024-06-06 03:00:00,MLO,2.9
2024-06-06 04:00:00,MLO,1.4
2024-06-06 05:00:00,MLO,1.1
2024-06-06 06:00:00,MLO,0.9
2024-06-06 07:00:00,MLO,1.4
2024-06-06 08:00:00,MLO,6.0
2024-06-06 09:00:00,MLO,6.2
2024-06-06 10:00:00,MLO,7.1
2024-06-06 11:00:00,MLO,5.9
2024-06-06 12:00:00,MLO,5.3
2024-06-06 13:00:00,MLO,6.6
2024-06-06 14:00:00,MLO,7.0
2024-06-06 15:00:00,MLO,7.0
2024-06-06 16:00:00,MLO,6.4
2024-06-06 17:00:00,MLO,1.0
2024-06-06 18:00:00,MLO,1.8
2024-06-06 19:00:00,MLO,2.5
2024-06-06 20:00:00,MLO,4.0
2024-06-06 21:00:00,MLO,3.0
2024-06-06 22:00:00,MLO,3.1
2024-06-06 23:00:00,MLO,2.8
2024-06-07 00:00:00,MLO,2.3
2024-06-07 01:00:00,MLO,2.8
2024-06-07 02:00:00,MLO,2.8
2024-06-07 03:00:00,MLO,3.0
2024-06-07 04:00:00,MLO,1.7
2024-06-07 05:00:00,MLO,3.9
2024-06-07 06:00:00,MLO,1.8
2024-06-07 07:00:00,MLO,1.6
2024-06-07 08:00:00,MLO,1.6
2024-06-07 09:00:00,MLO,3.3
2024-06-07 10:00:00,MLO,3.3
2024-06-07 11:00:00,MLO,3.6
2024-06-07 12:00:00,MLO,2.5
2024-06-07 13:00:00,MLO,3.8
2024-06-07 14:00:00,MLO,2.8
2024-06-07 15:00:00,MLO,3.7
2024-06-07 16:00:00,MLO,3.9
2024-06-07 17:00:00,MLO,2.0
2024-06-07 18:00:00,MLO,2.3
2024-06-07 19:00:00,MLO,3.0
2024-06-07 20:00:00,MLO,4.1
2024-06-07 21:00:00,MLO,4.2
2024-06-07 22:00:00,MLO,4.5
2024-06-07 23:00:00,MLO,4.6
2024-06-08 00:00:00,MLO,4.0
2024-06-08 01:00:00,MLO,3.3
2024-06-08 02:00:00,MLO,3.7
2024-06-08 03:00:00,MLO,4.4
2024-06-08 04:00:00,MLO,2.9
2024-06-08 05:00:00,MLO,1.1
2024-06-08 06:00:00,MLO,1.2
2024-06-08 07:00:00,MLO,1.9
2024-06-08 08:00:00,MLO,1.9
2024-06-08 09:00:00,MLO,2.5
2024-06-08 10:00:00,MLO,3.2
2024-06-08 11:00:00,MLO,4.0
2024-06-08 12:00:00,MLO,3.8
2024-06-08 13:00:00,MLO,4.1
2024-06-08 14:00:00,MLO,5.2
2024-06-08 15:00:00,MLO,6.2
2024-06-08 16:00:00,MLO,5.7
2024-06-08 17:00:00,MLO,5.3
2024-06-08 18:00:00,MLO,3.6
2024-06-08 19:00:00,MLO,3.5
2024-06-08 20:00:00,MLO,3.5
2024-06-08 21:00:00,MLO,4.2
2024-06-08 22:00:00,MLO,4.4
2024-06-08 23:00:00,MLO,4.8
2024-06-09 00:00:00,MLO,4.7
2024-06-09 01:00:00,MLO,4.0
2024-06-09 02:00:00,MLO,3.0
2024-06-09 03:00:00,MLO,2.6
2024-06-09 04:00:00,MLO,3.2
2024-06-09 05:00:00,MLO,4.4
2024-06-09 06:00:00,MLO,3.8
2024-06-09 07:00:00,MLO,4.9
2024-06-09 08:00:00,MLO,5.4
2024-06-09 09:00:00,MLO,7.4
2024-06-09 10:00:00,MLO,4.7
2024-06-09 11:00:00,MLO,6.9
2024-06-09 12:00:00,MLO,8.3
2024-06-09 13:00:00,MLO,8.0
2024-06-09 14:00:00,MLO,9.4
2024-06-09 15:00:00,MLO,8.7
2024-06-09 16:00:00,MLO,8.8
2024-06-09 17:00:00,MLO,8.6
2024-06-09 18:00:00,MLO,9.6
2024-06-09 19:00:00,MLO,9.0
2024-06-09 20:00:00,MLO,7.4
2024-06-09 21:00:00,MLO,8.4
2024-06-09 22:00:00,MLO,8.0
2024-06-09 23:00:00,MLO,7.6
2024-06-10 00:00:00,MLO,6.9
2024-06-10 01:00:00,MLO,6.2
2024-06-10 02:00:00,MLO,4.8
2024-06-10 03:00:00,MLO,4.3
2024-06-10 04:00:00,MLO,4.6
2024-06-10 05:00:00,MLO,5.9
2024-06-10 06:00:00,MLO,6.6
2024-06-10 07:00:00,MLO,8.1
2024-06-10 08:00:00,MLO,8.2
2024-06-10 09:00:00,MLO,8.7
2024-06-10 10:00:00,MLO,9.3
2024-06-10 11:00:00,MLO,10.5
2024-06-10 12:00:00,MLO,10.6
2024-06-10 13:00:00,MLO,10.3
2024-06-10 14:00:00,MLO,9.3
2024-06-10 15:00:00,MLO,8.4
2024-06-10 16:00:00,MLO,4.8
2024-06-10 17:00:00,MLO,1.3
2024-06-10 18:00:00,MLO,2.1
2024-06-10 19:00:00,MLO,3.1
2024-06-10 20:00:00,MLO,3.6
2024-06-10 21:00:00,MLO,4.2
2024-06-10 22:00:00,MLO,5.2
2024-06-10 23:00:00,MLO,5.6
2024-06-11 00:00:00,MLO,4.5
2024-06-11 01:00:00,MLO,3.5
2024-06-11 02:00:00,MLO,3.5
2024-06-11 03:00:00,MLO,2.1
2024-06-11 04:00:00,MLO,1.6
2024-06-11 05:00:00,MLO,1.4
2024-06-11 06:00:00,MLO,2.2
2024-06-11 07:00:00,MLO,1.1
2024-06-11 08:00:00,MLO,1.5
2024-06-11 09:00:00,MLO,1.1
2024-06-11 10:00:00,MLO,2.2
2024-06-11 11:00:00,MLO,2.4
2024-06-11 12:00:00,MLO,2.5
2024-06-11 13:00:00,MLO,2.4
2024-06-11 14:00:00,MLO,2.1
2024-06-11 15:00:00,MLO,2.7
2024-06-11 16:00:00,MLO,2.6
2024-06-11 17:00:00,MLO,2.5
2024-06-11 18:00:00,MLO,3.2
2024-06-11 19:00:00,MLO,4.7
2024-06-11 20:00:00,MLO,4.7
2024-06-11 21:00:00,MLO,5.6
2024-06-11 22:00:00,MLO,6.1
2024-06-11 23:00:00,MLO,6.5
2024-06-12 00:00:00,MLO,5.8
2024-06-12 01:00:00,MLO,5.8
2024-06-12 02:00:00,MLO,5.9
2024-06-12 03:00:00,MLO,5.4
2024-06-12 04:00:00,MLO,4.4
2024-06-12 05:00:00,MLO,3.1
2024-06-12 06:00:00,MLO,1.0
2024-06-12 07:00:00,MLO,1.7
2024-06-12 08:00:00,MLO,2.2
2024-06-12 09:00:00,MLO,2.4
2024-06-12 10:00:00,MLO,2.1
2024-06-12 11:00:00,MLO,1.8
2024-06-12 12:00:00,MLO,2.6
2024-06-12 13:00:00,MLO,1.5
2024-06-12 14:00:00,MLO,1.4
2024-06-12 15:00:00,MLO,1.5
2024-06-12 16:00:00,MLO,1.1
2024-06-12 17:00:00,MLO,2.7
2024-06-12 18:00:00,MLO,2.1
2024-06-12 19:00:00,MLO,2.9
2024-06-12 20:00:00,MLO,4.1
2024-06-12 21:00:00,MLO,4.4
2024-06-12 22:00:00,MLO,4.6
2024-06-12 23:00:00,MLO,5.7
2024-06-13 00:00:00,MLO,6.5
2024-06-13 01:00:00,MLO,5.6
2024-06-13 02:00:00,MLO,5.1
2024-06-13 03:00:00,MLO,4.5
2024-06-13 04:00:00,MLO,4.5
2024-06-13 05:00:00,MLO,4.2
2024-06-13 06:00:00,MLO,4.5
2024-06-13 07:00:00,MLO,4.6
2024-06-13 08:00:00,MLO,4.9
2024-06-13 09:00:00,MLO,4.6
2024-06-13 10:00:00,MLO,4.9
2024-06-13 11:00:00,MLO,5.5
2024-06-13 12:00:00,MLO,5.5
2024-06-13 13:00:00,MLO,5.4
2024-06-13 14:00:00,MLO,5.6
2024-06-13 15:00:00,MLO,6.1
2024-06-13 16:00:00,MLO,5.8
2024-06-13 17:00:00,MLO,6.2
2024-06-13 18:00:00,MLO,6.1
2024-06-13 19:00:00,MLO,6.7
2024-06-13 20:00:00,MLO,6.2
2024-06-13 21:00:00,MLO,7.3
2024-06-13 22:00:00,MLO,6.9
2024-06-13 23:00:00,MLO,7.0
2024-06-14 00:00:00,MLO,7.2
2024-06-14 01:00:00,MLO,7.4
2024-06-14 02:00:00,MLO,6.9
2024-06-14 03:00:00,MLO,6.8
2024-06-14 04:00:00,MLO,6.3
2024-06-14 05:00:00,MLO,6.6
2024-06-14 06:00:00,MLO,6.7
2024-06-14 07:00:00,MLO,6.2
2024-06-14 08:00:00,MLO,5.5
2024-06-14 09:00:00,MLO,6.4
2024-06-14 10:00:00,MLO,5.5
2024-06-14 11:00:00,MLO,4.9
2024-06-14 12:00:00,MLO,4.7
2024-06-14 13:00:00,MLO,4.8
2024-06-14 14:00:00,MLO,3.4
2024-06-14 15:00:00,MLO,4.0
2024-06-14 16:00:00,MLO,2.9
2024-06-14 17:00:00,MLO,2.7
2024-06-14 18:00:00,MLO,2.9
2024-06-14 19:00:00,MLO,3.6
2024-06-14 20:00:00,MLO,4.0
2024-06-14 21:00:00,MLO,4.6
2024-06-14 22:00:00,MLO,5.0
2024-06-14 23:00:00,MLO,5.8
2024-06-15 00:00:00,MLO,5.0
2024-06-15 01:00:00,MLO,2.6
2024-06-15 02:00:00,MLO,6.4
2024-06-15 03:00:00,MLO,7.6
2024-06-15 04:00:00,MLO,7.9
2024-06-15 05:00:00,MLO,7.9
2024-06-15 06:00:00,MLO,8.2
2024-06-15 07:00:00,MLO,8.3
2024-06-15 08:00:00,MLO,8.4
2024-06-15 09:00:00,MLO,6.4
2024-06-15 10:00:00,MLO,5.8
2024-06-15 11:00:00,MLO,6.0
2024-06-15 12:00:00,MLO,6.5
2024-06-15 13:00:00,MLO,6.5
2024-06-15 14:00:00,MLO,7.2
2024-06-15 15:00:00,MLO,7.2
2024-06-15 16:00:00,MLO,6.0
2024-06-15 17:00:00,MLO,4.8
2024-06-15 18:00:00,MLO,5.1
2024-06-15 19:00:00,MLO,4.9
2024-06-15 20:00:00,MLO,4.7
2024-06-15 21:00:00,MLO,5.8
2024-06-15 22:00:00,MLO,7.8
2024-06-15 23:00:00,MLO,6.9
2024-06-16 00:00:00,MLO,5.8
2024-06-16 01:00:00,MLO,5.7
2024-06-16 02:00:00,MLO,4.8
2024-06-16 03:00:00,MLO,4.9
2024-06-16 04:00:00,MLO,4.0
2024-06-16 05:00:00,MLO,3.4
2024-06-16 06:00:00,MLO,3.6
2024-06-16 07:00:00,MLO,4.8
2024-06-16 08:00:00,MLO,4.7
2024-06-16 09:00:00,MLO,4.2
2024-06-16 10:00:00,MLO,5.2
2024-06-16 11:00:00,MLO,4.9
2024-06-16 12:00:00,MLO,3.7
2024-06-16 13:00:00,MLO,3.3
2024-06-16 14:00:00,MLO,2.4
2024-06-16 15:00:00,MLO,2.9
2024-06-16 16:00:00,MLO,3.1
2024-06-16 17:00:00,MLO,3.0
2024-06-16 18:00:00,MLO,5.5
2024-06-16 19:00:00,MLO,4.9
2024-06-16 20:00:00,MLO,4.4
2024-06-16 21:00:00,MLO,6.7
2024-06-16 22:00:00,MLO,3.5
2024-06-16 23:00:00,MLO,4.4
2024-06-17 00:00:00,MLO,4.1
2024-06-17 01:00:00,MLO,6.6
2024-06-17 02:00:00,MLO,6.0
2024-06-17 03:00:00,MLO,3.4
2024-06-17 04:00:00,MLO,5.6
2024-06-17 05:00:00,MLO,6.4
2024-06-17 06:00:00,MLO,7.2
2024-06-17 07:00:00,MLO,6.5
2024-06-17 08:00:00,MLO,3.5
2024-06-17 09:00:00,MLO,7.2
2024-06-17 10:00:00,MLO,5.8
2024-06-17 11:00:00,MLO,7.0
2024-06-17 12:00:00,MLO,7.5
2024-06-17 13:00:00,MLO,9.5
2024-06-17 14:00:00,MLO,10.6
2024-06-17 15:00:00,MLO,11.7
2024-06-17 16:00:00,MLO,12.9
2024-06-17 17:00:00,MLO,11.5
2024-06-17 18:00:00,MLO,10.0
2024-06-17 19:00:00,MLO,10.2
2024-06-17 20:00:00,MLO,9.1
2024-06-17 21:00:00,MLO,8.0
2024-06-17 22:00:00,MLO,5.5
2024-06-17 23:00:00,MLO,7.3
2024-06-18 00:00:00,MLO,1.3
2024-06-18 01:00:00,MLO,3.3
2024-06-18 02:00:00,MLO,2.8
2024-06-18 03:00:00,MLO,2.7
2024-06-18 04:00:00,MLO,2.5
2024-06-18 05:00:00,MLO,3.5
2024-06-18 06:00:00,MLO,7.4
2024-06-18 07:00:00,MLO,8.5
2024-06-18 08:00:00,MLO,3.5
2024-06-18 09:00:00,MLO,2.8
2024-06-18 10:00:00,MLO,4.6
2024-06-18 11:00:00,MLO,3.2
2024-06-18 12:00:00,MLO,6.3
2024-06-18 13:00:00,MLO,6.1
2024-06-18 14:00:00,MLO,6.1
2024-06-18 15:00:00,MLO,7.9
2024-06-18 16:00:00,MLO,7.8
2024-06-18 17:00:00,MLO,5.5
2024-06-18 18:00:00,MLO,4.4
2024-06-18 19:00:00,MLO,4.9
2024-06-18 20:00:00,MLO,3.6
2024-06-18 21:00:00,MLO,4.2
2024-06-18 22:00:00,MLO,5.6
2024-06-18 23:00:00,MLO,8.4
2024-06-19 00:00:00,MLO,8.0
2024-06-19 01:00:00,MLO,8.0
2024-06-19 02:00:00,MLO,5.4
2024-06-19 03:00:00,MLO,4.7
2024-06-19 04:00:00,MLO,5.0
2024-06-19 05:00:00,MLO,5.4
2024-06-19 06:00:00,MLO,4.9
2024-06-19 07:00:00,MLO,4.7
2024-06-19 08:00:00,MLO,5.3
2024-06-19 09:00:00,MLO,6.5
2024-06-19 10:00:00,MLO,6.6
2024-06-19 11:00:00,MLO,7.3
2024-06-19 12:00:00,MLO,6.3
2024-06-19 13:00:00,MLO,4.7
2024-06-19 14:00:00,MLO,4.0
2024-06-19 15:00:00,MLO,5.4
2024-06-19 16:00:00,MLO,4.7
2024-06-19 17:00:00,MLO,4.0
2024-06-19 18:00:00,MLO,5.1
2024-06-19 19:00:00,MLO,5.2
2024-06-19 20:00:00,MLO,4.0
2024-06-19 21:00:00,MLO,5.0
2024-06-19 22:00:00,MLO,6.5
2024-06-19 23:00:00,MLO,5.0
2024-06-20 00:00:00,MLO,4.9
2024-06-20 01:00:00,MLO,4.5
2024-06-20 02:00:00,MLO,3.9
2024-06-20 03:00:00,MLO,2.9
2024-06-20 04:00:00,MLO,3.5
2024-06-20 05:00:00,MLO,3.2
2024-06-20 06:00:00,MLO,4.3
2024-06-20 07:00:00,MLO,4.3
2024-06-20 08:00:00,MLO,3.2
2024-06-20 09:00:00,MLO,4.9
2024-06-20 10:00:00,MLO,5.6
2024-06-20 11:00:00,MLO,7.4
2024-06-20 12:00:00,MLO,9.3
2024-06-20 13:00:00,MLO,10.2
2024-06-20 14:00:00,MLO,10.7
2024-06-20 15:00:00,MLO,10.6
2024-06-20 16:00:00,MLO,10.2
2024-06-20 17:00:00,MLO,1.5
2024-06-20 18:00:00,MLO,5.9
2024-06-20 19:00:00,MLO,8.6
2024-06-20 20:00:00,MLO,5.9
2024-06-20 21:00:00,MLO,2.7
2024-06-20 22:00:00,MLO,7.2
2024-06-20 23:00:00,MLO,9.3
2024-06-21 00:00:00,MLO,10.0
2024-06-21 01:00:00,MLO,10.7
2024-06-21 02:00:00,MLO,11.2
2024-06-21 03:00:00,MLO,10.3
2024-06-21 04:00:00,MLO,10.8
2024-06-21 05:00:00,MLO,11.4
2024-06-21 06:00:00,MLO,11.6
2024-06-21 07:00:00,MLO,12.6
2024-06-21 08:00:00,MLO,12.0
2024-06-21 09:00:00,MLO,11.2
2024-06-21 10:00:00,MLO,11.7
2024-06-21 11:00:00,MLO,11.0
2024-06-21 12:00:00,MLO,10.1
2024-06-21 13:00:00,MLO,12.4
2024-06-21 14:00:00,MLO,11.3
2024-06-21 15:00:00,MLO,9.8
2024-06-21 16:00:00,MLO,10.4
2024-06-21 17:00:00,MLO,10.6
2024-06-21 18:00:00,MLO,7.3
2024-06-21 19:00:00,MLO,9.3
2024-06-21 20:00:00,MLO,9.1
2024-06-21 21:00:00,MLO,9.6
2024-06-21 22:00:00,MLO,9.0
2024-06-21 23:00:00,MLO,8.0
2024-06-22 00:00:00,MLO,7.7
2024-06-22 01:00:00,MLO,8.5
2024-06-22 02:00:00,MLO,9.7
2024-06-22 03:00:00,MLO,10.1
2024-06-22 04:00:00,MLO,10.5
2024-06-22 05:00:00,MLO,11.1
2024-06-22 06:00:00,MLO,10.5
2024-06-22 07:00:00,MLO,10.2
2024-06-22 08:00:00,MLO,12.3
2024-06-22 09:00:00,MLO,11.8
2024-06-22 10:00:00,MLO,12.3
2024-06-22 11:00:00,MLO,5.9
2024-06-22 12:00:00,MLO,8.7
2024-06-22 13:00:00,MLO,8.7
2024-06-22 14:00:00,MLO,8.9
2024-06-22 15:00:00,MLO,6.8
2024-06-22 16:00:00,MLO,8.5
2024-06-22 17:00:00,MLO,5.5
2024-06-22 18:00:00,MLO,3.4
2024-06-22 19:00:00,MLO,3.6
2024-06-22 20:00:00,MLO,3.4
2024-06-22 21:00:00,MLO,4.0
2024-06-22 22:00:00,MLO,2.3
2024-06-22 23:00:00,MLO,4.3
2024-06-23 00:00:00,MLO,5.4
2024-06-23 01:00:00,MLO,7.1
2024-06-23 02:00:00,MLO,5.1
2024-06-23 03:00:00,MLO,4.3
2024-06-23 04:00:00,MLO,3.9
2024-06-23 05:00:00,MLO,4.2
2024-06-23 06:00:00,MLO,6.7
2024-06-23 07:00:00,MLO,6.2
2024-06-23 08:00:00,MLO,7.5
2024-06-23 09:00:00,MLO,7.9
2024-06-23 10:00:00,MLO,8.2
2024-06-23 11:00:00,MLO,9.1
2024-06-23 12:00:00,MLO,10.1
2024-06-23 13:00:00,MLO,9.8
2024-06-23 14:00:00,MLO,10.0
2024-06-23 15:00:00,MLO,10.5
2024-06-23 16:00:00,MLO,9.0
2024-06-23 17:00:00,MLO,8.6
2024-06-23 18:00:00,MLO,8.7
2024-06-23 19:00:00,MLO,8.5
2024-06-23 20:00:00,MLO,8.5
2024-06-23 21:00:00,MLO,8.0
2024-06-23 22:00:00,MLO,7.1
2024-06-23 23:00:00,MLO,6.9
2024-06-24 00:00:00,MLO,7.1
2024-06-24 01:00:00,MLO,7.5
2024-06-24 02:00:00,MLO,7.9
2024-06-24 03:00:00,MLO,8.3
2024-06-24 04:00:00,MLO,8.6
2024-06-24 05:00:00,MLO,9.4
2024-06-24 06:00:00,MLO,10.5
2024-06-24 07:00:00,MLO,10.8
2024-06-24 08:00:00,MLO,11.1
2024-06-24 09:00:00,MLO,10.6
2024-06-24 10:00:00,MLO,10.3
2024-06-24 11:00:00,MLO,9.7
2024-06-24 12:00:00,MLO,9.7
2024-06-24 13:00:00,MLO,10.6
2024-06-24 14:00:00,MLO,10.5
2024-06-24 15:00:00,MLO,9.7
2024-06-24 16:00:00,MLO,9.7
2024-06-24 17:00:00,MLO,10.4
2024-06-24 18:00:00,MLO,9.7
2024-06-24 19:00:00,MLO,8.6
2024-06-24 20:00:00,MLO,7.9
2024-06-24 21:00:00,MLO,7.2
2024-06-24 22:00:00,MLO,7.2
2024-06-24 23:00:00,MLO,7.8
2024-06-25 00:00:00,MLO,7.7
2024-06-25 01:00:00,MLO,7.7
2024-06-25 02:00:00,MLO,8.1
2024-06-25 03:00:00,MLO,7.8
2024-06-25 04:00:00,MLO,7.9
2024-06-25 05:00:00,MLO,7.7
2024-06-25 06:00:00,MLO,8.0
2024-06-25 07:00:00,MLO,8.0
2024-06-25 08:00:00,MLO,8.2
2024-06-25 09:00:00,MLO,7.7
2024-06-25 10:00:00,MLO,7.7
2024-06-25 11:00:00,MLO,7.4
2024-06-25 12:00:00,MLO,8.7
2024-06-25 13:00:00,MLO,8.5
2024-06-25 14:00:00,MLO,7.4
2024-06-25 15:00:00,MLO,7.4
2024-06-25 16:00:00,MLO,6.4
2024-06-25 17:00:00,MLO,5.1
2024-06-25 18:00:00,MLO,4.5
2024-06-25 19:00:00,MLO,4.4
2024-06-25 20:00:00,MLO,5.0
2024-06-25 21:00:00,MLO,6.1
2024-06-25 22:00:00,MLO,6.7
2024-06-25 23:00:00,MLO,6.7
2024-06-26 00:00:00,MLO,6.9
2024-06-26 01:00:00,MLO,6.3
2024-06-26 02:00:00,MLO,5.2
2024-06-26 03:00:00,MLO,4.6
2024-06-26 04:00:00,MLO,3.9
2024-06-26 05:00:00,MLO,3.3
2024-06-26 06:00:00,MLO,3.0
2024-06-26 07:00:00,MLO,3.2
2024-06-26 08:00:00,MLO,2.9
2024-06-26 09:00:00,MLO,2.7
2024-06-26 10:00:00,MLO,0.5
2024-06-26 11:00:00,MLO,1.5
2024-06-26 12:00:00,MLO,1.2
2024-06-26 13:00:00,MLO,2.7
2024-06-26 14:00:00,MLO,3.2
2024-06-26 15:00:00,MLO,2.8
2024-06-26 16:00:00,MLO,3.1
2024-06-26 17:00:00,MLO,2.9
2024-06-26 18:00:00,MLO,3.4
2024-06-26 19:00:00,MLO,3.6
2024-06-26 20:00:00,MLO,4.0
2024-06-26 21:00:00,MLO,4.9
2024-06-26 22:00:00,MLO,4.6
2024-06-26 23:00:00,MLO,5.4
2024-06-27 00:00:00,MLO,5.0
2024-06-27 01:00:00,MLO,5.5
2024-06-27 02:00:00,MLO,5.1
2024-06-27 03:00:00,MLO,4.3
2024-06-27 04:00:00,MLO,3.2
2024-06-27 05:00:00,MLO,2.4
2024-06-27 06:00:00,MLO,2.7
2024-06-27 07:00:00,MLO,3.3
2024-06-27 08:00:00,MLO,2.9
2024-06-27 09:00:00,MLO,3.3
2024-06-27 10:00:00,MLO,2.9
2024-06-27 11:00:00,MLO,3.6
2024-06-27 12:00:00,MLO,4.5
2024-06-27 13:00:00,MLO,5.1
2024-06-27 14:00:00,MLO,5.6
2024-06-27 15:00:00,MLO,5.1
2024-06-27 16:00:00,MLO,4.7
2024-06-27 17:00:00,MLO,4.4
2024-06-27 18:00:00,MLO,4.5
2024-06-27 19:00:00,MLO,5.7
2024-06-27 20:00:00,MLO,5.7
2024-06-27 21:00:00,MLO,5.8
2024-06-27 22:00:00,MLO,5.7
2024-06-27 23:00:00,MLO,5.9
2024-06-28 00:00:00,MLO,5.8
2024-06-28 01:00:00,MLO,5.7
2024-06-28 02:00:00,MLO,4.9
2024-06-28 03:00:00,MLO,4.4
2024-06-28 04:00:00,MLO,4.0
2024-06-28 05:00:00,MLO,4.3
2024-06-28 06:00:00,MLO,3.7
2024-06-28 07:00:00,MLO,3.0
2024-06-28 08:00:00,MLO,3.6
2024-06-28 09:00:00,MLO,3.9
2024-06-28 10:00:00,MLO,3.7
2024-06-28 11:00:00,MLO,3.8
2024-06-28 12:00:00,MLO,3.4
2024-06-28 13:00:00,MLO,2.9
2024-06-28 14:00:00,MLO,2.0
2024-06-28 15:00:00,MLO,3.0
2024-06-28 16:00:00,MLO,2.6
2024-06-28 17:00:00,MLO,2.4
2024-06-28 18:00:00,MLO,2.8
2024-06-28 19:00:00,MLO,3.3
2024-06-28 20:00:00,MLO,6.0
2024-06-28 21:00:00,MLO,4.9
2024-06-28 22:00:00,MLO,4.9
2024-06-28 23:00:00,MLO,4.7
2024-06-29 00:00:00,MLO,2.4
2024-06-29 01:00:00,MLO,1.7
2024-06-29 02:00:00,MLO,3.1
2024-06-29 03:00:00,MLO,2.9
2024-06-29 04:00:00,MLO,2.6
2024-06-29 05:00:00,MLO,0.5
2024-06-29 06:00:00,MLO,2.1
2024-06-29 07:00:00,MLO,0.8
2024-06-29 08:00:00,MLO,1.4
2024-06-29 09:00:00,MLO,1.9
2024-06-29 10:00:00,MLO,1.3
2024-06-29 11:00:00,MLO,1.6
2024-06-29 12:00:00,MLO,2.2
2024-06-29 13:00:00,MLO,2.8
2024-06-29 14:00:00,MLO,3.3
2024-06-29 15:00:00,MLO,4.1
2024-06-29 16:00:00,MLO,3.9
2024-06-29 17:00:00,MLO,3.8
2024-06-29 18:00:00,MLO,3.5
2024-06-29 19:00:00,MLO,3.3
2024-06-29 20:00:00,MLO,3.6
2024-06-29 21:00:00,MLO,4.0
2024-06-29 22:00:00,MLO,2.5
2024-06-29 23:00:00,MLO,3.3
2024-06-30 00:00:00,MLO,3.5
2024-06-30 01:00:00,MLO,2.3
2024-06-30 02:00:00,MLO,2.6
2024-06-30 03:00:00,MLO,2.1
2024-06-30 04:00:00,MLO,1.0
2024-06-30 05:00:00,MLO,0.6
2024-06-30 06:00:00,MLO,0.6
2024-06-30 07:00:00,MLO,0.8
2024-06-30 08:00:00,MLO,0.8
2024-06-30 09:00:00,MLO,2.0
2024-06-30 10:00:00,MLO,2.3
2024-06-30 11:00:00,MLO,0.6
2024-06-30 12:00:00,MLO,1.9
2024-06-30 13:00:00,MLO,3.8
2024-06-30 14:00:00,MLO,3.3
2024-06-30 15:00:00,MLO,7.2
2024-06-30 16:00:00,MLO,4.4
2024-06-30 17:00:00,MLO,0.9
2024-06-30 18:00:00,MLO,1.5
2024-06-30 19:00:00,MLO,3.7
2024-06-30 20:00:00,MLO,4.7
2024-06-30 21:00:00,MLO,5.4
2024-06-30 22:00:00,MLO,5.6
2024-06-30 23:00:00,MLO,4.9
2024-07-01 00:00:00,MLO,4.7
2024-07-01 01:00:00,MLO,4.1
2024-07-01 02:00:00,MLO,3.9
2024-07-01 03:00:00,MLO,3.0
2024-07-01 04:00:00,MLO,2.1
2024-07-01 05:00:00,MLO,2.5
2024-07-01 06:00:00,MLO,1.3
2024-07-01 07:00:00,MLO,1.5
2024-07-01 08:00:00,MLO,3.1
2024-07-01 09:00:00,MLO,2.5
2024-07-01 10:00:00,MLO,1.6
2024-07-01 11:00:00,MLO,1.2
2024-07-01 12:00:00,MLO,0.9
2024-07-01 13:00:00,MLO,1.8
2024-07-01 14:00:00,MLO,1.9
2024-07-01 15:00:00,MLO,2.4
2024-07-01 16:00:00,MLO,3.0
2024-07-01 17:00:00,MLO,1.4
2024-07-01 18:00:00,MLO,1.2
2024-07-01 19:00:00,MLO,2.3
2024-07-01 20:00:00,MLO,3.5
2024-07-01 21:00:00,MLO,3.5
2024-07-01 22:00:00,MLO,4.1
2024-07-01 23:00:00,MLO,4.5
2024-07-02 00:00:00,MLO,3.9
2024-07-02 01:00:00,MLO,4.1
2024-07-02 02:00:00,MLO,4.4
2024-07-02 03:00:00,MLO,3.5
2024-07-02 04:00:00,MLO,3.1
2024-07-02 05:00:00,MLO,1.6
2024-07-02 06:00:00,MLO,3.1
2024-07-02 07:00:00,MLO,5.1
2024-07-02 08:00:00,MLO,6.6
2024-07-02 09:00:00,MLO,3.9
2024-07-02 10:00:00,MLO,3.1
2024-07-02 11:00:00,MLO,3.3
2024-07-02 12:00:00,MLO,3.5
2024-07-02 13:00:00,MLO,4.8
2024-07-02 14:00:00,MLO,5.4
2024-07-02 15:00:00,MLO,5.1
2024-07-02 16:00:00,MLO,4.9
2024-07-02 17:00:00,MLO,1.5
2024-07-02 18:00:00,MLO,2.3
2024-07-02 19:00:00,MLO,3.3
2024-07-02 20:00:00,MLO,4.6
2024-07-02 21:00:00,MLO,4.3
2024-07-02 22:00:00,MLO,5.7
2024-07-02 23:00:00,MLO,5.2
2024-07-03 00:00:00,MLO,4.8
2024-07-03 01:00:00,MLO,4.2
2024-07-03 02:00:00,MLO,4.1
2024-07-03 03:00:00,MLO,4.5
2024-07-03 04:00:00,MLO,3.5
2024-07-03 05:00:00,MLO,2.0
2024-07-03 06:00:00,MLO,1.3
2024-07-03 07:00:00,MLO,2.0
2024-07-03 08:00:00,MLO,3.0
2024-07-03 09:00:00,MLO,3.2
2024-07-03 10:00:00,MLO,3.5
2024-07-03 11:00:00,MLO,3.1
2024-07-03 12:00:00,MLO,3.4
2024-07-03 13:00:00,MLO,4.5
2024-07-03 14:00:00,MLO,4.3
2024-07-03 15:00:00,MLO,4.3
2024-07-03 16:00:00,MLO,4.0
2024-07-03 17:00:00,MLO,3.4
2024-07-03 18:00:00,MLO,5.1
2024-07-03 19:00:00,MLO,5.6
2024-07-03 20:00:00,MLO,5.5
2024-07-03 21:00:00,MLO,6.6
2024-07-03 22:00:00,MLO,7.5
2024-07-03 23:00:00,MLO,8.7
2024-07-04 00:00:00,MLO,6.7
2024-07-04 01:00:00,MLO,6.1
2024-07-04 02:00:00,MLO,6.4
2024-07-04 03:00:00,MLO,6.2
2024-07-04 04:00:00,MLO,6.3
2024-07-04 05:00:00,MLO,6.4
2024-07-04 06:00:00,MLO,6.6
2024-07-04 07:00:00,MLO,7.1
2024-07-04 08:00:00,MLO,7.3
2024-07-04 09:00:00,MLO,7.3
2024-07-04 10:00:00,MLO,8.3
2024-07-04 11:00:00,MLO,8.1
2024-07-04 12:00:00,MLO,9.2
2024-07-04 13:00:00,MLO,8.3
2024-07-04 14:00:00,MLO,7.5
2024-07-04 15:00:00,MLO,9.2
2024-07-04 16:00:00,MLO,9.4
2024-07-04 17:00:00,MLO,8.2
2024-07-04 18:00:00,MLO,7.8
2024-07-04 19:00:00,MLO,2.2
2024-07-04 20:00:00,MLO,3.8
2024-07-04 21:00:00,MLO,3.8
2024-07-04 22:00:00,MLO,5.6
2024-07-04 23:00:00,MLO,5.7
2024-07-05 00:00:00,MLO,6.2
2024-07-05 01:00:00,MLO,6.7
2024-07-05 02:00:00,MLO,4.3
2024-07-05 03:00:00,MLO,4.0
2024-07-05 04:00:00,MLO,3.2
2024-07-05 05:00:00,MLO,5.3
2024-07-05 06:00:00,MLO,5.4
2024-07-05 07:00:00,MLO,5.2
2024-07-05 08:00:00,MLO,5.2
2024-07-05 09:00:00,MLO,6.5
2024-07-05 10:00:00,MLO,6.7
2024-07-05 11:00:00,MLO,6.7
2024-07-05 12:00:00,MLO,4.8
2024-07-05 13:00:00,MLO,3.2
2024-07-05 14:00:00,MLO,4.0
2024-07-05 15:00:00,MLO,5.0
2024-07-05 16:00:00,MLO,4.4
2024-07-05 17:00:00,MLO,0.5
2024-07-05 18:00:00,MLO,2.1
2024-07-05 19:00:00,MLO,4.3
2024-07-05 20:00:00,MLO,4.5
2024-07-05 21:00:00,MLO,4.7
2024-07-05 22:00:00,MLO,6.5
2024-07-05 23:00:00,MLO,7.9
2024-07-06 00:00:00,MLO,5.9
2024-07-06 01:00:00,MLO,5.8
2024-07-06 02:00:00,MLO,4.6
2024-07-06 03:00:00,MLO,3.9
2024-07-06 04:00:00,MLO,2.4
2024-07-06 05:00:00,MLO,3.4
2024-07-06 06:00:00,MLO,4.7
2024-07-06 07:00:00,MLO,4.9
2024-07-06 08:00:00,MLO,5.3
2024-07-06 09:00:00,MLO,6.6
2024-07-06 10:00:00,MLO,6.9
2024-07-06 11:00:00,MLO,7.7
2024-07-06 12:00:00,MLO,8.8
2024-07-06 13:00:00,MLO,9.0
2024-07-06 14:00:00,MLO,8.6
2024-07-06 15:00:00,MLO,8.4
2024-07-06 16:00:00,MLO,7.8
2024-07-06 17:00:00,MLO,6.9
2024-07-06 18:00:00,MLO,4.9
2024-07-06 19:00:00,MLO,4.9
2024-07-06 20:00:00,MLO,4.6
2024-07-06 21:00:00,MLO,5.4
2024-07-06 22:00:00,MLO,6.6
2024-07-06 23:00:00,MLO,8.3
2024-07-07 00:00:00,MLO,7.7
2024-07-07 01:00:00,MLO,7.0
2024-07-07 02:00:00,MLO,6.4
2024-07-07 03:00:00,MLO,5.6
2024-07-07 04:00:00,MLO,5.4
2024-07-07 05:00:00,MLO,4.8
2024-07-07 06:00:00,MLO,4.8
2024-07-07 07:00:00,MLO,5.3
2024-07-07 08:00:00,MLO,5.8
2024-07-07 09:00:00,MLO,5.7
2024-07-07 10:00:00,MLO,5.2
2024-07-07 11:00:00,MLO,5.6
2024-07-07 12:00:00,MLO,5.8
2024-07-07 13:00:00,MLO,5.7
2024-07-07 14:00:00,MLO,6.1
2024-07-07 15:00:00,MLO,6.1
2024-07-07 16:00:00,MLO,6.1
2024-07-07 17:00:00,MLO,6.0
2024-07-07 18:00:00,MLO,6.0
2024-07-07 19:00:00,MLO,6.3
2024-07-07 20:00:00,MLO,5.9
2024-07-07 21:00:00,MLO,6.6
2024-07-07 22:00:00,MLO,5.7
2024-07-07 23:00:00,MLO,6.7
2024-07-08 00:00:00,MLO,6.6
2024-07-08 01:00:00,MLO,5.8
2024-07-08 02:00:00,MLO,5.1
2024-07-08 03:00:00,MLO,4.6
2024-07-08 04:00:00,MLO,5.5
2024-07-08 05:00:00,MLO,6.2
2024-07-08 06:00:00,MLO,6.2
2024-07-08 07:00:00,MLO,6.4
2024-07-08 08:00:00,MLO,6.4
2024-07-08 09:00:00,MLO,6.7
2024-07-08 10:00:00,MLO,6.6
2024-07-08 11:00:00,MLO,6.5
2024-07-08 12:00:00,MLO,6.2
2024-07-08 13:00:00,MLO,6.0
2024-07-08 14:00:00,MLO,6.1
2024-07-08 15:00:00,MLO,6.3
2024-07-08 16:00:00,MLO,5.9
2024-07-08 17:00:00,MLO,5.7
2024-07-08 18:00:00,MLO,6.0
2024-07-08 19:00:00,MLO,5.4
2024-07-08 20:00:00,MLO,5.1
2024-07-08 21:00:00,MLO,5.6
2024-07-08 22:00:00,MLO,6.8
2024-07-08 23:00:00,MLO,6.6
2024-07-09 00:00:00,MLO,6.9
2024-07-09 01:00:00,MLO,7.1
2024-07-09 02:00:00,MLO,6.7
2024-07-09 03:00:00,MLO,7.5
2024-07-09 04:00:00,MLO,7.4
2024-07-09 05:00:00,MLO,7.6
2024-07-09 06:00:00,MLO,8.1
2024-07-09 07:00:00,MLO,8.1
2024-07-09 08:00:00,MLO,8.7
2024-07-09 09:00:00,MLO,9.0
2024-07-09 10:00:00,MLO,9.4
2024-07-09 11:00:00,MLO,9.4
2024-07-09 12:00:00,MLO,9.1
2024-07-09 13:00:00,MLO,9.1
2024-07-09 14:00:00,MLO,9.0
2024-07-09 15:00:00,MLO,8.9
2024-07-09 16:00:00,MLO,9.0
2024-07-09 17:00:00,MLO,8.6
2024-07-09 18:00:00,MLO,8.4
2024-07-09 19:00:00,MLO,8.5
2024-07-09 20:00:00,MLO,8.2
2024-07-09 21:00:00,MLO,7.7
2024-07-09 22:00:00,MLO,8.7
2024-07-09 23:00:00,MLO,8.5
2024-07-10 00:00:00,MLO,7.7
2024-07-10 01:00:00,MLO,6.4
2024-07-10 02:00:00,MLO,8.9
2024-07-10 03:00:00,MLO,10.4
2024-07-10 04:00:00,MLO,13.8
2024-07-10 05:00:00,MLO,15.5
2024-07-10 06:00:00,MLO,16.1
2024-07-10 07:00:00,MLO,16.4
2024-07-10 08:00:00,MLO,17.0
2024-07-10 09:00:00,MLO,17.1
2024-07-10 10:00:00,MLO,16.4
2024-07-10 11:00:00,MLO,16.0
2024-07-10 12:00:00,MLO,15.6
2024-07-10 13:00:00,MLO,15.1
2024-07-10 14:00:00,MLO,14.0
2024-07-10 15:00:00,MLO,13.3
2024-07-10 16:00:00,MLO,12.7
2024-07-10 17:00:00,MLO,14.5
2024-07-10 18:00:00,MLO,14.6
2024-07-10 19:00:00,MLO,13.0
2024-07-10 20:00:00,MLO,12.6
2024-07-10 21:00:00,MLO,12.8
2024-07-10 22:00:00,MLO,13.4
2024-07-10 23:00:00,MLO,13.7
2024-07-11 00:00:00,MLO,13.3
2024-07-11 01:00:00,MLO,13.4
2024-07-11 02:00:00,MLO,14.2
2024-07-11 03:00:00,MLO,13.8
2024-07-11 04:00:00,MLO,13.5
2024-07-11 05:00:00,MLO,12.1
2024-07-11 06:00:00,MLO,12.6
2024-07-11 07:00:00,MLO,12.3
2024-07-11 08:00:00,MLO,12.2
2024-07-11 09:00:00,MLO,13.4
2024-07-11 10:00:00,MLO,12.5
2024-07-11 11:00:00,MLO,12.5
2024-07-11 12:00:00,MLO,11.4
2024-07-11 13:00:00,MLO,10.3
2024-07-11 14:00:00,MLO,11.5
2024-07-11 15:00:00,MLO,12.2
2024-07-11 16:00:00,MLO,12.8
2024-07-11 17:00:00,MLO,13.6
2024-07-11 18:00:00,MLO,14.0
2024-07-11 19:00:00,MLO,12.7
2024-07-11 20:00:00,MLO,13.3
2024-07-11 21:00:00,MLO,12.4
2024-07-11 22:00:00,MLO,8.7
2024-07-11 23:00:00,MLO,7.5
2024-07-12 00:00:00,MLO,9.7
2024-07-12 01:00:00,MLO,10.1
2024-07-12 02:00:00,MLO,9.1
2024-07-12 03:00:00,MLO,9.1
2024-07-12 04:00:00,MLO,10.6
2024-07-12 05:00:00,MLO,11.2
2024-07-12 06:00:00,MLO,10.7
2024-07-12 07:00:00,MLO,10.2
2024-07-12 08:00:00,MLO,8.7
2024-07-12 09:00:00,MLO,9.1
2024-07-12 10:00:00,MLO,9.0
2024-07-12 11:00:00,MLO,8.1
2024-07-12 12:00:00,MLO,6.0
2024-07-12 13:00:00,MLO,6.0
2024-07-12 14:00:00,MLO,7.1
2024-07-12 15:00:00,MLO,5.7
2024-07-12 16:00:00,MLO,3.5
2024-07-12 17:00:00,MLO,5.6
2024-07-12 18:00:00,MLO,7.8
2024-07-12 19:00:00,MLO,8.8
2024-07-12 20:00:00,MLO,8.7
2024-07-12 21:00:00,MLO,8.3
2024-07-12 22:00:00,MLO,7.8
2024-07-12 23:00:00,MLO,8.0
2024-07-13 00:00:00,MLO,8.3
2024-07-13 01:00:00,MLO,9.0
2024-07-13 02:00:00,MLO,8.4
2024-07-13 03:00:00,MLO,7.6
2024-07-13 04:00:00,MLO,7.2
2024-07-13 05:00:00,MLO,7.3
2024-07-13 06:00:00,MLO,7.9
2024-07-13 07:00:00,MLO,8.5
2024-07-13 08:00:00,MLO,8.8
2024-07-13 09:00:00,MLO,9.3
2024-07-13 10:00:00,MLO,9.5
2024-07-13 11:00:00,MLO,9.6
2024-07-13 12:00:00,MLO,9.8
2024-07-13 13:00:00,MLO,9.3
2024-07-13 14:00:00,MLO,9.5
2024-07-13 15:00:00,MLO,10.3
2024-07-13 16:00:00,MLO,11.1
2024-07-13 17:00:00,MLO,10.5
2024-07-13 18:00:00,MLO,10.3
2024-07-13 19:00:00,MLO,9.4
2024-07-13 20:00:00,MLO,7.2
2024-07-13 21:00:00,MLO,7.5
2024-07-13 22:00:00,MLO,8.3
2024-07-13 23:00:00,MLO,8.1
2024-07-14 00:00:00,MLO,7.6
2024-07-14 01:00:00,MLO,7.1
2024-07-14 02:00:00,MLO,6.8
2024-07-14 03:00:00,MLO,7.0
2024-07-14 04:00:00,MLO,7.0
2024-07-14 05:00:00,MLO,7.2
2024-07-14 06:00:00,MLO,7.1
2024-07-14 07:00:00,MLO,6.4
2024-07-14 08:00:00,MLO,9.0
2024-07-14 09:00:00,MLO,10.7
2024-07-14 10:00:00,MLO,10.6
2024-07-14 11:00:00,MLO,10.2
2024-07-14 12:00:00,MLO,9.5
2024-07-14 13:00:00,MLO,9.4
2024-07-14 14:00:00,MLO,8.5
2024-07-14 15:00:00,MLO,8.6
2024-07-14 16:00:00,MLO,8.5
2024-07-14 17:00:00,MLO,7.8
2024-07-14 18:00:00,MLO,6.6
2024-07-14 19:00:00,MLO,6.7
2024-07-14 20:00:00,MLO,6.9
2024-07-14 21:00:00,MLO,6.1
2024-07-14 22:00:00,MLO,4.1
2024-07-14 23:00:00,MLO,4.8
2024-07-15 00:00:00,MLO,7.3
2024-07-15 01:00:00,MLO,7.4
2024-07-15 02:00:00,MLO,7.3
2024-07-15 03:00:00,MLO,6.8
2024-07-15 04:00:00,MLO,6.0
2024-07-15 05:00:00,MLO,6.4
2024-07-15 06:00:00,MLO,7.5
2024-07-15 07:00:00,MLO,8.8
2024-07-15 08:00:00,MLO,7.9
2024-07-15 09:00:00,MLO,5.1
2024-07-15 10:00:00,MLO,4.8
2024-07-15 11:00:00,MLO,5.7
2024-07-15 12:00:00,MLO,6.1
2024-07-15 13:00:00,MLO,7.2
2024-07-15 14:00:00,MLO,7.0
2024-07-15 15:00:00,MLO,6.7
2024-07-15 16:00:00,MLO,5.8
2024-07-15 17:00:00,MLO,5.5
2024-07-15 18:00:00,MLO,5.7
2024-07-15 19:00:00,MLO,5.0
2024-07-15 20:00:00,MLO,5.7
2024-07-15 21:00:00,MLO,5.9
2024-07-15 22:00:00,MLO,7.3
2024-07-15 23:00:00,MLO,7.8
2024-07-16 00:00:00,MLO,7.0
2024-07-16 01:00:00,MLO,6.3
2024-07-16 02:00:00,MLO,6.9
2024-07-16 03:00:00,MLO,7.6
2024-07-16 04:00:00,MLO,7.8
2024-07-16 05:00:00,MLO,6.8
2024-07-16 06:00:00,MLO,6.8
2024-07-16 07:00:00,MLO,6.5
2024-07-16 08:00:00,MLO,7.1
2024-07-16 09:00:00,MLO,6.8
2024-07-16 10:00:00,MLO,6.0
2024-07-16 11:00:00,MLO,5.6
2024-07-16 12:00:00,MLO,5.6
2024-07-16 13:00:00,MLO,6.1
2024-07-16 14:00:00,MLO,6.4
2024-07-16 15:00:00,MLO,6.5
2024-07-16 16:00:00,MLO,6.2
2024-07-16 17:00:00,MLO,7.0
2024-07-16 18:00:00,MLO,8.1
2024-07-16 19:00:00,MLO,7.9
2024-07-16 20:00:00,MLO,8.5
2024-07-16 21:00:00,MLO,7.8
2024-07-16 22:00:00,MLO,7.5
2024-07-16 23:00:00,MLO,7.3
2024-07-17 00:00:00,MLO,7.0
2024-07-17 01:00:00,MLO,7.0
2024-07-17 02:00:00,MLO,6.0
2024-07-17 03:00:00,MLO,5.5
2024-07-17 04:00:00,MLO,6.2
2024-07-17 05:00:00,MLO,6.9
2024-07-17 06:00:00,MLO,5.7
2024-07-17 07:00:00,MLO,7.1
2024-07-17 08:00:00,MLO,5.5
2024-07-17 09:00:00,MLO,4.9
2024-07-17 10:00:00,MLO,5.8
2024-07-17 11:00:00,MLO,7.0
2024-07-17 12:00:00,MLO,7.8
2024-07-17 13:00:00,MLO,2.1
2024-07-17 14:00:00,MLO,2.3
2024-07-17 15:00:00,MLO,2.9
2024-07-17 16:00:00,MLO,3.3
2024-07-17 17:00:00,MLO,1.1
2024-07-17 18:00:00,MLO,2.2
2024-07-17 19:00:00,MLO,4.6
2024-07-17 20:00:00,MLO,5.8
2024-07-17 21:00:00,MLO,5.8
2024-07-17 22:00:00,MLO,5.9
2024-07-17 23:00:00,MLO,6.3
2024-07-18 00:00:00,MLO,6.0
2024-07-18 01:00:00,MLO,5.2
2024-07-18 02:00:00,MLO,5.6
2024-07-18 03:00:00,MLO,4.3
2024-07-18 04:00:00,MLO,4.4
2024-07-18 05:00:00,MLO,3.5
2024-07-18 06:00:00,MLO,2.6
2024-07-18 07:00:00,MLO,3.5
2024-07-18 08:00:00,MLO,2.0
2024-07-18 09:00:00,MLO,2.9
2024-07-18 10:00:00,MLO,2.8
2024-07-18 11:00:00,MLO,3.3
2024-07-18 12:00:00,MLO,2.4
2024-07-18 13:00:00,MLO,3.0
2024-07-18 14:00:00,MLO,3.5
2024-07-18 15:00:00,MLO,2.2
2024-07-18 16:00:00,MLO,2.0
2024-07-18 17:00:00,MLO,1.6
2024-07-18 18:00:00,MLO,3.6
2024-07-18 19:00:00,MLO,4.5
2024-07-18 20:00:00,MLO,5.0
2024-07-18 21:00:00,MLO,5.1
2024-07-18 22:00:00,MLO,4.8
2024-07-18 23:00:00,MLO,4.7
2024-07-19 00:00:00,MLO,4.2
2024-07-19 01:00:00,MLO,3.5
2024-07-19 02:00:00,MLO,3.3
2024-07-19 03:00:00,MLO,2.2
2024-07-19 04:00:00,MLO,1.9
2024-07-19 05:00:00,MLO,1.3
2024-07-19 06:00:00,MLO,0.8
2024-07-19 07:00:00,MLO,0.8
2024-07-19 08:00:00,MLO,1.7
2024-07-19 09:00:00,MLO,2.1
2024-07-19 10:00:00,MLO,2.5
2024-07-19 11:00:00,MLO,3.1
2024-07-19 12:00:00,MLO,3.3
2024-07-19 13:00:00,MLO,3.8
2024-07-19 14:00:00,MLO,3.4
2024-07-19 15:00:00,MLO,3.7
2024-07-19 16:00:00,MLO,3.2
2024-07-19 17:00:00,MLO,1.2
2024-07-19 18:00:00,MLO,2.6
2024-07-19 19:00:00,MLO,3.1
2024-07-19 20:00:00,MLO,3.6
2024-07-19 21:00:00,MLO,4.0
2024-07-19 22:00:00,MLO,4.2
2024-07-19 23:00:00,MLO,4.1
2024-07-20 00:00:00,MLO,4.6
2024-07-20 01:00:00,MLO,4.3
2024-07-20 02:00:00,MLO,3.5
2024-07-20 03:00:00,MLO,3.3
2024-07-20 04:00:00,MLO,2.7
2024-07-20 05:00:00,MLO,2.4
2024-07-20 06:00:00,MLO,0.6
2024-07-20 07:00:00,MLO,4.6
2024-07-20 08:00:00,MLO,3.6
2024-07-20 09:00:00,MLO,3.9
2024-07-20 10:00:00,MLO,4.3
2024-07-20 11:00:00,MLO,3.8
2024-07-20 12:00:00,MLO,1.5
2024-07-20 13:00:00,MLO,0.3
2024-07-20 14:00:00,MLO,1.0
2024-07-20 15:00:00,MLO,2.9
2024-07-20 16:00:00,MLO,1.6
2024-07-20 17:00:00,MLO,0.7
2024-07-20 18:00:00,MLO,1.9
2024-07-20 19:00:00,MLO,2.5
2024-07-20 20:00:00,MLO,2.9
2024-07-20 21:00:00,MLO,3.8
2024-07-20 22:00:00,MLO,4.1
2024-07-20 23:00:00,MLO,4.5
2024-07-21 00:00:00,MLO,5.3
2024-07-21 01:00:00,MLO,5.0
2024-07-21 02:00:00,MLO,4.9
2024-07-21 03:00:00,MLO,4.7
2024-07-21 04:00:00,MLO,3.5
2024-07-21 05:00:00,MLO,2.6
2024-07-21 06:00:00,MLO,2.3
2024-07-21 07:00:00,MLO,2.7
2024-07-21 08:00:00,MLO,2.9
2024-07-21 09:00:00,MLO,3.5
2024-07-21 10:00:00,MLO,3.7
2024-07-21 11:00:00,MLO,3.0
2024-07-21 12:00:00,MLO,3.4
2024-07-21 13:00:00,MLO,4.3
2024-07-21 14:00:00,MLO,4.4
2024-07-21 15:00:00,MLO,3.9
2024-07-21 16:00:00,MLO,3.6
2024-07-21 17:00:00,MLO,1.2
2024-07-21 18:00:00,MLO,1.7
2024-07-21 19:00:00,MLO,2.6
2024-07-21 20:00:00,MLO,3.5
2024-07-21 21:00:00,MLO,5.1
2024-07-21 22:00:00,MLO,3.8
2024-07-21 23:00:00,MLO,3.8
2024-07-22 00:00:00,MLO,3.6
2024-07-22 01:00:00,MLO,5.0
2024-07-22 02:00:00,MLO,3.6
2024-07-22 03:00:00,MLO,2.4
2024-07-22 04:00:00,MLO,1.7
2024-07-22 05:00:00,MLO,2.6
2024-07-22 06:00:00,MLO,3.5
2024-07-22 07:00:00,MLO,4.4
2024-07-22 08:00:00,MLO,5.7
2024-07-22 09:00:00,MLO,7.1
2024-07-22 10:00:00,MLO,7.8
2024-07-22 11:00:00,MLO,7.5
2024-07-22 12:00:00,MLO,6.4
2024-07-22 13:00:00,MLO,9.4
2024-07-22 14:00:00,MLO,6.3
2024-07-22 15:00:00,MLO,5.7
2024-07-22 16:00:00,MLO,4.5
2024-07-22 17:00:00,MLO,7.0
2024-07-22 18:00:00,MLO,7.0
2024-07-22 19:00:00,MLO,5.6
2024-07-22 20:00:00,MLO,6.1
2024-07-22 21:00:00,MLO,5.2
2024-07-22 22:00:00,MLO,6.1
2024-07-22 23:00:00,MLO,6.4
2024-07-23 00:00:00,MLO,7.1
2024-07-23 01:00:00,MLO,8.4
2024-07-23 02:00:00,MLO,9.2
2024-07-23 03:00:00,MLO,8.9
2024-07-23 04:00:00,MLO,9.2
2024-07-23 05:00:00,MLO,9.9
2024-07-23 06:00:00,MLO,9.9
2024-07-23 07:00:00,MLO,11.4
2024-07-23 08:00:00,MLO,11.4
2024-07-23 09:00:00,MLO,12.2
2024-07-23 10:00:00,MLO,10.0
2024-07-23 11:00:00,MLO,11.1
2024-07-23 12:00:00,MLO,10.5
2024-07-23 13:00:00,MLO,9.8
2024-07-23 14:00:00,MLO,10.2
2024-07-23 15:00:00,MLO,11.3
2024-07-23 16:00:00,MLO,10.7
2024-07-23 17:00:00,MLO,9.7
2024-07-23 18:00:00,MLO,10.0
2024-07-23 19:00:00,MLO,7.3
2024-07-23 20:00:00,MLO,7.6
2024-07-23 21:00:00,MLO,2.6
2024-07-23 22:00:00,MLO,3.3
2024-07-23 23:00:00,MLO,4.9
2024-07-24 00:00:00,MLO,5.1
2024-07-24 01:00:00,MLO,4.2
2024-07-24 02:00:00,MLO,3.7
2024-07-24 03:00:00,MLO,2.5
2024-07-24 04:00:00,MLO,1.7
2024-07-24 05:00:00,MLO,5.2
2024-07-24 06:00:00,MLO,6.8
2024-07-24 07:00:00,MLO,8.9
2024-07-24 08:00:00,MLO,9.3
2024-07-24 09:00:00,MLO,9.1
2024-07-24 10:00:00,MLO,8.9
2024-07-24 11:00:00,MLO,8.1
2024-07-24 12:00:00,MLO,7.9
2024-07-24 13:00:00,MLO,8.4
2024-07-24 14:00:00,MLO,9.0
2024-07-24 15:00:00,MLO,8.4
2024-07-24 16:00:00,MLO,7.8
2024-07-24 17:00:00,MLO,7.0
2024-07-24 18:00:00,MLO,5.7
2024-07-24 19:00:00,MLO,5.4
2024-07-24 20:00:00,MLO,1.6
2024-07-24 21:00:00,MLO,3.3
2024-07-24 22:00:00,MLO,3.5
2024-07-24 23:00:00,MLO,1.6
2024-07-25 00:00:00,MLO,2.2
2024-07-25 01:00:00,MLO,3.4
2024-07-25 02:00:00,MLO,2.3
2024-07-25 03:00:00,MLO,1.7
2024-07-25 04:00:00,MLO,2.8
2024-07-25 05:00:00,MLO,3.8
2024-07-25 06:00:00,MLO,4.0
2024-07-25 07:00:00,MLO,4.0
2024-07-25 08:00:00,MLO,4.2
2024-07-25 09:00:00,MLO,6.0
2024-07-25 10:00:00,MLO,6.1
2024-07-25 11:00:00,MLO,6.1
2024-07-25 12:00:00,MLO,5.7
2024-07-25 13:00:00,MLO,5.7
2024-07-25 14:00:00,MLO,5.7
2024-07-25 15:00:00,MLO,4.7
2024-07-25 16:00:00,MLO,3.9
2024-07-25 17:00:00,MLO,2.6
2024-07-25 18:00:00,MLO,3.6
2024-07-25 19:00:00,MLO,3.3
2024-07-25 20:00:00,MLO,4.0
2024-07-25 21:00:00,MLO,4.2
2024-07-25 22:00:00,MLO,5.0
2024-07-25 23:00:00,MLO,5.0
2024-07-26 00:00:00,MLO,4.8
2024-07-26 01:00:00,MLO,4.1
2024-07-26 02:00:00,MLO,4.0
2024-07-26 03:00:00,MLO,3.7
2024-07-26 04:00:00,MLO,4.2
2024-07-26 05:00:00,MLO,3.6
2024-07-26 06:00:00,MLO,2.1
2024-07-26 07:00:00,MLO,2.0
2024-07-26 08:00:00,MLO,2.7
2024-07-26 09:00:00,MLO,3.1
2024-07-26 10:00:00,MLO,3.9
2024-07-26 11:00:00,MLO,6.5
2024-07-26 12:00:00,MLO,5.3
2024-07-26 13:00:00,MLO,5.2
2024-07-26 14:00:00,MLO,5.9
2024-07-26 15:00:00,MLO,5.1
2024-07-26 16:00:00,MLO,4.7
2024-07-26 17:00:00,MLO,3.0
2024-07-26 18:00:00,MLO,2.8
2024-07-26 19:00:00,MLO,3.7
2024-07-26 20:00:00,MLO,4.0
2024-07-26 21:00:00,MLO,4.1
2024-07-26 22:00:00,MLO,4.4
2024-07-26 23:00:00,MLO,4.9
2024-07-27 00:00:00,MLO,5.0
2024-07-27 01:00:00,MLO,5.3
2024-07-27 02:00:00,MLO,5.1
2024-07-27 03:00:00,MLO,3.8
2024-07-27 04:00:00,MLO,3.0
2024-07-27 05:00:00,MLO,1.0
2024-07-27 06:00:00,MLO,1.2
2024-07-27 07:00:00,MLO,3.2
2024-07-27 08:00:00,MLO,4.1
2024-07-27 09:00:00,MLO,5.6
2024-07-27 10:00:00,MLO,6.3
2024-07-27 11:00:00,MLO,3.3
2024-07-27 12:00:00,MLO,4.1
2024-07-27 13:00:00,MLO,2.8
2024-07-27 14:00:00,MLO,2.6
2024-07-27 15:00:00,MLO,2.8
2024-07-27 16:00:00,MLO,1.1
2024-07-27 17:00:00,MLO,0.7
2024-07-27 18:00:00,MLO,1.6
2024-07-27 19:00:00,MLO,1.9
2024-07-27 20:00:00,MLO,3.0
2024-07-27 21:00:00,MLO,3.6
2024-07-27 22:00:00,MLO,4.0
2024-07-27 23:00:00,MLO,4.1
2024-07-28 00:00:00,MLO,4.7
2024-07-28 01:00:00,MLO,5.0
2024-07-28 02:00:00,MLO,4.2
2024-07-28 03:00:00,MLO,3.4
2024-07-28 04:00:00,MLO,2.5
2024-07-28 05:00:00,MLO,1.0
2024-07-28 06:00:00,MLO,0.9
2024-07-28 07:00:00,MLO,1.1
2024-07-28 08:00:00,MLO,0.9
2024-07-28 09:00:00,MLO,2.3
2024-07-28 10:00:00,MLO,2.2
2024-07-28 11:00:00,MLO,3.4
2024-07-28 12:00:00,MLO,3.9
2024-07-28 13:00:00,MLO,3.2
2024-07-28 14:00:00,MLO,2.9
2024-07-28 15:00:00,MLO,2.7
2024-07-28 16:00:00,MLO,1.5
2024-07-28 17:00:00,MLO,0.8
2024-07-28 18:00:00,MLO,1.8
2024-07-28 19:00:00,MLO,2.7
2024-07-28 20:00:00,MLO,3.3
2024-07-28 21:00:00,MLO,3.3
2024-07-28 22:00:00,MLO,4.0
2024-07-28 23:00:00,MLO,4.1
2024-07-29 00:00:00,MLO,4.4
2024-07-29 01:00:00,MLO,3.8
2024-07-29 02:00:00,MLO,3.6
2024-07-29 03:00:00,MLO,3.2
2024-07-29 04:00:00,MLO,3.1
2024-07-29 05:00:00,MLO,1.7
2024-07-29 06:00:00,MLO,1.9
2024-07-29 07:00:00,MLO,3.4
2024-07-29 08:00:00,MLO,3.8
2024-07-29 09:00:00,MLO,4.5
2024-07-29 10:00:00,MLO,4.6
2024-07-29 11:00:00,MLO,4.3
2024-07-29 12:00:00,MLO,5.2
2024-07-29 13:00:00,MLO,3.4
2024-07-29 14:00:00,MLO,3.5
2024-07-29 15:00:00,MLO,2.5
2024-07-29 16:00:00,MLO,2.1
2024-07-29 17:00:00,MLO,2.5
2024-07-29 18:00:00,MLO,3.6
2024-07-29 19:00:00,MLO,5.1
2024-07-29 20:00:00,MLO,5.1
2024-07-29 21:00:00,MLO,4.5
2024-07-29 22:00:00,MLO,3.9
2024-07-29 23:00:00,MLO,4.0
2024-07-30 00:00:00,MLO,4.0
2024-07-30 01:00:00,MLO,3.6
2024-07-30 02:00:00,MLO,2.9
2024-07-30 03:00:00,MLO,2.7
2024-07-30 04:00:00,MLO,3.0
2024-07-30 05:00:00,MLO,1.8
2024-07-30 06:00:00,MLO,1.3
2024-07-30 07:00:00,MLO,1.3
2024-07-30 08:00:00,MLO,1.4
2024-07-30 09:00:00,MLO,1.0
2024-07-30 10:00:00,MLO,1.7
2024-07-30 11:00:00,MLO,2.4
2024-07-30 12:00:00,MLO,2.2
2024-07-30 13:00:00,MLO,2.9
2024-07-30 14:00:00,MLO,2.6
2024-07-30 15:00:00,MLO,2.4
2024-07-30 16:00:00,MLO,1.4
2024-07-30 17:00:00,MLO,0.9
2024-07-30 18:00:00,MLO,1.6
2024-07-30 19:00:00,MLO,2.5
2024-07-30 20:00:00,MLO,3.2
2024-07-30 21:00:00,MLO,3.2
2024-07-30 22:00:00,MLO,3.2
2024-07-30 23:00:00,MLO,4.0
2024-07-31 00:00:00,MLO,3.3
2024-07-31 01:00:00,MLO,3.6
2024-07-31 02:00:00,MLO,2.8
2024-07-31 03:00:00,MLO,2.2
2024-07-31 04:00:00,MLO,1.3
2024-07-31 05:00:00,MLO,0.7
2024-07-31 06:00:00,MLO,0.7
2024-07-31 07:00:00,MLO,2.2
2024-07-31 08:00:00,MLO,2.4
2024-07-31 09:00:00,MLO,3.1
2024-07-31 10:00:00,MLO,3.6
2024-07-31 11:00:00,MLO,3.9
2024-07-31 12:00:00,MLO,4.2
2024-07-31 13:00:00,MLO,5.0
2024-07-31 14:00:00,MLO,5.6
2024-07-31 15:00:00,MLO,5.1
2024-07-31 16:00:00,MLO,4.8
2024-07-31 17:00:00,MLO,2.8
2024-07-31 18:00:00,MLO,3.4
2024-07-31 19:00:00,MLO,4.0
2024-07-31 20:00:00,MLO,4.0
2024-07-31 21:00:00,MLO,4.4
2024-07-31 22:00:00,MLO,4.4
2024-07-31 23:00:00,MLO,5.1
2024-08-01 00:00:00,MLO,5.5
2024-08-01 01:00:00,MLO,4.6
2024-08-01 02:00:00,MLO,3.6
2024-08-01 03:00:00,MLO,4.3
2024-08-01 04:00:00,MLO,3.7
2024-08-01 05:00:00,MLO,2.1
2024-08-01 06:00:00,MLO,1.2
2024-08-01 07:00:00,MLO,2.8
2024-08-01 08:00:00,MLO,4.5
2024-08-01 09:00:00,MLO,4.4
2024-08-01 10:00:00,MLO,4.4
2024-08-01 11:00:00,MLO,5.9
2024-08-01 12:00:00,MLO,6.6
2024-08-01 13:00:00,MLO,4.1
2024-08-01 14:00:00,MLO,1.7
2024-08-01 15:00:00,MLO,5.1
2024-08-01 16:00:00,MLO,5.9
2024-08-01 17:00:00,MLO,0.1
2024-08-01 18:00:00,MLO,2.8
2024-08-01 19:00:00,MLO,4.5
2024-08-01 20:00:00,MLO,6.0
2024-08-01 21:00:00,MLO,6.7
2024-08-01 22:00:00,MLO,6.7
2024-08-01 23:00:00,MLO,6.7
2024-08-02 00:00:00,MLO,5.5
2024-08-02 01:00:00,MLO,4.1
2024-08-02 02:00:00,MLO,3.5
2024-08-02 03:00:00,MLO,2.7
2024-08-02 04:00:00,MLO,6.2
2024-08-02 05:00:00,MLO,6.1
2024-08-02 06:00:00,MLO,6.3
2024-08-02 07:00:00,MLO,6.7
2024-08-02 08:00:00,MLO,6.9
2024-08-02 09:00:00,MLO,7.0
2024-08-02 10:00:00,MLO,6.6
2024-08-02 11:00:00,MLO,7.0
2024-08-02 12:00:00,MLO,7.0
2024-08-02 13:00:00,MLO,7.0
2024-08-02 14:00:00,MLO,6.8
2024-08-02 15:00:00,MLO,7.5
2024-08-02 16:00:00,MLO,8.3
2024-08-02 17:00:00,MLO,7.9
2024-08-02 18:00:00,MLO,7.7
2024-08-02 19:00:00,MLO,7.7
2024-08-02 20:00:00,MLO,6.8
2024-08-02 21:00:00,MLO,6.6
2024-08-02 22:00:00,MLO,6.9
2024-08-02 23:00:00,MLO,6.4
2024-08-03 00:00:00,MLO,6.4
2024-08-03 01:00:00,MLO,7.1
2024-08-03 02:00:00,MLO,8.6
2024-08-03 03:00:00,MLO,9.5
2024-08-03 04:00:00,MLO,10.0
2024-08-03 05:00:00,MLO,7.7
2024-08-03 06:00:00,MLO,5.5
2024-08-03 07:00:00,MLO,6.8
2024-08-03 08:00:00,MLO,7.2
2024-08-03 09:00:00,MLO,8.1
2024-08-03 10:00:00,MLO,9.3
2024-08-03 11:00:00,MLO,11.7
2024-08-03 12:00:00,MLO,11.0
2024-08-03 13:00:00,MLO,10.3
2024-08-03 14:00:00,MLO,12.6
2024-08-03 15:00:00,MLO,9.0
2024-08-03 16:00:00,MLO,8.0
2024-08-03 17:00:00,MLO,9.5
2024-08-03 18:00:00,MLO,9.4
2024-08-03 19:00:00,MLO,8.0
2024-08-03 20:00:00,MLO,7.3
2024-08-03 21:00:00,MLO,7.5
2024-08-03 22:00:00,MLO,7.2
2024-08-03 23:00:00,MLO,7.7
2024-08-04 00:00:00,MLO,8.5
2024-08-04 01:00:00,MLO,8.9
2024-08-04 02:00:00,MLO,8.8
2024-08-04 03:00:00,MLO,9.0
2024-08-04 04:00:00,MLO,9.2
2024-08-04 05:00:00,MLO,10.3
2024-08-04 06:00:00,MLO,10.9
2024-08-04 07:00:00,MLO,10.5
2024-08-04 08:00:00,MLO,10.6
2024-08-04 09:00:00,MLO,10.6
2024-08-04 10:00:00,MLO,10.5
2024-08-04 11:00:00,MLO,10.8
2024-08-04 12:00:00,MLO,10.5
2024-08-04 13:00:00,MLO,10.5
2024-08-04 14:00:00,MLO,9.5
2024-08-04 15:00:00,MLO,11.0
2024-08-04 16:00:00,MLO,10.8
2024-08-04 17:00:00,MLO,11.5
2024-08-04 18:00:00,MLO,12.3
2024-08-04 19:00:00,MLO,12.5
2024-08-04 20:00:00,MLO,11.6
2024-08-04 21:00:00,MLO,10.4
2024-08-04 22:00:00,MLO,9.7
2024-08-04 23:00:00,MLO,9.5
2024-08-05 00:00:00,MLO,9.1
2024-08-05 01:00:00,MLO,9.3
2024-08-05 02:00:00,MLO,10.0
2024-08-05 03:00:00,MLO,9.6
2024-08-05 04:00:00,MLO,10.5
2024-08-05 05:00:00,MLO,11.4
2024-08-05 06:00:00,MLO,11.2
2024-08-05 07:00:00,MLO,11.4
2024-08-05 08:00:00,MLO,11.6
2024-08-05 09:00:00,MLO,11.4
2024-08-05 10:00:00,MLO,11.1
2024-08-05 11:00:00,MLO,10.3
2024-08-05 12:00:00,MLO,9.6
2024-08-05 13:00:00,MLO,8.4
2024-08-05 14:00:00,MLO,7.9
2024-08-05 15:00:00,MLO,8.3
2024-08-05 16:00:00,MLO,7.9
2024-08-05 17:00:00,MLO,8.3
2024-08-05 18:00:00,MLO,9.3
2024-08-05 19:00:00,MLO,9.6
2024-08-05 20:00:00,MLO,9.7
2024-08-05 21:00:00,MLO,9.7
2024-08-05 22:00:00,MLO,9.4
2024-08-05 23:00:00,MLO,10.1
2024-08-06 00:00:00,MLO,9.1
2024-08-06 01:00:00,MLO,8.4
2024-08-06 02:00:00,MLO,8.1
2024-08-06 03:00:00,MLO,8.1
2024-08-06 04:00:00,MLO,8.8
2024-08-06 05:00:00,MLO,8.4
2024-08-06 06:00:00,MLO,7.8
2024-08-06 07:00:00,MLO,7.7
2024-08-06 08:00:00,MLO,7.4
2024-08-06 09:00:00,MLO,8.0
2024-08-06 10:00:00,MLO,8.1
2024-08-06 11:00:00,MLO,8.3
2024-08-06 12:00:00,MLO,9.5
2024-08-06 13:00:00,MLO,10.1
2024-08-06 14:00:00,MLO,9.9
2024-08-06 15:00:00,MLO,10.1
2024-08-06 16:00:00,MLO,10.4
2024-08-06 17:00:00,MLO,9.1
2024-08-06 18:00:00,MLO,9.7
2024-08-06 19:00:00,MLO,9.3
2024-08-06 20:00:00,MLO,9.4
2024-08-06 21:00:00,MLO,8.7
2024-08-06 22:00:00,MLO,8.9
2024-08-06 23:00:00,MLO,8.6
2024-08-07 00:00:00,MLO,8.0
2024-08-07 01:00:00,MLO,7.7
2024-08-07 02:00:00,MLO,7.9
2024-08-07 03:00:00,MLO,8.4
2024-08-07 04:00:00,MLO,8.5
2024-08-07 05:00:00,MLO,8.8
2024-08-07 06:00:00,MLO,9.4
2024-08-07 07:00:00,MLO,9.8
2024-08-07 08:00:00,MLO,10.5
2024-08-07 09:00:00,MLO,11.2
2024-08-07 10:00:00,MLO,10.8
2024-08-07 11:00:00,MLO,10.4
2024-08-07 12:00:00,MLO,11.4
2024-08-07 13:00:00,MLO,11.8
2024-08-07 14:00:00,MLO,12.0
2024-08-07 15:00:00,MLO,11.0
2024-08-07 16:00:00,MLO,9.0
2024-08-07 17:00:00,MLO,7.5
2024-08-07 18:00:00,MLO,7.3
2024-08-07 19:00:00,MLO,7.8
2024-08-07 20:00:00,MLO,7.5
2024-08-07 21:00:00,MLO,7.0
2024-08-07 22:00:00,MLO,7.2
2024-08-07 23:00:00,MLO,6.8
2024-08-08 00:00:00,MLO,7.2
2024-08-08 01:00:00,MLO,6.9
2024-08-08 02:00:00,MLO,6.4
2024-08-08 03:00:00,MLO,6.1
2024-08-08 04:00:00,MLO,5.6
2024-08-08 05:00:00,MLO,5.1
2024-08-08 06:00:00,MLO,5.4
2024-08-08 07:00:00,MLO,4.6
2024-08-08 08:00:00,MLO,5.0
2024-08-08 09:00:00,MLO,4.3
2024-08-08 10:00:00,MLO,4.1
2024-08-08 11:00:00,MLO,2.0
2024-08-08 12:00:00,MLO,2.5
2024-08-08 13:00:00,MLO,2.4
2024-08-08 14:00:00,MLO,2.4
2024-08-08 15:00:00,MLO,2.6
2024-08-08 16:00:00,MLO,1.3
2024-08-08 17:00:00,MLO,0.7
2024-08-08 18:00:00,MLO,1.8
2024-08-08 19:00:00,MLO,2.4
2024-08-08 20:00:00,MLO,4.0
2024-08-08 21:00:00,MLO,4.6
2024-08-08 22:00:00,MLO,4.9
2024-08-08 23:00:00,MLO,5.2
2024-08-09 00:00:00,MLO,5.6
2024-08-09 01:00:00,MLO,4.9
2024-08-09 02:00:00,MLO,4.2
2024-08-09 03:00:00,MLO,3.3
2024-08-09 04:00:00,MLO,3.6
2024-08-09 05:00:00,MLO,3.1
2024-08-09 06:00:00,MLO,3.5
2024-08-09 07:00:00,MLO,1.9
2024-08-09 08:00:00,MLO,1.4
2024-08-09 09:00:00,MLO,4.1
2024-08-09 10:00:00,MLO,1.2
2024-08-09 11:00:00,MLO,1.3
2024-08-09 12:00:00,MLO,1.3
2024-08-09 13:00:00,MLO,1.9
2024-08-09 14:00:00,MLO,2.5
2024-08-09 15:00:00,MLO,3.2
2024-08-09 16:00:00,MLO,3.1
2024-08-09 17:00:00,MLO,1.6
2024-08-09 18:00:00,MLO,2.9
2024-08-09 19:00:00,MLO,3.7
2024-08-09 20:00:00,MLO,4.2
2024-08-09 21:00:00,MLO,3.9
2024-08-09 22:00:00,MLO,4.9
2024-08-09 23:00:00,MLO,4.6
2024-08-10 00:00:00,MLO,5.0
2024-08-10 01:00:00,MLO,5.3
2024-08-10 02:00:00,MLO,4.0
2024-08-10 03:00:00,MLO,3.8
2024-08-10 04:00:00,MLO,3.2
2024-08-10 05:00:00,MLO,3.1
2024-08-10 06:00:00,MLO,2.7
2024-08-10 07:00:00,MLO,3.3
2024-08-10 08:00:00,MLO,3.7
2024-08-10 09:00:00,MLO,4.4
2024-08-10 10:00:00,MLO,3.3
2024-08-10 11:00:00,MLO,2.9
2024-08-10 12:00:00,MLO,2.5
2024-08-10 13:00:00,MLO,2.3
2024-08-10 14:00:00,MLO,2.0
2024-08-10 15:00:00,MLO,2.0
2024-08-10 16:00:00,MLO,2.3
2024-08-10 17:00:00,MLO,2.1
2024-08-10 18:00:00,MLO,2.9
2024-08-10 19:00:00,MLO,3.9
2024-08-10 20:00:00,MLO,4.5
2024-08-10 21:00:00,MLO,5.4
2024-08-10 22:00:00,MLO,7.3
2024-08-10 23:00:00,MLO,6.4
2024-08-11 00:00:00,MLO,5.9
2024-08-11 01:00:00,MLO,6.9
2024-08-11 02:00:00,MLO,5.6
2024-08-11 03:00:00,MLO,3.4
2024-08-11 04:00:00,MLO,4.3
2024-08-11 05:00:00,MLO,4.8
2024-08-11 06:00:00,MLO,4.4
2024-08-11 07:00:00,MLO,4.6
2024-08-11 08:00:00,MLO,6.6
2024-08-11 09:00:00,MLO,3.8
2024-08-11 10:00:00,MLO,0.5
2024-08-11 11:00:00,MLO,3.5
2024-08-11 12:00:00,MLO,6.5
2024-08-11 13:00:00,MLO,2.9
2024-08-11 14:00:00,MLO,2.4
2024-08-11 15:00:00,MLO,1.3
2024-08-11 16:00:00,MLO,1.3
2024-08-11 17:00:00,MLO,0.6
2024-08-11 18:00:00,MLO,2.1
2024-08-11 19:00:00,MLO,2.5
2024-08-11 20:00:00,MLO,4.2
2024-08-11 21:00:00,MLO,5.1
2024-08-11 22:00:00,MLO,4.9
2024-08-11 23:00:00,MLO,4.9
2024-08-12 00:00:00,MLO,4.7
2024-08-12 01:00:00,MLO,4.5
2024-08-12 02:00:00,MLO,4.3
2024-08-12 03:00:00,MLO,4.0
2024-08-12 04:00:00,MLO,4.6
2024-08-12 05:00:00,MLO,4.8
2024-08-12 06:00:00,MLO,3.9
2024-08-12 07:00:00,MLO,4.5
2024-08-12 08:00:00,MLO,4.9
2024-08-12 09:00:00,MLO,5.6
2024-08-12 10:00:00,MLO,6.4
2024-08-12 11:00:00,MLO,6.2
2024-08-12 12:00:00,MLO,7.3
2024-08-12 13:00:00,MLO,6.1
2024-08-12 14:00:00,MLO,4.8
2024-08-12 15:00:00,MLO,4.4
2024-08-12 16:00:00,MLO,1.1
2024-08-12 17:00:00,MLO,0.8
2024-08-12 18:00:00,MLO,2.5
2024-08-12 19:00:00,MLO,4.5
2024-08-12 20:00:00,MLO,4.8
2024-08-12 21:00:00,MLO,4.7
2024-08-12 22:00:00,MLO,4.9
2024-08-12 23:00:00,MLO,4.7
2024-08-13 00:00:00,MLO,4.7
2024-08-13 01:00:00,MLO,4.1
2024-08-13 02:00:00,MLO,2.8
2024-08-13 03:00:00,MLO,5.1
2024-08-13 04:00:00,MLO,4.7
2024-08-13 05:00:00,MLO,3.1
2024-08-13 06:00:00,MLO,0.1
2024-08-13 07:00:00,MLO,1.2
2024-08-13 08:00:00,MLO,2.0
2024-08-13 09:00:00,MLO,2.4
2024-08-13 10:00:00,MLO,3.6
2024-08-13 11:00:00,MLO,3.1
2024-08-13 12:00:00,MLO,3.5
2024-08-13 13:00:00,MLO,4.0
2024-08-13 14:00:00,MLO,2.9
2024-08-13 15:00:00,MLO,3.6
2024-08-13 16:00:00,MLO,3.8
2024-08-13 17:00:00,MLO,1.4
2024-08-13 18:00:00,MLO,1.9
2024-08-13 19:00:00,MLO,2.9
2024-08-13 20:00:00,MLO,2.9
2024-08-13 21:00:00,MLO,6.8
2024-08-13 22:00:00,MLO,7.8
2024-08-13 23:00:00,MLO,8.2
2024-08-14 00:00:00,MLO,7.0
2024-08-14 01:00:00,MLO,7.1
2024-08-14 02:00:00,MLO,6.5
2024-08-14 03:00:00,MLO,4.7
2024-08-14 04:00:00,MLO,3.9
2024-08-14 05:00:00,MLO,2.6
2024-08-14 06:00:00,MLO,2.6
2024-08-14 07:00:00,MLO,2.9
2024-08-14 08:00:00,MLO,3.4
2024-08-14 09:00:00,MLO,2.8
2024-08-14 10:00:00,MLO,3.8
2024-08-14 11:00:00,MLO,4.2
2024-08-14 12:00:00,MLO,4.1
2024-08-14 13:00:00,MLO,4.5
2024-08-14 14:00:00,MLO,5.3
2024-08-14 15:00:00,MLO,4.9
2024-08-14 16:00:00,MLO,4.7
2024-08-14 17:00:00,MLO,3.5
2024-08-14 18:00:00,MLO,5.1
2024-08-14 19:00:00,MLO,6.2
2024-08-14 20:00:00,MLO,5.7
2024-08-14 21:00:00,MLO,5.3
2024-08-14 22:00:00,MLO,5.4
2024-08-14 23:00:00,MLO,5.2
2024-08-15 00:00:00,MLO,4.3
2024-08-15 01:00:00,MLO,4.1
2024-08-15 02:00:00,MLO,3.2
2024-08-15 03:00:00,MLO,2.4
2024-08-15 04:00:00,MLO,1.5
2024-08-15 05:00:00,MLO,0.8
2024-08-15 06:00:00,MLO,2.6
2024-08-15 07:00:00,MLO,2.6
2024-08-15 08:00:00,MLO,2.2
2024-08-15 09:00:00,MLO,3.1
2024-08-15 10:00:00,MLO,2.9
2024-08-15 11:00:00,MLO,2.2
2024-08-15 12:00:00,MLO,2.2
2024-08-15 13:00:00,MLO,5.3
2024-08-15 14:00:00,MLO,2.8
2024-08-15 15:00:00,MLO,4.9
2024-08-15 16:00:00,MLO,4.2
2024-08-15 17:00:00,MLO,1.8
2024-08-15 18:00:00,MLO,1.8
2024-08-15 19:00:00,MLO,2.2
2024-08-15 20:00:00,MLO,3.5
2024-08-15 21:00:00,MLO,3.9
2024-08-15 22:00:00,MLO,4.9
2024-08-15 23:00:00,MLO,5.1
2024-08-16 00:00:00,MLO,4.3
2024-08-16 01:00:00,MLO,4.0
2024-08-16 02:00:00,MLO,3.2
2024-08-16 03:00:00,MLO,1.7
2024-08-16 04:00:00,MLO,2.4
2024-08-16 05:00:00,MLO,0.9
2024-08-16 06:00:00,MLO,0.3
2024-08-16 07:00:00,MLO,1.2
2024-08-16 08:00:00,MLO,3.3
2024-08-16 09:00:00,MLO,2.0
2024-08-16 10:00:00,MLO,1.4
2024-08-16 11:00:00,MLO,1.4
2024-08-16 12:00:00,MLO,2.9
2024-08-16 13:00:00,MLO,4.7
2024-08-16 14:00:00,MLO,4.2
2024-08-16 15:00:00,MLO,2.9
2024-08-16 16:00:00,MLO,4.9
2024-08-16 17:00:00,MLO,7.3
2024-08-16 18:00:00,MLO,7.9
2024-08-16 19:00:00,MLO,6.3
2024-08-16 20:00:00,MLO,5.4
2024-08-16 21:00:00,MLO,6.1
2024-08-16 22:00:00,MLO,5.2
2024-08-16 23:00:00,MLO,5.9
2024-08-17 00:00:00,MLO,7.5
2024-08-17 01:00:00,MLO,8.2
2024-08-17 02:00:00,MLO,6.8
2024-08-17 03:00:00,MLO,6.8
2024-08-17 04:00:00,MLO,6.4
2024-08-17 05:00:00,MLO,8.3
2024-08-17 06:00:00,MLO,9.7
2024-08-17 07:00:00,MLO,10.4
2024-08-17 08:00:00,MLO,6.1
2024-08-17 09:00:00,MLO,4.2
2024-08-17 10:00:00,MLO,2.3
2024-08-17 11:00:00,MLO,6.2
2024-08-17 12:00:00,MLO,8.8
2024-08-17 13:00:00,MLO,9.4
2024-08-17 14:00:00,MLO,8.8
2024-08-17 15:00:00,MLO,8.9
2024-08-17 16:00:00,MLO,7.7
2024-08-17 17:00:00,MLO,5.6
2024-08-17 18:00:00,MLO,6.5
2024-08-17 19:00:00,MLO,6.6
2024-08-17 20:00:00,MLO,6.6
2024-08-17 21:00:00,MLO,6.6
2024-08-17 22:00:00,MLO,6.8
2024-08-17 23:00:00,MLO,6.2
2024-08-18 00:00:00,MLO,6.1
2024-08-18 01:00:00,MLO,6.5
2024-08-18 02:00:00,MLO,5.6
2024-08-18 03:00:00,MLO,4.9
2024-08-18 04:00:00,MLO,5.2
2024-08-18 05:00:00,MLO,6.6
2024-08-18 06:00:00,MLO,7.0
2024-08-18 07:00:00,MLO,7.5
2024-08-18 08:00:00,MLO,7.4
2024-08-18 09:00:00,MLO,7.4
2024-08-18 10:00:00,MLO,7.9
2024-08-18 11:00:00,MLO,7.5
2024-08-18 12:00:00,MLO,8.3
2024-08-18 13:00:00,MLO,8.5
2024-08-18 14:00:00,MLO,8.6
2024-08-18 15:00:00,MLO,8.5
2024-08-18 16:00:00,MLO,9.9
2024-08-18 17:00:00,MLO,10.1
2024-08-18 18:00:00,MLO,8.4
2024-08-18 19:00:00,MLO,7.7
2024-08-18 20:00:00,MLO,6.1
2024-08-18 21:00:00,MLO,5.6
2024-08-18 22:00:00,MLO,6.0
2024-08-18 23:00:00,MLO,6.2
2024-08-19 00:00:00,MLO,6.6
2024-08-19 01:00:00,MLO,6.6
2024-08-19 02:00:00,MLO,7.2
2024-08-19 03:00:00,MLO,6.3
2024-08-19 04:00:00,MLO,6.3
2024-08-19 05:00:00,MLO,5.9
2024-08-19 06:00:00,MLO,6.5
2024-08-19 07:00:00,MLO,6.8
2024-08-19 08:00:00,MLO,7.0
2024-08-19 09:00:00,MLO,5.9
2024-08-19 10:00:00,MLO,6.7
2024-08-19 11:00:00,MLO,7.3
2024-08-19 12:00:00,MLO,6.8
2024-08-19 13:00:00,MLO,6.8
2024-08-19 14:00:00,MLO,7.7
2024-08-19 15:00:00,MLO,8.3
2024-08-19 16:00:00,MLO,7.6
2024-08-19 17:00:00,MLO,7.3
2024-08-19 18:00:00,MLO,6.4
2024-08-19 19:00:00,MLO,6.3
2024-08-19 20:00:00,MLO,6.2
2024-08-19 21:00:00,MLO,5.1
2024-08-19 22:00:00,MLO,2.9
2024-08-19 23:00:00,MLO,3.6
2024-08-20 00:00:00,MLO,4.9
2024-08-20 01:00:00,MLO,4.8
2024-08-20 02:00:00,MLO,3.9
2024-08-20 03:00:00,MLO,1.9
2024-08-20 04:00:00,MLO,6.5
2024-08-20 05:00:00,MLO,7.3
2024-08-20 06:00:00,MLO,7.8
2024-08-20 07:00:00,MLO,8.1
2024-08-20 08:00:00,MLO,8.0
2024-08-20 09:00:00,MLO,8.0
2024-08-20 10:00:00,MLO,7.7
2024-08-20 11:00:00,MLO,7.4
2024-08-20 12:00:00,MLO,7.4
2024-08-20 13:00:00,MLO,7.6
2024-08-20 14:00:00,MLO,7.8
2024-08-20 15:00:00,MLO,7.9
2024-08-20 16:00:00,MLO,7.6
2024-08-20 17:00:00,MLO,5.2
2024-08-20 18:00:00,MLO,4.3
2024-08-20 19:00:00,MLO,2.1
2024-08-20 20:00:00,MLO,3.3
2024-08-20 21:00:00,MLO,5.5
2024-08-20 22:00:00,MLO,8.6
2024-08-20 23:00:00,MLO,7.3
2024-08-21 00:00:00,MLO,7.8
2024-08-21 01:00:00,MLO,6.9
2024-08-21 02:00:00,MLO,6.1
2024-08-21 03:00:00,MLO,5.6
2024-08-21 04:00:00,MLO,4.3
2024-08-21 05:00:00,MLO,5.8
2024-08-21 06:00:00,MLO,6.5
2024-08-21 07:00:00,MLO,6.7
2024-08-21 08:00:00,MLO,6.6
2024-08-21 09:00:00,MLO,6.4
2024-08-21 10:00:00,MLO,5.9
2024-08-21 11:00:00,MLO,5.6
2024-08-21 12:00:00,MLO,5.8
2024-08-21 13:00:00,MLO,6.0
2024-08-21 14:00:00,MLO,5.6
2024-08-21 15:00:00,MLO,6.6
2024-08-21 16:00:00,MLO,5.2
2024-08-21 17:00:00,MLO,5.1
2024-08-21 18:00:00,MLO,5.8
2024-08-21 19:00:00,MLO,6.2
2024-08-21 20:00:00,MLO,6.1
2024-08-21 21:00:00,MLO,6.5
2024-08-21 22:00:00,MLO,6.6
2024-08-21 23:00:00,MLO,6.9
2024-08-22 00:00:00,MLO,7.1
2024-08-22 01:00:00,MLO,7.0
2024-08-22 02:00:00,MLO,7.1
2024-08-22 03:00:00,MLO,6.8
2024-08-22 04:00:00,MLO,6.9
2024-08-22 05:00:00,MLO,6.3
2024-08-22 06:00:00,MLO,5.1
2024-08-22 07:00:00,MLO,4.2
2024-08-22 08:00:00,MLO,3.7
2024-08-22 09:00:00,MLO,3.7
2024-08-22 10:00:00,MLO,3.6
2024-08-22 11:00:00,MLO,3.3
2024-08-22 12:00:00,MLO,9.4
2024-08-22 13:00:00,MLO,8.8
2024-08-22 14:00:00,MLO,9.8
2024-08-22 15:00:00,MLO,10.0
2024-08-22 16:00:00,MLO,8.9
2024-08-22 17:00:00,MLO,9.2
2024-08-22 18:00:00,MLO,8.2
2024-08-22 19:00:00,MLO,6.8
2024-08-22 20:00:00,MLO,6.0
2024-08-22 21:00:00,MLO,2.1
2024-08-22 22:00:00,MLO,2.9
2024-08-22 23:00:00,MLO,3.5
2024-08-23 00:00:00,MLO,4.7
2024-08-23 01:00:00,MLO,6.0
2024-08-23 02:00:00,MLO,6.4
2024-08-23 03:00:00,MLO,7.2
2024-08-23 04:00:00,MLO,7.3
2024-08-23 05:00:00,MLO,7.9
2024-08-23 06:00:00,MLO,9.4
2024-08-23 07:00:00,MLO,9.7
2024-08-23 08:00:00,MLO,12.0
2024-08-23 09:00:00,MLO,14.4
2024-08-23 10:00:00,MLO,14.8
2024-08-23 11:00:00,MLO,14.7
2024-08-23 12:00:00,MLO,14.2
2024-08-23 13:00:00,MLO,14.0
2024-08-23 14:00:00,MLO,13.8
2024-08-23 15:00:00,MLO,13.2
2024-08-23 16:00:00,MLO,12.8
2024-08-23 17:00:00,MLO,12.8
2024-08-23 18:00:00,MLO,12.2
2024-08-23 19:00:00,MLO,11.0
2024-08-23 20:00:00,MLO,9.2
2024-08-23 21:00:00,MLO,7.8
2024-08-23 22:00:00,MLO,7.0
2024-08-23 23:00:00,MLO,6.9
2024-08-24 00:00:00,MLO,6.5
2024-08-24 01:00:00,MLO,6.1
2024-08-24 02:00:00,MLO,6.4
2024-08-24 03:00:00,MLO,4.9
2024-08-24 04:00:00,MLO,5.6
2024-08-24 05:00:00,MLO,7.0
2024-08-24 06:00:00,MLO,6.7
2024-08-24 07:00:00,MLO,6.8
2024-08-24 08:00:00,MLO,6.3
2024-08-24 09:00:00,MLO,6.4
2024-08-24 10:00:00,MLO,6.8
2024-08-24 11:00:00,MLO,6.6
2024-08-24 12:00:00,MLO,5.9
2024-08-24 13:00:00,MLO,6.7
2024-08-24 14:00:00,MLO,6.6
2024-08-24 15:00:00,MLO,7.5
2024-08-24 16:00:00,MLO,8.9
2024-08-24 17:00:00,MLO,8.1
2024-08-24 18:00:00,MLO,7.6
2024-08-24 19:00:00,MLO,8.0
2024-08-24 20:00:00,MLO,8.4
2024-08-24 21:00:00,MLO,10.5
2024-08-24 22:00:00,MLO,10.8
2024-08-24 23:00:00,MLO,11.3
2024-08-25 00:00:00,MLO,11.7
2024-08-25 01:00:00,MLO,11.6
2024-08-25 02:00:00,MLO,12.8
2024-08-25 03:00:00,MLO,12.8
2024-08-25 04:00:00,MLO,13.3
2024-08-25 05:00:00,MLO,12.7
2024-08-25 06:00:00,MLO,12.6
2024-08-25 07:00:00,MLO,12.8
2024-08-25 08:00:00,MLO,14.3
2024-08-25 09:00:00,MLO,17.7
2024-08-25 10:00:00,MLO,18.9
2024-08-25 11:00:00,MLO,16.3
2024-08-25 12:00:00,MLO,16.2
2024-08-25 13:00:00,MLO,15.5
2024-08-25 14:00:00,MLO,16.3
2024-08-25 15:00:00,MLO,16.8
2024-08-25 16:00:00,MLO,13.7
2024-08-25 17:00:00,MLO,12.9
2024-08-25 18:00:00,MLO,13.1
2024-08-25 19:00:00,MLO,12.0
2024-08-25 20:00:00,MLO,8.2
2024-08-25 21:00:00,MLO,12.2
2024-08-25 22:00:00,MLO,10.7
2024-08-25 23:00:00,MLO,7.7
2024-08-26 00:00:00,MLO,12.2
2024-08-26 01:00:00,MLO,9.0
2024-08-26 02:00:00,MLO,3.9
2024-08-26 03:00:00,MLO,1.9
2024-08-26 04:00:00,MLO,8.5
2024-08-26 05:00:00,MLO,8.1
2024-08-26 06:00:00,MLO,4.0
2024-08-26 07:00:00,MLO,8.0
2024-08-26 08:00:00,MLO,10.0
2024-08-26 09:00:00,MLO,9.8
2024-08-26 10:00:00,MLO,8.0
2024-08-26 11:00:00,MLO,6.7
2024-08-26 12:00:00,MLO,3.9
2024-08-26 13:00:00,MLO,7.1
2024-08-26 14:00:00,MLO,5.9
2024-08-26 15:00:00,MLO,5.5
2024-08-26 16:00:00,MLO,4.8
2024-08-26 17:00:00,MLO,2.9
2024-08-26 18:00:00,MLO,3.5
2024-08-26 19:00:00,MLO,4.2
2024-08-26 20:00:00,MLO,4.5
2024-08-26 21:00:00,MLO,4.2
2024-08-26 22:00:00,MLO,3.8
2024-08-26 23:00:00,MLO,3.4
2024-08-27 00:00:00,MLO,3.1
2024-08-27 01:00:00,MLO,2.8
2024-08-27 02:00:00,MLO,1.9
2024-08-27 03:00:00,MLO,1.5
2024-08-27 04:00:00,MLO,1.3
2024-08-27 05:00:00,MLO,1.9
2024-08-27 06:00:00,MLO,2.3
2024-08-27 07:00:00,MLO,2.2
2024-08-27 08:00:00,MLO,2.6
2024-08-27 09:00:00,MLO,2.5
2024-08-27 10:00:00,MLO,2.2
2024-08-27 11:00:00,MLO,1.9
2024-08-27 12:00:00,MLO,1.9
2024-08-27 13:00:00,MLO,2.4
2024-08-27 14:00:00,MLO,2.8
2024-08-27 15:00:00,MLO,2.9
2024-08-27 16:00:00,MLO,2.8
2024-08-27 17:00:00,MLO,0.9
2024-08-27 18:00:00,MLO,0.9
2024-08-27 19:00:00,MLO,1.9
2024-08-27 20:00:00,MLO,2.8
2024-08-27 21:00:00,MLO,2.8
2024-08-27 22:00:00,MLO,3.5
2024-08-27 23:00:00,MLO,3.8
2024-08-28 00:00:00,MLO,3.3
2024-08-28 01:00:00,MLO,3.3
2024-08-28 02:00:00,MLO,2.4
2024-08-28 03:00:00,MLO,2.3
2024-08-28 04:00:00,MLO,2.4
2024-08-28 05:00:00,MLO,3.4
2024-08-28 06:00:00,MLO,4.0
2024-08-28 07:00:00,MLO,3.8
2024-08-28 08:00:00,MLO,3.4
2024-08-28 09:00:00,MLO,3.1
2024-08-28 10:00:00,MLO,2.6
2024-08-28 11:00:00,MLO,2.5
2024-08-28 12:00:00,MLO,2.0
2024-08-28 13:00:00,MLO,2.1
2024-08-28 14:00:00,MLO,2.4
2024-08-28 15:00:00,MLO,2.1
2024-08-28 16:00:00,MLO,1.7
2024-08-28 17:00:00,MLO,1.5
2024-08-28 18:00:00,MLO,1.5
2024-08-28 19:00:00,MLO,2.1
2024-08-28 20:00:00,MLO,2.8
2024-08-28 21:00:00,MLO,3.5
2024-08-28 22:00:00,MLO,3.7
2024-08-28 23:00:00,MLO,4.1
2024-08-29 00:00:00,MLO,7.7
2024-08-29 01:00:00,MLO,5.1
2024-08-29 02:00:00,MLO,3.9
2024-08-29 03:00:00,MLO,2.3
2024-08-29 04:00:00,MLO,0.6
2024-08-29 05:00:00,MLO,1.8
2024-08-29 06:00:00,MLO,2.7
2024-08-29 07:00:00,MLO,6.3
2024-08-29 08:00:00,MLO,0.6
2024-08-29 09:00:00,MLO,0.6
2024-08-29 10:00:00,MLO,2.1
2024-08-29 11:00:00,MLO,2.9
2024-08-29 12:00:00,MLO,3.9
2024-08-29 13:00:00,MLO,3.5
2024-08-29 14:00:00,MLO,2.0
2024-08-29 15:00:00,MLO,2.9
2024-08-29 16:00:00,MLO,1.8
2024-08-29 17:00:00,MLO,1.2
2024-08-29 18:00:00,MLO,3.6
2024-08-29 19:00:00,MLO,4.3
2024-08-29 20:00:00,MLO,6.4
2024-08-29 21:00:00,MLO,6.7
2024-08-29 22:00:00,MLO,7.4
2024-08-29 23:00:00,MLO,6.4
2024-08-30 00:00:00,MLO,5.2
2024-08-30 01:00:00,MLO,4.9
2024-08-30 02:00:00,MLO,3.2
2024-08-30 03:00:00,MLO,2.7
2024-08-30 04:00:00,MLO,2.6
2024-08-30 05:00:00,MLO,1.8
2024-08-30 06:00:00,MLO,2.3
2024-08-30 07:00:00,MLO,2.4
2024-08-30 08:00:00,MLO,3.4
2024-08-30 09:00:00,MLO,2.5
2024-08-30 10:00:00,MLO,2.9
2024-08-30 11:00:00,MLO,1.7
2024-08-30 12:00:00,MLO,2.6
2024-08-30 13:00:00,MLO,2.1
2024-08-30 14:00:00,MLO,1.0
2024-08-30 15:00:00,MLO,3.7
2024-08-30 16:00:00,MLO,3.8
2024-08-30 17:00:00,MLO,2.2
2024-08-30 18:00:00,MLO,2.4
2024-08-30 19:00:00,MLO,3.6
2024-08-30 20:00:00,MLO,4.6
2024-08-30 21:00:00,MLO,5.2
2024-08-30 22:00:00,MLO,4.5
2024-08-30 23:00:00,MLO,4.3
2024-08-31 00:00:00,MLO,4.2
2024-08-31 01:00:00,MLO,4.4
2024-08-31 02:00:00,MLO,4.3
2024-08-31 03:00:00,MLO,4.2
2024-08-31 04:00:00,MLO,3.0
2024-08-31 05:00:00,MLO,1.4
2024-08-31 06:00:00,MLO,2.2
2024-08-31 07:00:00,MLO,2.1
2024-08-31 08:00:00,MLO,2.3
2024-08-31 09:00:00,MLO,3.4
2024-08-31 10:00:00,MLO,2.5
2024-08-31 11:00:00,MLO,1.8
2024-08-31 12:00:00,MLO,2.0
2024-08-31 13:00:00,MLO,2.0
2024-08-31 14:00:00,MLO,1.7
2024-08-31 15:00:00,MLO,1.7
2024-08-31 16:00:00,MLO,2.0
2024-08-31 17:00:00,MLO,0.7
2024-08-31 18:00:00,MLO,0.8
2024-08-31 19:00:00,MLO,2.1
2024-08-31 20:00:00,MLO,3.6
2024-08-31 21:00:00,MLO,4.4
2024-08-31 22:00:00,MLO,3.6
2024-08-31 23:00:00,MLO,3.5
2024-09-01 00:00:00,MLO,1.8
2024-09-01 01:00:00,MLO,4.0
2024-09-01 02:00:00,MLO,6.0
2024-09-01 03:00:00,MLO,4.0
2024-09-01 04:00:00,MLO,0.7
2024-09-01 05:00:00,MLO,2.5
2024-09-01 06:00:00,MLO,1.6
2024-09-01 07:00:00,MLO,5.9
2024-09-01 08:00:00,MLO,7.5
2024-09-01 09:00:00,MLO,7.6
2024-09-01 10:00:00,MLO,7.6
2024-09-01 11:00:00,MLO,7.6
2024-09-01 12:00:00,MLO,7.2
2024-09-01 13:00:00,MLO,6.6
2024-09-01 14:00:00,MLO,5.7
2024-09-01 15:00:00,MLO,7.0
2024-09-01 16:00:00,MLO,5.3
2024-09-01 17:00:00,MLO,3.6
2024-09-01 18:00:00,MLO,3.4
2024-09-01 19:00:00,MLO,4.1
2024-09-01 20:00:00,MLO,4.9
2024-09-01 21:00:00,MLO,5.7
2024-09-01 22:00:00,MLO,5.7
2024-09-01 23:00:00,MLO,6.7
2024-09-02 00:00:00,MLO,6.9
2024-09-02 01:00:00,MLO,6.8
2024-09-02 02:00:00,MLO,6.9
2024-09-02 03:00:00,MLO,6.2
2024-09-02 04:00:00,MLO,5.4
2024-09-02 05:00:00,MLO,5.4
2024-09-02 06:00:00,MLO,5.4
2024-09-02 07:00:00,MLO,7.2
2024-09-02 08:00:00,MLO,9.2
2024-09-02 09:00:00,MLO,9.8
2024-09-02 10:00:00,MLO,7.3
2024-09-02 11:00:00,MLO,6.0
2024-09-02 12:00:00,MLO,6.2
2024-09-02 13:00:00,MLO,7.0
2024-09-02 14:00:00,MLO,5.9
2024-09-02 15:00:00,MLO,5.5
2024-09-02 16:00:00,MLO,5.8
2024-09-02 17:00:00,MLO,3.1
2024-09-02 18:00:00,MLO,2.2
2024-09-02 19:00:00,MLO,3.4
2024-09-02 20:00:00,MLO,1.4
2024-09-02 21:00:00,MLO,3.6
2024-09-02 22:00:00,MLO,3.4
2024-09-02 23:00:00,MLO,3.5
2024-09-03 00:00:00,MLO,2.0
2024-09-03 01:00:00,MLO,2.9
2024-09-03 02:00:00,MLO,1.8
2024-09-03 03:00:00,MLO,6.6
2024-09-03 04:00:00,MLO,6.9
2024-09-03 05:00:00,MLO,7.4
2024-09-03 06:00:00,MLO,9.1
2024-09-03 07:00:00,MLO,8.6
2024-09-03 08:00:00,MLO,7.7
2024-09-03 09:00:00,MLO,7.8
2024-09-03 10:00:00,MLO,8.6
2024-09-03 11:00:00,MLO,8.3
2024-09-03 12:00:00,MLO,7.2
2024-09-03 13:00:00,MLO,5.9
2024-09-03 14:00:00,MLO,6.8
2024-09-03 15:00:00,MLO,5.9
2024-09-03 16:00:00,MLO,5.9
2024-09-03 17:00:00,MLO,5.0
2024-09-03 18:00:00,MLO,4.7
2024-09-03 19:00:00,MLO,4.3
2024-09-03 20:00:00,MLO,5.7
2024-09-03 21:00:00,MLO,6.8
2024-09-03 22:00:00,MLO,7.5
2024-09-03 23:00:00,MLO,7.3
2024-09-04 00:00:00,MLO,5.9
2024-09-04 01:00:00,MLO,5.3
2024-09-04 02:00:00,MLO,4.9
2024-09-04 03:00:00,MLO,3.8
2024-09-04 04:00:00,MLO,2.9
2024-09-04 05:00:00,MLO,3.0
2024-09-04 06:00:00,MLO,3.1
2024-09-04 07:00:00,MLO,4.4
2024-09-04 08:00:00,MLO,5.1
2024-09-04 09:00:00,MLO,5.7
2024-09-04 10:00:00,MLO,5.7
2024-09-04 11:00:00,MLO,5.2
2024-09-04 12:00:00,MLO,3.9
2024-09-04 13:00:00,MLO,3.7
2024-09-04 14:00:00,MLO,3.3
2024-09-04 15:00:00,MLO,3.8
2024-09-04 16:00:00,MLO,3.6
2024-09-04 17:00:00,MLO,2.8
2024-09-04 18:00:00,MLO,3.9
2024-09-04 19:00:00,MLO,4.1
2024-09-04 20:00:00,MLO,4.5
2024-09-04 21:00:00,MLO,5.3
2024-09-04 22:00:00,MLO,5.6
2024-09-04 23:00:00,MLO,4.9
2024-09-05 00:00:00,MLO,5.0
2024-09-05 01:00:00,MLO,4.5
2024-09-05 02:00:00,MLO,3.8
2024-09-05 03:00:00,MLO,2.0
2024-09-05 04:00:00,MLO,1.4
2024-09-05 05:00:00,MLO,0.4
2024-09-05 06:00:00,MLO,1.3
2024-09-05 07:00:00,MLO,2.7
2024-09-05 08:00:00,MLO,2.7
2024-09-05 09:00:00,MLO,3.5
2024-09-05 10:00:00,MLO,3.1
2024-09-05 11:00:00,MLO,3.2
2024-09-05 12:00:00,MLO,2.8
2024-09-05 13:00:00,MLO,2.9
2024-09-05 14:00:00,MLO,2.9
2024-09-05 15:00:00,MLO,2.9
2024-09-05 16:00:00,MLO,3.4
2024-09-05 17:00:00,MLO,2.9
2024-09-05 18:00:00,MLO,3.5
2024-09-05 19:00:00,MLO,2.9
2024-09-05 20:00:00,MLO,3.4
2024-09-05 21:00:00,MLO,3.7
2024-09-05 22:00:00,MLO,3.7
2024-09-05 23:00:00,MLO,3.8
2024-09-06 00:00:00,MLO,3.3
2024-09-06 01:00:00,MLO,2.8
2024-09-06 02:00:00,MLO,2.2
2024-09-06 03:00:00,MLO,1.8
2024-09-06 04:00:00,MLO,0.8
2024-09-06 05:00:00,MLO,0.9
2024-09-06 06:00:00,MLO,1.6
2024-09-06 07:00:00,MLO,1.7
2024-09-06 08:00:00,MLO,3.0
2024-09-06 09:00:00,MLO,2.6
2024-09-06 10:00:00,MLO,3.0
2024-09-06 11:00:00,MLO,2.2
2024-09-06 12:00:00,MLO,3.0
2024-09-06 13:00:00,MLO,2.7
2024-09-06 14:00:00,MLO,3.8
2024-09-06 15:00:00,MLO,2.6
2024-09-06 16:00:00,MLO,2.9
2024-09-06 17:00:00,MLO,0.7
2024-09-06 18:00:00,MLO,1.3
2024-09-06 19:00:00,MLO,1.6
2024-09-06 20:00:00,MLO,3.1
2024-09-06 21:00:00,MLO,3.3
2024-09-06 22:00:00,MLO,3.4
2024-09-06 23:00:00,MLO,3.5
2024-09-07 00:00:00,MLO,3.6
2024-09-07 01:00:00,MLO,3.4
2024-09-07 02:00:00,MLO,2.7
2024-09-07 03:00:00,MLO,1.7
2024-09-07 04:00:00,MLO,0.9
2024-09-07 05:00:00,MLO,0.5
2024-09-07 06:00:00,MLO,2.8
2024-09-07 07:00:00,MLO,3.5
2024-09-07 08:00:00,MLO,3.9
2024-09-07 09:00:00,MLO,4.3
2024-09-07 10:00:00,MLO,4.3
2024-09-07 11:00:00,MLO,4.8
2024-09-07 12:00:00,MLO,5.2
2024-09-07 13:00:00,MLO,4.4
2024-09-07 14:00:00,MLO,4.6
2024-09-07 15:00:00,MLO,4.9
2024-09-07 16:00:00,MLO,5.0
2024-09-07 17:00:00,MLO,4.3
2024-09-07 18:00:00,MLO,4.4
2024-09-07 19:00:00,MLO,4.5
2024-09-07 20:00:00,MLO,4.4
2024-09-07 21:00:00,MLO,5.3
2024-09-07 22:00:00,MLO,6.4
2024-09-07 23:00:00,MLO,6.9
2024-09-08 00:00:00,MLO,6.2
2024-09-08 01:00:00,MLO,5.4
2024-09-08 02:00:00,MLO,5.0
2024-09-08 03:00:00,MLO,4.4
2024-09-08 04:00:00,MLO,4.4
2024-09-08 05:00:00,MLO,3.4
2024-09-08 06:00:00,MLO,3.4
2024-09-08 07:00:00,MLO,4.1
2024-09-08 08:00:00,MLO,4.7
2024-09-08 09:00:00,MLO,5.5
2024-09-08 10:00:00,MLO,5.8
2024-09-08 11:00:00,MLO,5.4
2024-09-08 12:00:00,MLO,4.4
2024-09-08 13:00:00,MLO,4.6
2024-09-08 14:00:00,MLO,4.3
2024-09-08 15:00:00,MLO,4.2
2024-09-08 16:00:00,MLO,3.9
2024-09-08 17:00:00,MLO,1.6
2024-09-08 18:00:00,MLO,1.8
2024-09-08 19:00:00,MLO,2.6
2024-09-08 20:00:00,MLO,3.1
2024-09-08 21:00:00,MLO,4.3
2024-09-08 22:00:00,MLO,4.5
2024-09-08 23:00:00,MLO,4.5
2024-09-09 00:00:00,MLO,4.4
2024-09-09 01:00:00,MLO,3.9
2024-09-09 02:00:00,MLO,3.5
2024-09-09 03:00:00,MLO,3.0
2024-09-09 04:00:00,MLO,2.2
2024-09-09 05:00:00,MLO,1.7
2024-09-09 06:00:00,MLO,0.9
2024-09-09 07:00:00,MLO,2.0
2024-09-09 08:00:00,MLO,1.5
2024-09-09 09:00:00,MLO,1.9
2024-09-09 10:00:00,MLO,2.1
2024-09-09 11:00:00,MLO,2.4
2024-09-09 12:00:00,MLO,3.3
2024-09-09 13:00:00,MLO,1.5
2024-09-09 14:00:00,MLO,2.1
2024-09-09 15:00:00,MLO,2.1
2024-09-09 16:00:00,MLO,2.8
2024-09-09 17:00:00,MLO,0.2
2024-09-09 18:00:00,MLO,1.5
2024-09-09 19:00:00,MLO,2.2
2024-09-09 20:00:00,MLO,3.0
2024-09-09 21:00:00,MLO,3.2
2024-09-09 22:00:00,MLO,3.2
2024-09-09 23:00:00,MLO,3.6
2024-09-10 00:00:00,MLO,3.6
2024-09-10 01:00:00,MLO,3.4
2024-09-10 02:00:00,MLO,4.6
2024-09-10 03:00:00,MLO,4.1
2024-09-10 04:00:00,MLO,2.2
2024-09-10 05:00:00,MLO,1.6
2024-09-10 06:00:00,MLO,2.1
2024-09-10 07:00:00,MLO,1.2
2024-09-10 08:00:00,MLO,1.4
2024-09-10 09:00:00,MLO,1.3
2024-09-10 10:00:00,MLO,1.8
2024-09-10 11:00:00,MLO,3.1
2024-09-10 12:00:00,MLO,3.9
2024-09-10 13:00:00,MLO,4.6
2024-09-10 14:00:00,MLO,4.6
2024-09-10 15:00:00,MLO,5.4
2024-09-10 16:00:00,MLO,4.8
2024-09-10 17:00:00,MLO,0.7
2024-09-10 18:00:00,MLO,1.4
2024-09-10 19:00:00,MLO,2.3
2024-09-10 20:00:00,MLO,2.9
2024-09-10 21:00:00,MLO,4.1
2024-09-10 22:00:00,MLO,3.7
2024-09-10 23:00:00,MLO,3.3
2024-09-11 00:00:00,MLO,3.2
2024-09-11 01:00:00,MLO,2.0
2024-09-11 02:00:00,MLO,1.8
2024-09-11 03:00:00,MLO,1.1
2024-09-11 04:00:00,MLO,1.9
2024-09-11 05:00:00,MLO,0.9
2024-09-11 06:00:00,MLO,0.6
2024-09-11 07:00:00,MLO,0.4
2024-09-11 08:00:00,MLO,1.0
2024-09-11 09:00:00,MLO,1.2
2024-09-11 10:00:00,MLO,1.7
2024-09-11 11:00:00,MLO,1.8
2024-09-11 12:00:00,MLO,1.6
2024-09-11 13:00:00,MLO,1.9
2024-09-11 14:00:00,MLO,1.8
2024-09-11 15:00:00,MLO,2.7
2024-09-11 16:00:00,MLO,3.7
2024-09-11 17:00:00,MLO,1.7
2024-09-11 18:00:00,MLO,1.3
2024-09-11 19:00:00,MLO,2.9
2024-09-11 20:00:00,MLO,3.0
2024-09-11 21:00:00,MLO,3.6
2024-09-11 22:00:00,MLO,2.5
2024-09-11 23:00:00,MLO,3.1
2024-09-12 00:00:00,MLO,2.9
2024-09-12 01:00:00,MLO,3.2
2024-09-12 02:00:00,MLO,2.9
2024-09-12 03:00:00,MLO,2.3
2024-09-12 04:00:00,MLO,1.8
2024-09-12 05:00:00,MLO,1.1
2024-09-12 06:00:00,MLO,0.9
2024-09-12 07:00:00,MLO,0.8
2024-09-12 08:00:00,MLO,0.4
2024-09-12 09:00:00,MLO,1.6
2024-09-12 10:00:00,MLO,1.8
2024-09-12 11:00:00,MLO,1.4
2024-09-12 12:00:00,MLO,1.7
2024-09-12 13:00:00,MLO,1.6
2024-09-12 14:00:00,MLO,1.4
2024-09-12 15:00:00,MLO,1.3
2024-09-12 16:00:00,MLO,3.4
2024-09-12 17:00:00,MLO,3.1
2024-09-12 18:00:00,MLO,1.1
2024-09-12 19:00:00,MLO,2.0
2024-09-12 20:00:00,MLO,3.0
2024-09-12 21:00:00,MLO,3.5
2024-09-12 22:00:00,MLO,4.2
2024-09-12 23:00:00,MLO,4.1
2024-09-13 00:00:00,MLO,4.0
2024-09-13 01:00:00,MLO,3.0
2024-09-13 02:00:00,MLO,2.6
2024-09-13 03:00:00,MLO,1.8
2024-09-13 04:00:00,MLO,1.4
2024-09-13 05:00:00,MLO,1.0
2024-09-13 06:00:00,MLO,0.9
2024-09-13 07:00:00,MLO,2.5
2024-09-13 08:00:00,MLO,3.0
2024-09-13 09:00:00,MLO,4.3
2024-09-13 10:00:00,MLO,3.7
2024-09-13 11:00:00,MLO,4.0
2024-09-13 12:00:00,MLO,4.1
2024-09-13 13:00:00,MLO,3.9
2024-09-13 14:00:00,MLO,4.3
2024-09-13 15:00:00,MLO,4.1
2024-09-13 16:00:00,MLO,3.7
2024-09-13 17:00:00,MLO,2.8
2024-09-13 18:00:00,MLO,2.6
2024-09-13 19:00:00,MLO,2.0
2024-09-13 20:00:00,MLO,2.4
2024-09-13 21:00:00,MLO,2.8
2024-09-13 22:00:00,MLO,3.7
2024-09-13 23:00:00,MLO,3.5
2024-09-14 00:00:00,MLO,3.7
2024-09-14 01:00:00,MLO,3.5
2024-09-14 02:00:00,MLO,3.0
2024-09-14 03:00:00,MLO,2.6
2024-09-14 04:00:00,MLO,2.4
2024-09-14 05:00:00,MLO,3.3
2024-09-14 06:00:00,MLO,4.2
2024-09-14 07:00:00,MLO,4.7
2024-09-14 08:00:00,MLO,4.7
2024-09-14 09:00:00,MLO,5.1
2024-09-14 10:00:00,MLO,4.9
2024-09-14 11:00:00,MLO,4.8
2024-09-14 12:00:00,MLO,4.5
2024-09-14 13:00:00,MLO,4.0
2024-09-14 14:00:00,MLO,4.7
2024-09-14 15:00:00,MLO,5.6
2024-09-14 16:00:00,MLO,5.3
2024-09-14 17:00:00,MLO,4.4
2024-09-14 18:00:00,MLO,4.8
2024-09-14 19:00:00,MLO,5.1
2024-09-14 20:00:00,MLO,5.2
2024-09-14 21:00:00,MLO,6.4
2024-09-14 22:00:00,MLO,5.8
2024-09-14 23:00:00,MLO,4.3
2024-09-15 00:00:00,MLO,4.0
2024-09-15 01:00:00,MLO,4.1
2024-09-15 02:00:00,MLO,5.2
2024-09-15 03:00:00,MLO,5.3
2024-09-15 04:00:00,MLO,5.6
2024-09-15 05:00:00,MLO,6.0
2024-09-15 06:00:00,MLO,6.2
2024-09-15 07:00:00,MLO,6.5
2024-09-15 08:00:00,MLO,6.5
2024-09-15 09:00:00,MLO,6.8
2024-09-15 10:00:00,MLO,6.0
2024-09-15 11:00:00,MLO,5.8
2024-09-15 12:00:00,MLO,5.5
2024-09-15 13:00:00,MLO,4.8
2024-09-15 14:00:00,MLO,4.8
2024-09-15 15:00:00,MLO,5.0
2024-09-15 16:00:00,MLO,2.4
2024-09-15 17:00:00,MLO,0.3
2024-09-15 18:00:00,MLO,1.5
2024-09-15 19:00:00,MLO,2.3
2024-09-15 20:00:00,MLO,3.1
2024-09-15 21:00:00,MLO,3.2
2024-09-15 22:00:00,MLO,3.5
2024-09-15 23:00:00,MLO,4.1
2024-09-16 00:00:00,MLO,3.7
2024-09-16 01:00:00,MLO,3.1
2024-09-16 02:00:00,MLO,2.4
2024-09-16 03:00:00,MLO,1.8
2024-09-16 04:00:00,MLO,1.1
2024-09-16 05:00:00,MLO,0.5
2024-09-16 06:00:00,MLO,1.7
2024-09-16 07:00:00,MLO,7.9
2024-09-16 08:00:00,MLO,5.3
2024-09-16 09:00:00,MLO,1.3
2024-09-16 10:00:00,MLO,1.7
2024-09-16 11:00:00,MLO,0.6
2024-09-16 12:00:00,MLO,1.3
2024-09-16 13:00:00,MLO,0.8
2024-09-16 14:00:00,MLO,0.8
2024-09-16 15:00:00,MLO,0.2
2024-09-16 16:00:00,MLO,0.6
2024-09-16 17:00:00,MLO,1.3
2024-09-16 18:00:00,MLO,1.9
2024-09-16 19:00:00,MLO,0.4
2024-09-16 20:00:00,MLO,3.9
2024-09-16 21:00:00,MLO,3.8
2024-09-16 22:00:00,MLO,3.9
2024-09-16 23:00:00,MLO,2.9
2024-09-17 00:00:00,MLO,3.7
2024-09-17 01:00:00,MLO,2.6
2024-09-17 02:00:00,MLO,2.8
2024-09-17 03:00:00,MLO,2.4
2024-09-17 04:00:00,MLO,0.6
2024-09-17 05:00:00,MLO,0.9
2024-09-17 06:00:00,MLO,0.8
2024-09-17 07:00:00,MLO,2.1
2024-09-17 08:00:00,MLO,1.8
2024-09-17 09:00:00,MLO,2.3
2024-09-17 10:00:00,MLO,2.2
2024-09-17 11:00:00,MLO,2.0
2024-09-17 12:00:00,MLO,1.7
2024-09-17 13:00:00,MLO,1.7
2024-09-17 14:00:00,MLO,2.2
2024-09-17 15:00:00,MLO,3.1
2024-09-17 16:00:00,MLO,2.7
2024-09-17 17:00:00,MLO,0.3
2024-09-17 18:00:00,MLO,1.9
2024-09-17 19:00:00,MLO,3.0
2024-09-17 20:00:00,MLO,3.4
2024-09-17 21:00:00,MLO,3.2
2024-09-17 22:00:00,MLO,4.3
2024-09-17 23:00:00,MLO,4.5
2024-09-18 00:00:00,MLO,4.6
2024-09-18 01:00:00,MLO,4.1
2024-09-18 02:00:00,MLO,3.9
2024-09-18 03:00:00,MLO,3.5
2024-09-18 04:00:00,MLO,1.1
2024-09-18 05:00:00,MLO,0.9
2024-09-18 06:00:00,MLO,2.6
2024-09-18 07:00:00,MLO,4.7
2024-09-18 08:00:00,MLO,5.9
2024-09-18 09:00:00,MLO,4.7
2024-09-18 10:00:00,MLO,3.9
2024-09-18 11:00:00,MLO,2.7
2024-09-18 12:00:00,MLO,2.9
2024-09-18 13:00:00,MLO,3.1
2024-09-18 14:00:00,MLO,2.9
2024-09-18 15:00:00,MLO,3.2
2024-09-18 16:00:00,MLO,3.2
2024-09-18 17:00:00,MLO,1.8
2024-09-18 18:00:00,MLO,3.2
2024-09-18 19:00:00,MLO,3.9
2024-09-18 20:00:00,MLO,4.4
2024-09-18 21:00:00,MLO,5.1
2024-09-18 22:00:00,MLO,5.7
2024-09-18 23:00:00,MLO,5.0
2024-09-19 00:00:00,MLO,4.5
2024-09-19 01:00:00,MLO,4.5
2024-09-19 02:00:00,MLO,3.7
2024-09-19 03:00:00,MLO,3.2
2024-09-19 04:00:00,MLO,1.8
2024-09-19 05:00:00,MLO,0.4
2024-09-19 06:00:00,MLO,1.3
2024-09-19 07:00:00,MLO,2.0
2024-09-19 08:00:00,MLO,3.6
2024-09-19 09:00:00,MLO,3.4
2024-09-19 10:00:00,MLO,3.2
2024-09-19 11:00:00,MLO,4.9
2024-09-19 12:00:00,MLO,5.5
2024-09-19 13:00:00,MLO,5.3
2024-09-19 14:00:00,MLO,5.0
2024-09-19 15:00:00,MLO,5.3
2024-09-19 16:00:00,MLO,5.5
2024-09-19 17:00:00,MLO,3.1
2024-09-19 18:00:00,MLO,3.0
2024-09-19 19:00:00,MLO,3.4
2024-09-19 20:00:00,MLO,4.1
2024-09-19 21:00:00,MLO,3.6
2024-09-19 22:00:00,MLO,3.9
2024-09-19 23:00:00,MLO,4.1
2024-09-20 00:00:00,MLO,4.5
2024-09-20 01:00:00,MLO,4.2
2024-09-20 02:00:00,MLO,3.2
2024-09-20 03:00:00,MLO,2.0
2024-09-20 04:00:00,MLO,1.1
2024-09-20 05:00:00,MLO,1.8
2024-09-20 06:00:00,MLO,2.1
2024-09-20 07:00:00,MLO,4.0
2024-09-20 08:00:00,MLO,3.3
2024-09-20 09:00:00,MLO,3.1
2024-09-20 10:00:00,MLO,4.0
2024-09-20 11:00:00,MLO,3.9
2024-09-20 12:00:00,MLO,3.2
2024-09-20 13:00:00,MLO,3.0
2024-09-20 14:00:00,MLO,3.0
2024-09-20 15:00:00,MLO,2.9
2024-09-20 16:00:00,MLO,1.7
2024-09-20 17:00:00,MLO,1.6
2024-09-20 18:00:00,MLO,1.3
2024-09-20 19:00:00,MLO,2.1
2024-09-20 20:00:00,MLO,3.2
2024-09-20 21:00:00,MLO,3.9
2024-09-20 22:00:00,MLO,3.9
2024-09-20 23:00:00,MLO,3.8
2024-09-21 00:00:00,MLO,3.2
2024-09-21 01:00:00,MLO,3.4
2024-09-21 02:00:00,MLO,3.0
2024-09-21 03:00:00,MLO,3.3
2024-09-21 04:00:00,MLO,2.2
2024-09-21 05:00:00,MLO,1.6
2024-09-21 06:00:00,MLO,1.5
2024-09-21 07:00:00,MLO,1.9
2024-09-21 08:00:00,MLO,2.8
2024-09-21 09:00:00,MLO,3.2
2024-09-21 10:00:00,MLO,3.6
2024-09-21 11:00:00,MLO,3.2
2024-09-21 12:00:00,MLO,4.8
2024-09-21 13:00:00,MLO,4.8
2024-09-21 14:00:00,MLO,4.9
2024-09-21 15:00:00,MLO,5.4
2024-09-21 16:00:00,MLO,4.7
2024-09-21 17:00:00,MLO,2.8
2024-09-21 18:00:00,MLO,1.4
2024-09-21 19:00:00,MLO,3.2
2024-09-21 20:00:00,MLO,3.7
2024-09-21 21:00:00,MLO,2.6
2024-09-21 22:00:00,MLO,2.9
2024-09-21 23:00:00,MLO,3.1
2024-09-22 00:00:00,MLO,2.6
2024-09-22 01:00:00,MLO,2.3
2024-09-22 02:00:00,MLO,1.8
2024-09-22 03:00:00,MLO,1.6
2024-09-22 04:00:00,MLO,0.8
2024-09-22 05:00:00,MLO,0.4
2024-09-22 06:00:00,MLO,0.4
2024-09-22 07:00:00,MLO,1.0
2024-09-22 08:00:00,MLO,0.5
2024-09-22 09:00:00,MLO,2.0
2024-09-22 10:00:00,MLO,1.5
2024-09-22 11:00:00,MLO,1.4
2024-09-22 12:00:00,MLO,0.7
2024-09-22 13:00:00,MLO,1.6
2024-09-22 14:00:00,MLO,2.9
2024-09-22 15:00:00,MLO,1.2
2024-09-22 16:00:00,MLO,1.7
2024-09-22 17:00:00,MLO,1.1
2024-09-22 18:00:00,MLO,1.5
2024-09-22 19:00:00,MLO,2.7
2024-09-22 20:00:00,MLO,3.3
2024-09-22 21:00:00,MLO,3.6
2024-09-22 22:00:00,MLO,4.5
2024-09-22 23:00:00,MLO,4.2
2024-09-23 00:00:00,MLO,4.9
2024-09-23 01:00:00,MLO,4.6
2024-09-23 02:00:00,MLO,3.9
2024-09-23 03:00:00,MLO,2.4
2024-09-23 04:00:00,MLO,1.9
2024-09-23 05:00:00,MLO,2.2
2024-09-23 06:00:00,MLO,2.5
2024-09-23 07:00:00,MLO,1.2
2024-09-23 08:00:00,MLO,3.9
2024-09-23 09:00:00,MLO,3.1
2024-09-23 10:00:00,MLO,2.1
2024-09-23 11:00:00,MLO,2.4
2024-09-23 12:00:00,MLO,2.5
2024-09-23 13:00:00,MLO,2.4
2024-09-23 14:00:00,MLO,2.2
2024-09-23 15:00:00,MLO,3.0
2024-09-23 16:00:00,MLO,2.3
2024-09-23 17:00:00,MLO,0.7
2024-09-23 18:00:00,MLO,1.6
2024-09-23 19:00:00,MLO,3.0
2024-09-23 20:00:00,MLO,3.3
2024-09-23 21:00:00,MLO,3.9
2024-09-23 22:00:00,MLO,4.9
2024-09-23 23:00:00,MLO,4.6
2024-09-24 00:00:00,MLO,3.9
2024-09-24 01:00:00,MLO,3.1
2024-09-24 02:00:00,MLO,1.8
2024-09-24 03:00:00,MLO,0.9
2024-09-24 04:00:00,MLO,1.4
2024-09-24 05:00:00,MLO,0.7
2024-09-24 06:00:00,MLO,2.7
2024-09-24 07:00:00,MLO,3.1
2024-09-24 08:00:00,MLO,1.4
2024-09-24 09:00:00,MLO,4.4
2024-09-24 10:00:00,MLO,1.5
2024-09-24 11:00:00,MLO,2.6
2024-09-24 12:00:00,MLO,1.7
2024-09-24 13:00:00,MLO,2.0
2024-09-24 14:00:00,MLO,2.4
2024-09-24 15:00:00,MLO,2.2
2024-09-24 16:00:00,MLO,2.3
2024-09-24 17:00:00,MLO,0.4
2024-09-24 18:00:00,MLO,2.7
2024-09-24 19:00:00,MLO,3.3
2024-09-24 20:00:00,MLO,4.3
2024-09-24 21:00:00,MLO,4.5
2024-09-24 22:00:00,MLO,4.7
2024-09-24 23:00:00,MLO,4.0
2024-09-25 00:00:00,MLO,4.1
2024-09-25 01:00:00,MLO,4.7
2024-09-25 02:00:00,MLO,4.2
2024-09-25 03:00:00,MLO,2.9
2024-09-25 04:00:00,MLO,2.4
2024-09-25 05:00:00,MLO,3.1
2024-09-25 06:00:00,MLO,3.4
2024-09-25 07:00:00,MLO,4.7
2024-09-25 08:00:00,MLO,1.4
2024-09-25 09:00:00,MLO,3.8
2024-09-25 10:00:00,MLO,2.5
2024-09-25 11:00:00,MLO,0.6
2024-09-25 12:00:00,MLO,4.8
2024-09-25 13:00:00,MLO,3.0
2024-09-25 14:00:00,MLO,4.9
2024-09-25 15:00:00,MLO,2.0
2024-09-25 16:00:00,MLO,1.1
2024-09-25 17:00:00,MLO,0.6
2024-09-25 18:00:00,MLO,1.4
2024-09-25 19:00:00,MLO,2.0
2024-09-25 20:00:00,MLO,3.1
2024-09-25 21:00:00,MLO,3.6
2024-09-25 22:00:00,MLO,4.3
2024-09-25 23:00:00,MLO,4.9
2024-09-26 00:00:00,MLO,4.5
2024-09-26 01:00:00,MLO,3.4
2024-09-26 02:00:00,MLO,2.9
2024-09-26 03:00:00,MLO,1.8
2024-09-26 04:00:00,MLO,0.8
2024-09-26 05:00:00,MLO,0.5
2024-09-26 06:00:00,MLO,1.0
2024-09-26 07:00:00,MLO,1.1
2024-09-26 08:00:00,MLO,1.5
2024-09-26 09:00:00,MLO,1.6
2024-09-26 10:00:00,MLO,2.0
2024-09-26 11:00:00,MLO,2.7
2024-09-26 12:00:00,MLO,3.2
2024-09-26 13:00:00,MLO,2.8
2024-09-26 14:00:00,MLO,3.3
2024-09-26 15:00:00,MLO,3.9
2024-09-26 16:00:00,MLO,2.4
2024-09-26 17:00:00,MLO,0.9
2024-09-26 18:00:00,MLO,2.0
2024-09-26 19:00:00,MLO,2.2
2024-09-26 20:00:00,MLO,2.4
2024-09-26 21:00:00,MLO,3.5
2024-09-26 22:00:00,MLO,3.3
2024-09-26 23:00:00,MLO,3.3
2024-09-27 00:00:00,MLO,3.3
2024-09-27 01:00:00,MLO,3.3
2024-09-27 02:00:00,MLO,2.8
2024-09-27 03:00:00,MLO,2.2
2024-09-27 04:00:00,MLO,1.1
2024-09-27 05:00:00,MLO,1.4
2024-09-27 06:00:00,MLO,2.7
2024-09-27 07:00:00,MLO,3.1
2024-09-27 08:00:00,MLO,4.0
2024-09-27 09:00:00,MLO,4.6
2024-09-27 10:00:00,MLO,4.6
2024-09-27 11:00:00,MLO,4.7
2024-09-27 12:00:00,MLO,5.6
2024-09-27 13:00:00,MLO,5.7
2024-09-27 14:00:00,MLO,5.5
2024-09-27 15:00:00,MLO,5.6
2024-09-27 16:00:00,MLO,5.1
2024-09-27 17:00:00,MLO,3.8
2024-09-27 18:00:00,MLO,2.5
2024-09-27 19:00:00,MLO,2.2
2024-09-27 20:00:00,MLO,2.8
2024-09-27 21:00:00,MLO,3.5
2024-09-27 22:00:00,MLO,3.5
2024-09-27 23:00:00,MLO,3.5
2024-09-28 00:00:00,MLO,3.8
2024-09-28 01:00:00,MLO,3.3
2024-09-28 02:00:00,MLO,3.1
2024-09-28 03:00:00,MLO,2.7
2024-09-28 04:00:00,MLO,2.8
2024-09-28 05:00:00,MLO,1.4
2024-09-28 06:00:00,MLO,3.4
2024-09-28 07:00:00,MLO,3.6
2024-09-28 08:00:00,MLO,4.4
2024-09-28 09:00:00,MLO,4.4
2024-09-28 10:00:00,MLO,3.9
2024-09-28 11:00:00,MLO,5.0
2024-09-28 12:00:00,MLO,5.8
2024-09-28 13:00:00,MLO,6.2
2024-09-28 14:00:00,MLO,0.3
2024-09-28 15:00:00,MLO,2.6
2024-09-28 16:00:00,MLO,7.3
2024-09-28 17:00:00,MLO,3.5
2024-09-28 18:00:00,MLO,1.4
2024-09-28 19:00:00,MLO,2.4
2024-09-28 20:00:00,MLO,2.9
2024-09-28 21:00:00,MLO,3.4
2024-09-28 22:00:00,MLO,4.5
2024-09-28 23:00:00,MLO,4.8
2024-09-29 00:00:00,MLO,5.2
2024-09-29 01:00:00,MLO,4.8
2024-09-29 02:00:00,MLO,3.9
2024-09-29 03:00:00,MLO,1.4
2024-09-29 04:00:00,MLO,1.1
2024-09-29 05:00:00,MLO,0.3
2024-09-29 06:00:00,MLO,3.3
2024-09-29 07:00:00,MLO,8.1
2024-09-29 08:00:00,MLO,8.3
2024-09-29 09:00:00,MLO,8.4
2024-09-29 10:00:00,MLO,7.2
2024-09-29 11:00:00,MLO,7.4
2024-09-29 12:00:00,MLO,10.2
2024-09-29 13:00:00,MLO,9.2
2024-09-29 14:00:00,MLO,6.9
2024-09-29 15:00:00,MLO,7.5
2024-09-29 16:00:00,MLO,7.6
2024-09-29 17:00:00,MLO,4.9
2024-09-29 18:00:00,MLO,4.6
2024-09-29 19:00:00,MLO,3.8
2024-09-29 20:00:00,MLO,5.4
2024-09-29 21:00:00,MLO,5.7
2024-09-29 22:00:00,MLO,5.9
2024-09-29 23:00:00,MLO,5.7
2024-09-30 00:00:00,MLO,5.0
2024-09-30 01:00:00,MLO,4.6
2024-09-30 02:00:00,MLO,4.8
2024-09-30 03:00:00,MLO,4.8
2024-09-30 04:00:00,MLO,5.0
2024-09-30 05:00:00,MLO,6.1
2024-09-30 06:00:00,MLO,5.4
2024-09-30 07:00:00,MLO,5.9
2024-09-30 08:00:00,MLO,5.3
2024-09-30 09:00:00,MLO,5.9
2024-09-30 10:00:00,MLO,7.1
2024-09-30 11:00:00,MLO,6.3
2024-09-30 12:00:00,MLO,6.4
2024-09-30 13:00:00,MLO,6.7
2024-09-30 14:00:00,MLO,5.7
2024-09-30 15:00:00,MLO,5.3
2024-09-30 16:00:00,MLO,5.5
2024-09-30 17:00:00,MLO,2.7
2024-09-30 18:00:00,MLO,1.5
2024-09-30 19:00:00,MLO,2.5
2024-09-30 20:00:00,MLO,3.6
2024-09-30 21:00:00,MLO,7.9
2024-09-30 22:00:00,MLO,6.8
2024-09-30 23:00:00,MLO,5.8
2024-10-01 00:00:00,MLO,5.2
2024-10-01 01:00:00,MLO,4.8
2024-10-01 02:00:00,MLO,6.3
2024-10-01 03:00:00,MLO,4.4
2024-10-01 04:00:00,MLO,2.0
2024-10-01 05:00:00,MLO,2.1
2024-10-01 06:00:00,MLO,2.2
2024-10-01 07:00:00,MLO,2.9
2024-10-01 08:00:00,MLO,2.8
2024-10-01 09:00:00,MLO,2.6
2024-10-01 10:00:00,MLO,2.7
2024-10-01 11:00:00,MLO,3.7
2024-10-01 12:00:00,MLO,5.0
2024-10-01 13:00:00,MLO,6.1
2024-10-01 14:00:00,MLO,5.5
2024-10-01 15:00:00,MLO,3.0
2024-10-01 16:00:00,MLO,3.2
2024-10-01 17:00:00,MLO,0.1
2024-10-01 18:00:00,MLO,0.8
2024-10-01 19:00:00,MLO,1.9
2024-10-01 20:00:00,MLO,3.2
2024-10-01 21:00:00,MLO,3.7
2024-10-01 22:00:00,MLO,4.7
2024-10-01 23:00:00,MLO,5.9
2024-10-02 00:00:00,MLO,4.3
2024-10-02 01:00:00,MLO,5.4
2024-10-02 02:00:00,MLO,3.2
2024-10-02 03:00:00,MLO,1.9
2024-10-02 04:00:00,MLO,0.6
2024-10-02 05:00:00,MLO,0.3
2024-10-02 06:00:00,MLO,0.6
2024-10-02 07:00:00,MLO,1.7
2024-10-02 08:00:00,MLO,1.5
2024-10-02 09:00:00,MLO,1.5
2024-10-02 10:00:00,MLO,1.3
2024-10-02 11:00:00,MLO,2.4
2024-10-02 12:00:00,MLO,1.6
2024-10-02 13:00:00,MLO,1.3
2024-10-02 14:00:00,MLO,1.9
2024-10-02 15:00:00,MLO,2.3
2024-10-02 16:00:00,MLO,2.4
2024-10-02 17:00:00,MLO,1.4
2024-10-02 18:00:00,MLO,1.4
2024-10-02 19:00:00,MLO,2.2
2024-10-02 20:00:00,MLO,3.1
2024-10-02 21:00:00,MLO,3.1
2024-10-02 22:00:00,MLO,4.2
2024-10-02 23:00:00,MLO,4.2
2024-10-03 00:00:00,MLO,4.3
2024-10-03 01:00:00,MLO,3.2
2024-10-03 02:00:00,MLO,3.5
2024-10-03 03:00:00,MLO,3.5
2024-10-03 04:00:00,MLO,2.1
2024-10-03 05:00:00,MLO,2.5
2024-10-03 06:00:00,MLO,3.3
2024-10-03 07:00:00,MLO,3.5
2024-10-03 08:00:00,MLO,4.1
2024-10-03 09:00:00,MLO,3.3
2024-10-03 10:00:00,MLO,3.4
2024-10-03 11:00:00,MLO,3.7
2024-10-03 12:00:00,MLO,3.0
2024-10-03 13:00:00,MLO,3.5
2024-10-03 14:00:00,MLO,4.2
2024-10-03 15:00:00,MLO,4.1
2024-10-03 16:00:00,MLO,4.7
2024-10-03 17:00:00,MLO,3.0
2024-10-03 18:00:00,MLO,3.4
2024-10-03 19:00:00,MLO,4.1
2024-10-03 20:00:00,MLO,4.2
2024-10-03 21:00:00,MLO,4.8
2024-10-03 22:00:00,MLO,4.3
2024-10-03 23:00:00,MLO,4.4
2024-10-04 00:00:00,MLO,4.1
2024-10-04 01:00:00,MLO,3.8
2024-10-04 02:00:00,MLO,3.8
2024-10-04 03:00:00,MLO,3.7
2024-10-04 04:00:00,MLO,3.2
2024-10-04 05:00:00,MLO,3.1
2024-10-04 06:00:00,MLO,4.1
2024-10-04 07:00:00,MLO,5.1
2024-10-04 08:00:00,MLO,5.0
2024-10-04 09:00:00,MLO,4.6
2024-10-04 10:00:00,MLO,4.9
2024-10-04 11:00:00,MLO,4.6
2024-10-04 12:00:00,MLO,2.8
2024-10-04 13:00:00,MLO,3.1
2024-10-04 14:00:00,MLO,2.6
2024-10-04 15:00:00,MLO,2.3
2024-10-04 16:00:00,MLO,3.2
2024-10-04 17:00:00,MLO,2.1
2024-10-04 18:00:00,MLO,1.5
2024-10-04 19:00:00,MLO,2.1
2024-10-04 20:00:00,MLO,3.1
2024-10-04 21:00:00,MLO,3.3
2024-10-04 22:00:00,MLO,3.8
2024-10-04 23:00:00,MLO,3.8
2024-10-05 00:00:00,MLO,3.6
2024-10-05 01:00:00,MLO,3.2
2024-10-05 02:00:00,MLO,2.9
2024-10-05 03:00:00,MLO,1.9
2024-10-05 04:00:00,MLO,1.2
2024-10-05 05:00:00,MLO,0.1
2024-10-05 06:00:00,MLO,0.5
2024-10-05 07:00:00,MLO,1.5
2024-10-05 08:00:00,MLO,1.3
2024-10-05 09:00:00,MLO,1.9
2024-10-05 10:00:00,MLO,1.9
2024-10-05 11:00:00,MLO,1.8
2024-10-05 12:00:00,MLO,1.4
2024-10-05 13:00:00,MLO,2.5
2024-10-05 14:00:00,MLO,2.4
2024-10-05 15:00:00,MLO,3.6
2024-10-05 16:00:00,MLO,1.8
2024-10-05 17:00:00,MLO,1.6
2024-10-05 18:00:00,MLO,0.8
2024-10-05 19:00:00,MLO,2.1
2024-10-05 20:00:00,MLO,3.1
2024-10-05 21:00:00,MLO,2.6
2024-10-05 22:00:00,MLO,3.6
2024-10-05 23:00:00,MLO,3.4
2024-10-06 00:00:00,MLO,3.7
2024-10-06 01:00:00,MLO,4.0
2024-10-06 02:00:00,MLO,1.9
2024-10-06 03:00:00,MLO,0.7
2024-10-06 04:00:00,MLO,1.5
2024-10-06 05:00:00,MLO,2.4
2024-10-06 06:00:00,MLO,1.5
2024-10-06 07:00:00,MLO,4.1
2024-10-06 08:00:00,MLO,2.7
2024-10-06 09:00:00,MLO,5.1
2024-10-06 10:00:00,MLO,6.9
2024-10-06 11:00:00,MLO,5.6
2024-10-06 12:00:00,MLO,5.2
2024-10-06 13:00:00,MLO,4.8
2024-10-06 14:00:00,MLO,5.0
2024-10-06 15:00:00,MLO,5.4
2024-10-06 16:00:00,MLO,4.4
2024-10-06 17:00:00,MLO,1.3
2024-10-06 18:00:00,MLO,1.9
2024-10-06 19:00:00,MLO,2.5
2024-10-06 20:00:00,MLO,3.5
2024-10-06 21:00:00,MLO,3.7
2024-10-06 22:00:00,MLO,3.8
2024-10-06 23:00:00,MLO,4.4
2024-10-07 00:00:00,MLO,4.6
2024-10-07 01:00:00,MLO,5.6
2024-10-07 02:00:00,MLO,3.4
2024-10-07 03:00:00,MLO,2.0
2024-10-07 04:00:00,MLO,3.2
2024-10-07 05:00:00,MLO,3.6
2024-10-07 06:00:00,MLO,2.6
2024-10-07 07:00:00,MLO,2.2
2024-10-07 08:00:00,MLO,1.9
2024-10-07 09:00:00,MLO,1.9
2024-10-07 10:00:00,MLO,1.8
2024-10-07 11:00:00,MLO,1.8
2024-10-07 12:00:00,MLO,1.7
2024-10-07 13:00:00,MLO,3.6
2024-10-07 14:00:00,MLO,3.5
2024-10-07 15:00:00,MLO,5.3
2024-10-07 16:00:00,MLO,4.8
2024-10-07 17:00:00,MLO,1.2
2024-10-07 18:00:00,MLO,1.1
2024-10-07 19:00:00,MLO,2.5
2024-10-07 20:00:00,MLO,3.0
2024-10-07 21:00:00,MLO,3.3
2024-10-07 22:00:00,MLO,4.1
2024-10-07 23:00:00,MLO,3.7
2024-10-08 00:00:00,MLO,3.4
2024-10-08 01:00:00,MLO,2.9
2024-10-08 02:00:00,MLO,2.9
2024-10-08 03:00:00,MLO,1.6
2024-10-08 04:00:00,MLO,0.5
2024-10-08 05:00:00,MLO,0.5
2024-10-08 06:00:00,MLO,1.6
2024-10-08 07:00:00,MLO,2.7
2024-10-08 08:00:00,MLO,3.7
2024-10-08 09:00:00,MLO,5.0
2024-10-08 10:00:00,MLO,4.8
2024-10-08 11:00:00,MLO,4.2
2024-10-08 12:00:00,MLO,3.2
2024-10-08 13:00:00,MLO,3.8
2024-10-08 14:00:00,MLO,3.7
2024-10-08 15:00:00,MLO,4.3
2024-10-08 16:00:00,MLO,3.1
2024-10-08 17:00:00,MLO,1.9
2024-10-08 18:00:00,MLO,0.6
2024-10-08 19:00:00,MLO,1.7
2024-10-08 20:00:00,MLO,3.4
2024-10-08 21:00:00,MLO,3.8
2024-10-08 22:00:00,MLO,3.9
2024-10-08 23:00:00,MLO,3.8
2024-10-09 00:00:00,MLO,3.3
2024-10-09 01:00:00,MLO,2.3
2024-10-09 02:00:00,MLO,2.0
2024-10-09 03:00:00,MLO,1.5
2024-10-09 04:00:00,MLO,0.4
2024-10-09 05:00:00,MLO,0.4
2024-10-09 06:00:00,MLO,2.0
2024-10-09 07:00:00,MLO,2.8
2024-10-09 08:00:00,MLO,3.4
2024-10-09 09:00:00,MLO,3.2
2024-10-09 10:00:00,MLO,3.0
2024-10-09 11:00:00,MLO,2.7
2024-10-09 12:00:00,MLO,2.2
2024-10-09 13:00:00,MLO,2.7
2024-10-09 14:00:00,MLO,2.5
2024-10-09 15:00:00,MLO,3.0
2024-10-09 16:00:00,MLO,3.1
2024-10-09 17:00:00,MLO,1.1
2024-10-09 18:00:00,MLO,1.3
2024-10-09 19:00:00,MLO,2.7
2024-10-09 20:00:00,MLO,2.9
2024-10-09 21:00:00,MLO,3.7
2024-10-09 22:00:00,MLO,4.1
2024-10-09 23:00:00,MLO,4.8
2024-10-10 00:00:00,MLO,4.1
2024-10-10 01:00:00,MLO,4.3
2024-10-10 02:00:00,MLO,2.9
2024-10-10 03:00:00,MLO,1.5
2024-10-10 04:00:00,MLO,1.2
2024-10-10 05:00:00,MLO,0.6
2024-10-10 06:00:00,MLO,1.2
2024-10-10 07:00:00,MLO,1.4
2024-10-10 08:00:00,MLO,2.2
2024-10-10 09:00:00,MLO,2.9
2024-10-10 10:00:00,MLO,2.6
2024-10-10 11:00:00,MLO,2.1
2024-10-10 12:00:00,MLO,1.8
2024-10-10 13:00:00,MLO,2.4
2024-10-10 14:00:00,MLO,2.1
2024-10-10 15:00:00,MLO,2.1
2024-10-10 16:00:00,MLO,2.7
2024-10-10 17:00:00,MLO,2.0
2024-10-10 18:00:00,MLO,1.7
2024-10-10 19:00:00,MLO,2.7
2024-10-10 20:00:00,MLO,3.8
2024-10-10 21:00:00,MLO,3.6
2024-10-10 22:00:00,MLO,2.9
2024-10-10 23:00:00,MLO,2.8
2024-10-11 00:00:00,MLO,2.3
2024-10-11 01:00:00,MLO,2.9
2024-10-11 02:00:00,MLO,1.5
2024-10-11 03:00:00,MLO,0.3
2024-10-11 04:00:00,MLO,1.0
2024-10-11 05:00:00,MLO,1.5
2024-10-11 06:00:00,MLO,1.7
2024-10-11 07:00:00,MLO,2.0
2024-10-11 08:00:00,MLO,2.9
2024-10-11 09:00:00,MLO,2.6
2024-10-11 10:00:00,MLO,3.5
2024-10-11 11:00:00,MLO,4.1
2024-10-11 12:00:00,MLO,3.3
2024-10-11 13:00:00,MLO,3.4
2024-10-11 14:00:00,MLO,3.6
2024-10-11 15:00:00,MLO,3.9
2024-10-11 16:00:00,MLO,4.3
2024-10-11 17:00:00,MLO,3.8
2024-10-11 18:00:00,MLO,2.5
2024-10-11 19:00:00,MLO,2.4
2024-10-11 20:00:00,MLO,2.5
2024-10-11 21:00:00,MLO,3.1
2024-10-11 22:00:00,MLO,3.2
2024-10-11 23:00:00,MLO,3.3
2024-10-12 00:00:00,MLO,2.9
2024-10-12 01:00:00,MLO,2.4
2024-10-12 02:00:00,MLO,2.0
2024-10-12 03:00:00,MLO,1.2
2024-10-12 04:00:00,MLO,0.3
2024-10-12 05:00:00,MLO,2.2
2024-10-12 06:00:00,MLO,3.1
2024-10-12 07:00:00,MLO,3.5
2024-10-12 08:00:00,MLO,3.3
2024-10-12 09:00:00,MLO,3.4
2024-10-12 10:00:00,MLO,4.7
2024-10-12 11:00:00,MLO,4.7
2024-10-12 12:00:00,MLO,5.1
2024-10-12 13:00:00,MLO,5.0
2024-10-12 14:00:00,MLO,4.8
2024-10-12 15:00:00,MLO,5.1
2024-10-12 16:00:00,MLO,4.7
2024-10-12 17:00:00,MLO,3.0
2024-10-12 18:00:00,MLO,2.3
2024-10-12 19:00:00,MLO,2.1
2024-10-12 20:00:00,MLO,2.3
2024-10-12 21:00:00,MLO,2.8
2024-10-12 22:00:00,MLO,3.6
2024-10-12 23:00:00,MLO,3.4
2024-10-13 00:00:00,MLO,3.5
2024-10-13 01:00:00,MLO,3.3
2024-10-13 02:00:00,MLO,3.1
2024-10-13 03:00:00,MLO,2.4
2024-10-13 04:00:00,MLO,1.8
2024-10-13 05:00:00,MLO,1.8
2024-10-13 06:00:00,MLO,3.0
2024-10-13 07:00:00,MLO,2.9
2024-10-13 08:00:00,MLO,3.6
2024-10-13 09:00:00,MLO,3.2
2024-10-13 10:00:00,MLO,3.6
2024-10-13 11:00:00,MLO,3.4
2024-10-13 12:00:00,MLO,3.4
2024-10-13 13:00:00,MLO,3.6
2024-10-13 14:00:00,MLO,3.0
2024-10-13 15:00:00,MLO,2.0
2024-10-13 16:00:00,MLO,2.6
2024-10-13 17:00:00,MLO,2.4
2024-10-13 18:00:00,MLO,1.9
2024-10-13 19:00:00,MLO,3.9
2024-10-13 20:00:00,MLO,4.1
2024-10-13 21:00:00,MLO,4.8
2024-10-13 22:00:00,MLO,4.2
2024-10-13 23:00:00,MLO,4.5
2024-10-14 00:00:00,MLO,4.4
2024-10-14 01:00:00,MLO,4.3
2024-10-14 02:00:00,MLO,3.8
2024-10-14 03:00:00,MLO,2.8
2024-10-14 04:00:00,MLO,1.6
2024-10-14 05:00:00,MLO,2.5
2024-10-14 06:00:00,MLO,2.4
2024-10-14 07:00:00,MLO,3.1
2024-10-14 08:00:00,MLO,2.9
2024-10-14 09:00:00,MLO,4.9
2024-10-14 10:00:00,MLO,3.9
2024-10-14 11:00:00,MLO,3.1
2024-10-14 12:00:00,MLO,2.1
2024-10-14 13:00:00,MLO,1.8
2024-10-14 14:00:00,MLO,3.0
2024-10-14 15:00:00,MLO,2.3
2024-10-14 16:00:00,MLO,2.7
2024-10-14 17:00:00,MLO,0.8
2024-10-14 18:00:00,MLO,1.2
2024-10-14 19:00:00,MLO,2.3
2024-10-14 20:00:00,MLO,3.0
2024-10-14 21:00:00,MLO,3.6
2024-10-14 22:00:00,MLO,3.2
2024-10-14 23:00:00,MLO,3.7
2024-10-15 00:00:00,MLO,3.6
2024-10-15 01:00:00,MLO,2.4
2024-10-15 02:00:00,MLO,2.6
2024-10-15 03:00:00,MLO,2.4
2024-10-15 04:00:00,MLO,2.3
2024-10-15 05:00:00,MLO,3.3
2024-10-15 06:00:00,MLO,4.7
2024-10-15 07:00:00,MLO,6.2
2024-10-15 08:00:00,MLO,5.0
2024-10-15 09:00:00,MLO,4.0
2024-10-15 10:00:00,MLO,7.8
2024-10-15 11:00:00,MLO,6.7
2024-10-15 12:00:00,MLO,7.3
2024-10-15 13:00:00,MLO,8.3
2024-10-15 14:00:00,MLO,7.4
2024-10-15 15:00:00,MLO,8.0
2024-10-15 16:00:00,MLO,7.5
2024-10-15 17:00:00,MLO,7.6
2024-10-15 18:00:00,MLO,8.4
2024-10-15 19:00:00,MLO,9.2
2024-10-15 20:00:00,MLO,10.0
2024-10-15 21:00:00,MLO,10.1
2024-10-15 22:00:00,MLO,10.9
2024-10-15 23:00:00,MLO,10.0
2024-10-16 00:00:00,MLO,11.3
2024-10-16 01:00:00,MLO,11.8
2024-10-16 02:00:00,MLO,11.9
2024-10-16 03:00:00,MLO,11.9
2024-10-16 04:00:00,MLO,12.1
2024-10-16 05:00:00,MLO,12.0
2024-10-16 06:00:00,MLO,11.7
2024-10-16 07:00:00,MLO,11.4
2024-10-16 08:00:00,MLO,10.9
2024-10-16 09:00:00,MLO,10.8
2024-10-16 10:00:00,MLO,11.1
2024-10-16 11:00:00,MLO,10.6
2024-10-16 12:00:00,MLO,9.4
2024-10-16 13:00:00,MLO,10.0
2024-10-16 14:00:00,MLO,9.5
2024-10-16 15:00:00,MLO,10.4
2024-10-16 16:00:00,MLO,10.4
2024-10-16 17:00:00,MLO,9.2
2024-10-16 18:00:00,MLO,7.6
2024-10-16 19:00:00,MLO,7.0
2024-10-16 20:00:00,MLO,4.6
2024-10-16 21:00:00,MLO,2.0
2024-10-16 22:00:00,MLO,3.9
2024-10-16 23:00:00,MLO,3.4
2024-10-17 00:00:00,MLO,3.4
2024-10-17 01:00:00,MLO,2.9
2024-10-17 02:00:00,MLO,2.8
2024-10-17 03:00:00,MLO,0.9
2024-10-17 04:00:00,MLO,0.7
2024-10-17 05:00:00,MLO,1.0
2024-10-17 06:00:00,MLO,2.5
2024-10-17 07:00:00,MLO,4.4
2024-10-17 08:00:00,MLO,5.2
2024-10-17 09:00:00,MLO,3.7
2024-10-17 10:00:00,MLO,3.8
2024-10-17 11:00:00,MLO,3.0
2024-10-17 12:00:00,MLO,2.1
2024-10-17 13:00:00,MLO,2.4
2024-10-17 14:00:00,MLO,2.4
2024-10-17 15:00:00,MLO,2.3
2024-10-17 16:00:00,MLO,2.3
2024-10-17 17:00:00,MLO,2.7
2024-10-17 18:00:00,MLO,3.5
2024-10-17 19:00:00,MLO,3.4
2024-10-17 20:00:00,MLO,3.8
2024-10-17 21:00:00,MLO,4.0
2024-10-17 22:00:00,MLO,3.7
2024-10-17 23:00:00,MLO,4.7
2024-10-18 00:00:00,MLO,4.7
2024-10-18 01:00:00,MLO,3.3
2024-10-18 02:00:00,MLO,2.8
2024-10-18 03:00:00,MLO,1.6
2024-10-18 04:00:00,MLO,1.9
2024-10-18 05:00:00,MLO,2.6
2024-10-18 06:00:00,MLO,2.7
2024-10-18 07:00:00,MLO,3.0
2024-10-18 08:00:00,MLO,3.5
2024-10-18 09:00:00,MLO,3.6
2024-10-18 10:00:00,MLO,3.6
2024-10-18 11:00:00,MLO,4.0
2024-10-18 12:00:00,MLO,4.1
2024-10-18 13:00:00,MLO,4.1
2024-10-18 14:00:00,MLO,3.6
2024-10-18 15:00:00,MLO,3.5
2024-10-18 16:00:00,MLO,3.3
2024-10-18 17:00:00,MLO,1.5
2024-10-18 18:00:00,MLO,0.9
2024-10-18 19:00:00,MLO,1.9
2024-10-18 20:00:00,MLO,3.0
2024-10-18 21:00:00,MLO,3.7
2024-10-18 22:00:00,MLO,3.6
2024-10-18 23:00:00,MLO,4.4
2024-10-19 00:00:00,MLO,4.2
2024-10-19 01:00:00,MLO,4.4
2024-10-19 02:00:00,MLO,2.6
2024-10-19 03:00:00,MLO,1.8
2024-10-19 04:00:00,MLO,1.5
2024-10-19 05:00:00,MLO,0.1
2024-10-19 06:00:00,MLO,1.0
2024-10-19 07:00:00,MLO,1.8
2024-10-19 08:00:00,MLO,2.2
2024-10-19 09:00:00,MLO,1.3
2024-10-19 10:00:00,MLO,2.5
2024-10-19 11:00:00,MLO,3.1
2024-10-19 12:00:00,MLO,2.5
2024-10-19 13:00:00,MLO,2.5
2024-10-19 14:00:00,MLO,2.2
2024-10-19 15:00:00,MLO,1.8
2024-10-19 16:00:00,MLO,2.1
2024-10-19 17:00:00,MLO,1.1
2024-10-19 18:00:00,MLO,1.1
2024-10-19 19:00:00,MLO,2.0
2024-10-19 20:00:00,MLO,2.6
2024-10-19 21:00:00,MLO,3.4
2024-10-19 22:00:00,MLO,3.7
2024-10-19 23:00:00,MLO,3.8
2024-10-20 00:00:00,MLO,4.0
2024-10-20 01:00:00,MLO,3.0
2024-10-20 02:00:00,MLO,3.1
2024-10-20 03:00:00,MLO,2.4
2024-10-20 04:00:00,MLO,1.5
2024-10-20 05:00:00,MLO,1.7
2024-10-20 06:00:00,MLO,2.6
2024-10-20 07:00:00,MLO,2.9
2024-10-20 08:00:00,MLO,3.7
2024-10-20 09:00:00,MLO,3.5
2024-10-20 10:00:00,MLO,3.2
2024-10-20 11:00:00,MLO,4.2
2024-10-20 12:00:00,MLO,6.4
2024-10-20 13:00:00,MLO,6.8
2024-10-20 14:00:00,MLO,6.6
2024-10-20 15:00:00,MLO,7.4
2024-10-20 16:00:00,MLO,6.5
2024-10-20 17:00:00,MLO,4.0
2024-10-20 18:00:00,MLO,2.1
2024-10-20 19:00:00,MLO,2.9
2024-10-20 20:00:00,MLO,3.4
2024-10-20 21:00:00,MLO,5.3
2024-10-20 22:00:00,MLO,4.8
2024-10-20 23:00:00,MLO,5.7
2024-10-21 00:00:00,MLO,5.6
2024-10-21 01:00:00,MLO,5.1
2024-10-21 02:00:00,MLO,4.7
2024-10-21 03:00:00,MLO,4.3
2024-10-21 04:00:00,MLO,3.5
2024-10-21 05:00:00,MLO,3.8
2024-10-21 06:00:00,MLO,3.9
2024-10-21 07:00:00,MLO,3.4
2024-10-21 08:00:00,MLO,3.5
2024-10-21 09:00:00,MLO,3.9
2024-10-21 10:00:00,MLO,3.8
2024-10-21 11:00:00,MLO,1.8
2024-10-21 12:00:00,MLO,3.2
2024-10-21 13:00:00,MLO,4.3
2024-10-21 14:00:00,MLO,1.3
2024-10-21 15:00:00,MLO,2.9
2024-10-21 16:00:00,MLO,1.7
2024-10-21 17:00:00,MLO,0.2
2024-10-21 18:00:00,MLO,1.5
2024-10-21 19:00:00,MLO,3.1
2024-10-21 20:00:00,MLO,5.3
2024-10-21 21:00:00,MLO,4.9
2024-10-21 22:00:00,MLO,5.8
2024-10-21 23:00:00,MLO,4.5
2024-10-22 00:00:00,MLO,4.5
2024-10-22 01:00:00,MLO,3.6
2024-10-22 02:00:00,MLO,3.3
2024-10-22 03:00:00,MLO,1.9
2024-10-22 04:00:00,MLO,0.5
2024-10-22 05:00:00,MLO,1.4
2024-10-22 06:00:00,MLO,1.0
2024-10-22 07:00:00,MLO,1.3
2024-10-22 08:00:00,MLO,1.3
2024-10-22 09:00:00,MLO,1.5
2024-10-22 10:00:00,MLO,2.4
2024-10-22 11:00:00,MLO,3.1
2024-10-22 12:00:00,MLO,3.2
2024-10-22 13:00:00,MLO,2.8
2024-10-22 14:00:00,MLO,3.6
2024-10-22 15:00:00,MLO,2.1
2024-10-22 16:00:00,MLO,2.4
2024-10-22 17:00:00,MLO,2.1
2024-10-22 18:00:00,MLO,1.9
2024-10-22 19:00:00,MLO,2.1
2024-10-22 20:00:00,MLO,3.4
2024-10-22 21:00:00,MLO,3.8
2024-10-22 22:00:00,MLO,3.7
2024-10-22 23:00:00,MLO,4.1
2024-10-23 00:00:00,MLO,3.5
2024-10-23 01:00:00,MLO,3.3
2024-10-23 02:00:00,MLO,3.4
2024-10-23 03:00:00,MLO,2.3
2024-10-23 04:00:00,MLO,1.2
2024-10-23 05:00:00,MLO,2.5
2024-10-23 06:00:00,MLO,3.0
2024-10-23 07:00:00,MLO,3.2
2024-10-23 08:00:00,MLO,2.9
2024-10-23 09:00:00,MLO,2.5
2024-10-23 10:00:00,MLO,2.6
2024-10-23 11:00:00,MLO,3.4
2024-10-23 12:00:00,MLO,3.4
2024-10-23 13:00:00,MLO,3.6
2024-10-23 14:00:00,MLO,3.9
2024-10-23 15:00:00,MLO,3.9
2024-10-23 16:00:00,MLO,4.2
2024-10-23 17:00:00,MLO,2.2
2024-10-23 18:00:00,MLO,1.5
2024-10-23 19:00:00,MLO,1.8
2024-10-23 20:00:00,MLO,2.5
2024-10-23 21:00:00,MLO,3.2
2024-10-23 22:00:00,MLO,3.4
2024-10-23 23:00:00,MLO,4.1
2024-10-24 00:00:00,MLO,4.0
2024-10-24 01:00:00,MLO,3.1
2024-10-24 02:00:00,MLO,2.3
2024-10-24 03:00:00,MLO,1.6
2024-10-24 04:00:00,MLO,1.8
2024-10-24 05:00:00,MLO,0.8
2024-10-24 06:00:00,MLO,1.9
2024-10-24 07:00:00,MLO,1.5
2024-10-24 08:00:00,MLO,1.5
2024-10-24 09:00:00,MLO,1.4
2024-10-24 10:00:00,MLO,1.7
2024-10-24 11:00:00,MLO,2.3
2024-10-24 12:00:00,MLO,2.4
2024-10-24 13:00:00,MLO,1.5
2024-10-24 14:00:00,MLO,2.3
2024-10-24 15:00:00,MLO,2.0
2024-10-24 16:00:00,MLO,2.6
2024-10-24 17:00:00,MLO,2.3
2024-10-24 18:00:00,MLO,2.6
2024-10-24 19:00:00,MLO,4.4
2024-10-24 20:00:00,MLO,5.3
2024-10-24 21:00:00,MLO,4.0
2024-10-24 22:00:00,MLO,4.3
2024-10-24 23:00:00,MLO,4.4
2024-10-25 00:00:00,MLO,4.6
2024-10-25 01:00:00,MLO,3.9
2024-10-25 02:00:00,MLO,3.6
2024-10-25 03:00:00,MLO,2.4
2024-10-25 04:00:00,MLO,0.2
2024-10-25 05:00:00,MLO,1.6
2024-10-25 06:00:00,MLO,1.1
2024-10-25 07:00:00,MLO,1.1
2024-10-25 08:00:00,MLO,1.9
2024-10-25 09:00:00,MLO,1.9
2024-10-25 10:00:00,MLO,1.6
2024-10-25 11:00:00,MLO,2.0
2024-10-25 12:00:00,MLO,1.7
2024-10-25 13:00:00,MLO,1.3
2024-10-25 14:00:00,MLO,2.4
2024-10-25 15:00:00,MLO,2.5
2024-10-25 16:00:00,MLO,2.3
2024-10-25 17:00:00,MLO,0.6
2024-10-25 18:00:00,MLO,1.5
2024-10-25 19:00:00,MLO,2.0
2024-10-25 20:00:00,MLO,3.4
2024-10-25 21:00:00,MLO,3.2
2024-10-25 22:00:00,MLO,4.0
2024-10-25 23:00:00,MLO,3.6
2024-10-26 00:00:00,MLO,3.5
2024-10-26 01:00:00,MLO,3.2
2024-10-26 02:00:00,MLO,2.9
2024-10-26 03:00:00,MLO,1.8
2024-10-26 04:00:00,MLO,4.0
2024-10-26 05:00:00,MLO,2.0
2024-10-26 06:00:00,MLO,2.9
2024-10-26 07:00:00,MLO,4.8
2024-10-26 08:00:00,MLO,3.8
2024-10-26 09:00:00,MLO,3.2
2024-10-26 10:00:00,MLO,3.7
2024-10-26 11:00:00,MLO,3.7
2024-10-26 12:00:00,MLO,3.1
2024-10-26 13:00:00,MLO,2.4
2024-10-26 14:00:00,MLO,3.4
2024-10-26 15:00:00,MLO,4.9
2024-10-26 16:00:00,MLO,2.6
2024-10-26 17:00:00,MLO,0.9
2024-10-26 18:00:00,MLO,1.0
2024-10-26 19:00:00,MLO,2.5
2024-10-26 20:00:00,MLO,2.8
2024-10-26 21:00:00,MLO,2.8
2024-10-26 22:00:00,MLO,2.7
2024-10-26 23:00:00,MLO,3.3
2024-10-27 00:00:00,MLO,4.1
2024-10-27 01:00:00,MLO,1.8
2024-10-27 02:00:00,MLO,1.1
2024-10-27 03:00:00,MLO,0.4
2024-10-27 04:00:00,MLO,1.0
2024-10-27 05:00:00,MLO,0.7
2024-10-27 06:00:00,MLO,0.5
2024-10-27 07:00:00,MLO,3.9
2024-10-27 08:00:00,MLO,1.6
2024-10-27 09:00:00,MLO,0.9
2024-10-27 10:00:00,MLO,3.7
2024-10-27 11:00:00,MLO,2.3
2024-10-27 12:00:00,MLO,1.8
2024-10-27 13:00:00,MLO,1.1
2024-10-27 14:00:00,MLO,1.6
2024-10-27 15:00:00,MLO,0.5
2024-10-27 16:00:00,MLO,2.3
2024-10-27 17:00:00,MLO,0.9
2024-10-27 18:00:00,MLO,4.6
2024-10-27 19:00:00,MLO,1.2
2024-10-27 20:00:00,MLO,3.5
2024-10-27 21:00:00,MLO,2.7
2024-10-27 22:00:00,MLO,0.4
2024-10-27 23:00:00,MLO,1.0
2024-10-28 00:00:00,MLO,2.1
2024-10-28 01:00:00,MLO,4.9
2024-10-28 02:00:00,MLO,9.5
2024-10-28 03:00:00,MLO,10.8
2024-10-28 04:00:00,MLO,11.1
2024-10-28 05:00:00,MLO,11.5
2024-10-28 06:00:00,MLO,11.8
2024-10-28 07:00:00,MLO,12.6
2024-10-28 08:00:00,MLO,12.9
2024-10-28 09:00:00,MLO,9.2
2024-10-28 10:00:00,MLO,7.8
2024-10-28 11:00:00,MLO,10.0
2024-10-28 12:00:00,MLO,9.2
2024-10-28 13:00:00,MLO,1.9
2024-10-28 14:00:00,MLO,2.2
2024-10-28 15:00:00,MLO,10.2
2024-10-28 16:00:00,MLO,11.6
2024-10-28 17:00:00,MLO,12.9
2024-10-28 18:00:00,MLO,9.5
2024-10-28 19:00:00,MLO,7.1
2024-10-28 20:00:00,MLO,8.5
2024-10-28 21:00:00,MLO,9.7
2024-10-28 22:00:00,MLO,8.7
2024-10-28 23:00:00,MLO,8.5
2024-10-29 00:00:00,MLO,8.1
2024-10-29 01:00:00,MLO,8.0
2024-10-29 02:00:00,MLO,6.6
2024-10-29 03:00:00,MLO,8.8
2024-10-29 04:00:00,MLO,8.9
2024-10-29 05:00:00,MLO,6.8
2024-10-29 06:00:00,MLO,8.5
2024-10-29 07:00:00,MLO,7.9
2024-10-29 08:00:00,MLO,7.6
2024-10-29 09:00:00,MLO,7.2
2024-10-29 10:00:00,MLO,7.6
2024-10-29 11:00:00,MLO,7.0
2024-10-29 12:00:00,MLO,7.1
2024-10-29 13:00:00,MLO,7.1
2024-10-29 14:00:00,MLO,7.1
2024-10-29 15:00:00,MLO,6.9
2024-10-29 16:00:00,MLO,8.3
2024-10-29 17:00:00,MLO,7.8
2024-10-29 18:00:00,MLO,5.8
2024-10-29 19:00:00,MLO,5.4
2024-10-29 20:00:00,MLO,5.3
2024-10-29 21:00:00,MLO,4.7
2024-10-29 22:00:00,MLO,4.3
2024-10-29 23:00:00,MLO,5.1
2024-10-30 00:00:00,MLO,4.8
2024-10-30 01:00:00,MLO,4.6
2024-10-30 02:00:00,MLO,4.1
2024-10-30 03:00:00,MLO,5.0
2024-10-30 04:00:00,MLO,5.6
2024-10-30 05:00:00,MLO,6.3
2024-10-30 06:00:00,MLO,7.8
2024-10-30 07:00:00,MLO,8.5
2024-10-30 08:00:00,MLO,8.0
2024-10-30 09:00:00,MLO,9.7
2024-10-30 10:00:00,MLO,7.4
2024-10-30 11:00:00,MLO,3.8
2024-10-30 12:00:00,MLO,2.1
2024-10-30 13:00:00,MLO,1.9
2024-10-30 14:00:00,MLO,2.0
2024-10-30 15:00:00,MLO,1.8
2024-10-30 16:00:00,MLO,2.1
2024-10-30 17:00:00,MLO,1.0
2024-10-30 18:00:00,MLO,1.1
2024-10-30 19:00:00,MLO,1.6
2024-10-30 20:00:00,MLO,2.3
2024-10-30 21:00:00,MLO,3.0
2024-10-30 22:00:00,MLO,3.0
2024-10-30 23:00:00,MLO,3.6
2024-10-31 00:00:00,MLO,4.5
2024-10-31 01:00:00,MLO,4.6
2024-10-31 02:00:00,MLO,2.9
2024-10-31 03:00:00,MLO,2.4
2024-10-31 04:00:00,MLO,5.6
2024-10-31 05:00:00,MLO,6.5
2024-10-31 06:00:00,MLO,7.7
2024-10-31 07:00:00,MLO,7.6
2024-10-31 08:00:00,MLO,7.5
2024-10-31 09:00:00,MLO,3.1
2024-10-31 10:00:00,MLO,3.6
2024-10-31 11:00:00,MLO,1.4
2024-10-31 12:00:00,MLO,2.3
2024-10-31 13:00:00,MLO,9.6
2024-10-31 14:00:00,MLO,10.1
2024-10-31 15:00:00,MLO,8.8
2024-10-31 16:00:00,MLO,8.7
2024-10-31 17:00:00,MLO,7.9
2024-10-31 18:00:00,MLO,8.5
2024-10-31 19:00:00,MLO,7.7
2024-10-31 20:00:00,MLO,7.5
2024-10-31 21:00:00,MLO,7.9
2024-10-31 22:00:00,MLO,7.2
2024-10-31 23:00:00,MLO,8.2
2024-11-01 00:00:00,MLO,8.5
2024-11-01 01:00:00,MLO,8.1
2024-11-01 02:00:00,MLO,7.5
2024-11-01 03:00:00,MLO,7.4
2024-11-01 04:00:00,MLO,7.2
2024-11-01 05:00:00,MLO,9.1
2024-11-01 06:00:00,MLO,9.0
2024-11-01 07:00:00,MLO,9.6
2024-11-01 08:00:00,MLO,9.1
2024-11-01 09:00:00,MLO,5.2
2024-11-01 10:00:00,MLO,3.4
2024-11-01 11:00:00,MLO,4.9
2024-11-01 12:00:00,MLO,3.6
2024-11-01 13:00:00,MLO,1.9
2024-11-01 14:00:00,MLO,3.8
2024-11-01 15:00:00,MLO,7.1
2024-11-01 16:00:00,MLO,7.5
2024-11-01 17:00:00,MLO,5.3
2024-11-01 18:00:00,MLO,2.0
2024-11-01 19:00:00,MLO,0.8
2024-11-01 20:00:00,MLO,1.8
2024-11-01 21:00:00,MLO,4.3
2024-11-01 22:00:00,MLO,4.3
2024-11-01 23:00:00,MLO,5.4
2024-11-02 00:00:00,MLO,3.6
2024-11-02 01:00:00,MLO,3.9
2024-11-02 02:00:00,MLO,3.7
2024-11-02 03:00:00,MLO,1.4
2024-11-02 04:00:00,MLO,0.8
2024-11-02 05:00:00,MLO,0.9
2024-11-02 06:00:00,MLO,2.1
2024-11-02 07:00:00,MLO,3.0
2024-11-02 08:00:00,MLO,3.2
2024-11-02 09:00:00,MLO,3.2
2024-11-02 10:00:00,MLO,3.9
2024-11-02 11:00:00,MLO,4.1
2024-11-02 12:00:00,MLO,4.2
2024-11-02 13:00:00,MLO,3.9
2024-11-02 14:00:00,MLO,4.1
2024-11-02 15:00:00,MLO,4.1
2024-11-02 16:00:00,MLO,4.1
2024-11-02 17:00:00,MLO,4.2
2024-11-02 18:00:00,MLO,3.9
2024-11-02 19:00:00,MLO,4.0
2024-11-02 20:00:00,MLO,4.1
2024-11-02 21:00:00,MLO,4.5
2024-11-02 22:00:00,MLO,5.1
2024-11-02 23:00:00,MLO,4.9
2024-11-03 00:00:00,MLO,5.1
2024-11-03 01:00:00,MLO,5.2
2024-11-03 02:00:00,MLO,4.8
2024-11-03 03:00:00,MLO,3.9
2024-11-03 04:00:00,MLO,3.4
2024-11-03 05:00:00,MLO,3.5
2024-11-03 06:00:00,MLO,2.7
2024-11-03 07:00:00,MLO,2.6
2024-11-03 08:00:00,MLO,3.7
2024-11-03 09:00:00,MLO,2.4
2024-11-03 10:00:00,MLO,2.0
2024-11-03 11:00:00,MLO,3.4
2024-11-03 12:00:00,MLO,2.7
2024-11-03 13:00:00,MLO,2.9
2024-11-03 14:00:00,MLO,2.5
2024-11-03 15:00:00,MLO,3.4
2024-11-03 16:00:00,MLO,3.1
2024-11-03 17:00:00,MLO,2.2
2024-11-03 18:00:00,MLO,0.8
2024-11-03 19:00:00,MLO,1.4
2024-11-03 20:00:00,MLO,2.2
2024-11-03 21:00:00,MLO,2.5
2024-11-03 22:00:00,MLO,3.5
2024-11-03 23:00:00,MLO,3.7
2024-11-04 00:00:00,MLO,2.0
2024-11-04 01:00:00,MLO,1.7
2024-11-04 02:00:00,MLO,1.5
2024-11-04 03:00:00,MLO,2.1
2024-11-04 04:00:00,MLO,1.9
2024-11-04 05:00:00,MLO,3.9
2024-11-04 06:00:00,MLO,6.6
2024-11-04 07:00:00,MLO,7.8
2024-11-04 08:00:00,MLO,8.4
2024-11-04 09:00:00,MLO,8.7
2024-11-04 10:00:00,MLO,6.0
2024-11-04 11:00:00,MLO,3.7
2024-11-04 12:00:00,MLO,6.9
2024-11-04 13:00:00,MLO,9.1
2024-11-04 14:00:00,MLO,10.3
2024-11-04 15:00:00,MLO,11.9
2024-11-04 16:00:00,MLO,11.0
2024-11-04 17:00:00,MLO,5.6
2024-11-04 18:00:00,MLO,2.6
2024-11-04 19:00:00,MLO,7.9
2024-11-04 20:00:00,MLO,5.0
2024-11-04 21:00:00,MLO,3.0
2024-11-04 22:00:00,MLO,2.5
2024-11-04 23:00:00,MLO,1.8
2024-11-05 00:00:00,MLO,2.2
2024-11-05 01:00:00,MLO,4.8
2024-11-05 02:00:00,MLO,8.8
2024-11-05 03:00:00,MLO,7.9
2024-11-05 04:00:00,MLO,5.3
2024-11-05 05:00:00,MLO,6.2
2024-11-05 06:00:00,MLO,4.3
2024-11-05 07:00:00,MLO,4.7
2024-11-05 08:00:00,MLO,4.2
2024-11-05 09:00:00,MLO,5.0
2024-11-05 10:00:00,MLO,5.8
2024-11-05 11:00:00,MLO,5.9
2024-11-05 12:00:00,MLO,4.8
2024-11-05 13:00:00,MLO,5.3
2024-11-05 14:00:00,MLO,6.2
2024-11-05 15:00:00,MLO,2.9
2024-11-05 16:00:00,MLO,2.0
2024-11-05 17:00:00,MLO,1.9
2024-11-05 18:00:00,MLO,0.6
2024-11-05 19:00:00,MLO,1.5
2024-11-05 20:00:00,MLO,2.0
2024-11-05 21:00:00,MLO,2.3
2024-11-05 22:00:00,MLO,3.2
2024-11-05 23:00:00,MLO,3.1
2024-11-06 00:00:00,MLO,2.9
2024-11-06 01:00:00,MLO,2.5
2024-11-06 02:00:00,MLO,1.6
2024-11-06 03:00:00,MLO,1.9
2024-11-06 04:00:00,MLO,1.3
2024-11-06 05:00:00,MLO,0.7
2024-11-06 06:00:00,MLO,1.1
2024-11-06 07:00:00,MLO,1.4
2024-11-06 08:00:00,MLO,1.3
2024-11-06 09:00:00,MLO,1.7
2024-11-06 10:00:00,MLO,2.0
2024-11-06 11:00:00,MLO,2.0
2024-11-06 12:00:00,MLO,1.8
2024-11-06 13:00:00,MLO,1.7
2024-11-06 14:00:00,MLO,2.8
2024-11-06 15:00:00,MLO,4.9
2024-11-06 16:00:00,MLO,4.8
2024-11-06 17:00:00,MLO,4.9
2024-11-06 18:00:00,MLO,4.4
2024-11-06 19:00:00,MLO,2.9
2024-11-06 20:00:00,MLO,5.1
2024-11-06 21:00:00,MLO,5.8
2024-11-06 22:00:00,MLO,4.5
2024-11-06 23:00:00,MLO,2.5
2024-11-07 00:00:00,MLO,5.0
2024-11-07 01:00:00,MLO,4.8
2024-11-07 02:00:00,MLO,4.8
2024-11-07 03:00:00,MLO,4.6
2024-11-07 04:00:00,MLO,4.8
2024-11-07 05:00:00,MLO,5.4
2024-11-07 06:00:00,MLO,6.7
2024-11-07 07:00:00,MLO,7.1
2024-11-07 08:00:00,MLO,7.4
2024-11-07 09:00:00,MLO,8.1
2024-11-07 10:00:00,MLO,7.9
2024-11-07 11:00:00,MLO,6.0
2024-11-07 12:00:00,MLO,5.6
2024-11-07 13:00:00,MLO,6.1
2024-11-07 14:00:00,MLO,5.7
2024-11-07 15:00:00,MLO,6.0
2024-11-07 16:00:00,MLO,5.9
2024-11-07 17:00:00,MLO,5.6
2024-11-07 18:00:00,MLO,6.2
2024-11-07 19:00:00,MLO,7.0
2024-11-07 20:00:00,MLO,8.0
2024-11-07 21:00:00,MLO,6.7
2024-11-07 22:00:00,MLO,5.7
2024-11-07 23:00:00,MLO,5.2
2024-11-08 00:00:00,MLO,5.7
2024-11-08 01:00:00,MLO,5.5
2024-11-08 02:00:00,MLO,4.9
2024-11-08 03:00:00,MLO,4.0
2024-11-08 04:00:00,MLO,4.7
2024-11-08 05:00:00,MLO,5.0
2024-11-08 06:00:00,MLO,6.2
2024-11-08 07:00:00,MLO,6.9
2024-11-08 08:00:00,MLO,6.7
2024-11-08 09:00:00,MLO,6.8
2024-11-08 10:00:00,MLO,6.9
2024-11-08 11:00:00,MLO,7.0
2024-11-08 12:00:00,MLO,6.9
2024-11-08 13:00:00,MLO,6.9
2024-11-08 14:00:00,MLO,6.7
2024-11-08 15:00:00,MLO,7.2
2024-11-08 16:00:00,MLO,7.3
2024-11-08 17:00:00,MLO,6.9
2024-11-08 18:00:00,MLO,7.3
2024-11-08 19:00:00,MLO,7.3
2024-11-08 20:00:00,MLO,7.3
2024-11-08 21:00:00,MLO,6.7
2024-11-08 22:00:00,MLO,7.3
2024-11-08 23:00:00,MLO,7.3
2024-11-09 00:00:00,MLO,6.8
2024-11-09 01:00:00,MLO,5.8
2024-11-09 02:00:00,MLO,5.4
2024-11-09 03:00:00,MLO,4.7
2024-11-09 04:00:00,MLO,6.1
2024-11-09 05:00:00,MLO,6.2
2024-11-09 06:00:00,MLO,6.3
2024-11-09 07:00:00,MLO,7.5
2024-11-09 08:00:00,MLO,7.7
2024-11-09 09:00:00,MLO,7.0
2024-11-09 10:00:00,MLO,6.6
2024-11-09 11:00:00,MLO,5.6
2024-11-09 12:00:00,MLO,5.5
2024-11-09 13:00:00,MLO,5.3
2024-11-09 14:00:00,MLO,5.6
2024-11-09 15:00:00,MLO,5.7
2024-11-09 16:00:00,MLO,5.7
2024-11-09 17:00:00,MLO,6.1
2024-11-09 18:00:00,MLO,3.9
2024-11-09 19:00:00,MLO,4.5
2024-11-09 20:00:00,MLO,5.1
2024-11-09 21:00:00,MLO,5.6
2024-11-09 22:00:00,MLO,5.1
2024-11-09 23:00:00,MLO,5.5
2024-11-10 00:00:00,MLO,5.8
2024-11-10 01:00:00,MLO,5.4
2024-11-10 02:00:00,MLO,5.1
2024-11-10 03:00:00,MLO,4.2
2024-11-10 04:00:00,MLO,4.6
2024-11-10 05:00:00,MLO,5.1
2024-11-10 06:00:00,MLO,5.5
2024-11-10 07:00:00,MLO,6.0
2024-11-10 08:00:00,MLO,6.4
2024-11-10 09:00:00,MLO,7.1
2024-11-10 10:00:00,MLO,6.6
2024-11-10 11:00:00,MLO,7.7
2024-11-10 12:00:00,MLO,8.0
2024-11-10 13:00:00,MLO,8.2
2024-11-10 14:00:00,MLO,8.5
2024-11-10 15:00:00,MLO,8.1
2024-11-10 16:00:00,MLO,7.3
2024-11-10 17:00:00,MLO,5.4
2024-11-10 18:00:00,MLO,5.0
2024-11-10 19:00:00,MLO,6.3
2024-11-10 20:00:00,MLO,6.4
2024-11-10 21:00:00,MLO,5.9
2024-11-10 22:00:00,MLO,5.6
2024-11-10 23:00:00,MLO,5.2
2024-11-11 00:00:00,MLO,6.4
2024-11-11 01:00:00,MLO,7.1
2024-11-11 02:00:00,MLO,6.5
2024-11-11 03:00:00,MLO,6.4
2024-11-11 04:00:00,MLO,7.4
2024-11-11 05:00:00,MLO,8.7
2024-11-11 06:00:00,MLO,9.2
2024-11-11 07:00:00,MLO,9.1
2024-11-11 08:00:00,MLO,9.1
2024-11-11 09:00:00,MLO,9.2
2024-11-11 10:00:00,MLO,9.2
2024-11-11 11:00:00,MLO,9.2
2024-11-11 12:00:00,MLO,9.8
2024-11-11 13:00:00,MLO,9.7
2024-11-11 14:00:00,MLO,10.5
2024-11-11 15:00:00,MLO,10.4
2024-11-11 16:00:00,MLO,10.2
2024-11-11 17:00:00,MLO,10.4
2024-11-11 18:00:00,MLO,10.4
2024-11-11 19:00:00,MLO,9.8
2024-11-11 20:00:00,MLO,10.2
2024-11-11 21:00:00,MLO,9.9
2024-11-11 22:00:00,MLO,9.6
2024-11-11 23:00:00,MLO,10.3
2024-11-12 00:00:00,MLO,10.4
2024-11-12 01:00:00,MLO,9.6
2024-11-12 02:00:00,MLO,9.1
2024-11-12 03:00:00,MLO,8.8
2024-11-12 04:00:00,MLO,10.1
2024-11-12 05:00:00,MLO,10.2
2024-11-12 06:00:00,MLO,9.3
2024-11-12 07:00:00,MLO,10.9
2024-11-12 08:00:00,MLO,11.2
2024-11-12 09:00:00,MLO,12.5
2024-11-12 10:00:00,MLO,11.6
2024-11-12 11:00:00,MLO,8.5
2024-11-12 12:00:00,MLO,9.1
2024-11-12 13:00:00,MLO,10.2
2024-11-12 14:00:00,MLO,8.1
2024-11-12 15:00:00,MLO,8.3
2024-11-12 16:00:00,MLO,10.9
2024-11-12 17:00:00,MLO,11.7
2024-11-12 18:00:00,MLO,10.4
2024-11-12 19:00:00,MLO,9.2
2024-11-12 20:00:00,MLO,8.9
2024-11-12 21:00:00,MLO,7.5
2024-11-12 22:00:00,MLO,6.8
2024-11-12 23:00:00,MLO,7.0
2024-11-13 00:00:00,MLO,7.1
2024-11-13 01:00:00,MLO,8.0
2024-11-13 02:00:00,MLO,7.4
2024-11-13 03:00:00,MLO,8.0
2024-11-13 04:00:00,MLO,8.1
2024-11-13 05:00:00,MLO,8.8
2024-11-13 06:00:00,MLO,8.9
2024-11-13 07:00:00,MLO,9.0
2024-11-13 08:00:00,MLO,9.1
2024-11-13 09:00:00,MLO,9.2
2024-11-13 10:00:00,MLO,7.2
2024-11-13 11:00:00,MLO,7.3
2024-11-13 12:00:00,MLO,7.9
2024-11-13 13:00:00,MLO,8.3
2024-11-13 14:00:00,MLO,9.5
2024-11-13 15:00:00,MLO,8.1
2024-11-13 16:00:00,MLO,8.6
2024-11-13 17:00:00,MLO,9.6
2024-11-13 18:00:00,MLO,8.0
2024-11-13 19:00:00,MLO,8.2
2024-11-13 20:00:00,MLO,7.4
2024-11-13 21:00:00,MLO,7.5
2024-11-13 22:00:00,MLO,7.8
2024-11-13 23:00:00,MLO,8.3
2024-11-14 00:00:00,MLO,9.2
2024-11-14 01:00:00,MLO,10.7
2024-11-14 02:00:00,MLO,10.6
2024-11-14 03:00:00,MLO,11.2
2024-11-14 04:00:00,MLO,10.0
2024-11-14 05:00:00,MLO,9.9
2024-11-14 06:00:00,MLO,10.1
2024-11-14 07:00:00,MLO,10.4
2024-11-14 08:00:00,MLO,11.4
2024-11-14 09:00:00,MLO,12.5
2024-11-14 10:00:00,MLO,11.6
2024-11-14 11:00:00,MLO,10.7
2024-11-14 12:00:00,MLO,11.1
2024-11-14 13:00:00,MLO,11.9
2024-11-14 14:00:00,MLO,12.1
2024-11-14 15:00:00,MLO,12.1
2024-11-14 16:00:00,MLO,11.3
2024-11-14 17:00:00,MLO,12.2
2024-11-14 18:00:00,MLO,12.8
2024-11-14 19:00:00,MLO,12.2
2024-11-14 20:00:00,MLO,12.7
2024-11-14 21:00:00,MLO,12.5
2024-11-14 22:00:00,MLO,10.7
2024-11-14 23:00:00,MLO,10.4
2024-11-15 00:00:00,MLO,10.6
2024-11-15 01:00:00,MLO,10.6
2024-11-15 02:00:00,MLO,10.8
2024-11-15 03:00:00,MLO,10.8
2024-11-15 04:00:00,MLO,9.7
2024-11-15 05:00:00,MLO,9.7
2024-11-15 06:00:00,MLO,9.9
2024-11-15 07:00:00,MLO,10.3
2024-11-15 08:00:00,MLO,9.2
2024-11-15 09:00:00,MLO,8.7
2024-11-15 10:00:00,MLO,9.3
2024-11-15 11:00:00,MLO,10.6
2024-11-15 12:00:00,MLO,11.4
2024-11-15 13:00:00,MLO,11.7
2024-11-15 14:00:00,MLO,10.5
2024-11-15 15:00:00,MLO,10.8
2024-11-15 16:00:00,MLO,10.4
2024-11-15 17:00:00,MLO,10.0
2024-11-15 18:00:00,MLO,8.1
2024-11-15 19:00:00,MLO,7.4
2024-11-15 20:00:00,MLO,7.4
2024-11-15 21:00:00,MLO,6.1
2024-11-15 22:00:00,MLO,4.7
2024-11-15 23:00:00,MLO,2.1
2024-11-16 00:00:00,MLO,2.0
2024-11-16 01:00:00,MLO,4.0
2024-11-16 02:00:00,MLO,5.8
2024-11-16 03:00:00,MLO,7.2
2024-11-16 04:00:00,MLO,7.8
2024-11-16 05:00:00,MLO,8.4
2024-11-16 06:00:00,MLO,9.1
2024-11-16 07:00:00,MLO,9.2
2024-11-16 08:00:00,MLO,8.8
2024-11-16 09:00:00,MLO,9.1
2024-11-16 10:00:00,MLO,9.6
2024-11-16 11:00:00,MLO,10.4
2024-11-16 12:00:00,MLO,11.3
2024-11-16 13:00:00,MLO,11.3
2024-11-16 14:00:00,MLO,10.6
2024-11-16 15:00:00,MLO,11.0
2024-11-16 16:00:00,MLO,11.5
2024-11-16 17:00:00,MLO,11.5
2024-11-16 18:00:00,MLO,11.0
2024-11-16 19:00:00,MLO,9.4
2024-11-16 20:00:00,MLO,7.9
2024-11-16 21:00:00,MLO,7.8
2024-11-16 22:00:00,MLO,8.1
2024-11-16 23:00:00,MLO,8.2
2024-11-17 00:00:00,MLO,7.9
2024-11-17 01:00:00,MLO,7.4
2024-11-17 02:00:00,MLO,8.8
2024-11-17 03:00:00,MLO,8.1
2024-11-17 04:00:00,MLO,8.1
2024-11-17 05:00:00,MLO,8.0
2024-11-17 06:00:00,MLO,7.9
2024-11-17 07:00:00,MLO,8.2
2024-11-17 08:00:00,MLO,8.8
2024-11-17 09:00:00,MLO,8.5
2024-11-17 10:00:00,MLO,8.6
2024-11-17 11:00:00,MLO,9.1
2024-11-17 12:00:00,MLO,11.2
2024-11-17 13:00:00,MLO,11.4
2024-11-17 14:00:00,MLO,11.2
2024-11-17 15:00:00,MLO,11.0
2024-11-17 16:00:00,MLO,9.3
2024-11-17 17:00:00,MLO,10.2
2024-11-17 18:00:00,MLO,8.9
2024-11-17 19:00:00,MLO,7.5
2024-11-17 20:00:00,MLO,6.5
2024-11-17 21:00:00,MLO,5.9
2024-11-17 22:00:00,MLO,2.7
2024-11-17 23:00:00,MLO,2.9
2024-11-18 00:00:00,MLO,1.0
2024-11-18 01:00:00,MLO,5.6
2024-11-18 02:00:00,MLO,6.4
2024-11-18 03:00:00,MLO,7.1
2024-11-18 04:00:00,MLO,8.7
2024-11-18 05:00:00,MLO,11.6
2024-11-18 06:00:00,MLO,11.2
2024-11-18 07:00:00,MLO,12.1
2024-11-18 08:00:00,MLO,11.0
2024-11-18 09:00:00,MLO,11.2
2024-11-18 10:00:00,MLO,13.3
2024-11-18 11:00:00,MLO,13.0
2024-11-18 12:00:00,MLO,12.7
2024-11-18 13:00:00,MLO,12.6
2024-11-18 14:00:00,MLO,11.4
2024-11-18 15:00:00,MLO,11.1
2024-11-18 16:00:00,MLO,9.8
2024-11-18 17:00:00,MLO,9.6
2024-11-18 18:00:00,MLO,9.8
2024-11-18 19:00:00,MLO,8.2
2024-11-18 20:00:00,MLO,1.3
2024-11-18 21:00:00,MLO,2.7
2024-11-18 22:00:00,MLO,3.2
2024-11-18 23:00:00,MLO,3.8
2024-11-19 00:00:00,MLO,3.3
2024-11-19 01:00:00,MLO,0.7
2024-11-19 02:00:00,MLO,0.2
2024-11-19 03:00:00,MLO,1.3
2024-11-19 04:00:00,MLO,5.4
2024-11-19 05:00:00,MLO,6.5
2024-11-19 06:00:00,MLO,9.6
2024-11-19 07:00:00,MLO,11.0
2024-11-19 08:00:00,MLO,8.6
2024-11-19 09:00:00,MLO,8.1
2024-11-19 10:00:00,MLO,10.0
2024-11-19 11:00:00,MLO,10.5
2024-11-19 12:00:00,MLO,9.2
2024-11-19 13:00:00,MLO,7.7
2024-11-19 14:00:00,MLO,3.1
2024-11-19 15:00:00,MLO,2.2
2024-11-19 16:00:00,MLO,6.9
2024-11-19 17:00:00,MLO,7.1
2024-11-19 18:00:00,MLO,8.2
2024-11-19 19:00:00,MLO,6.9
2024-11-19 20:00:00,MLO,6.5
2024-11-19 21:00:00,MLO,1.3
2024-11-19 22:00:00,MLO,3.2
2024-11-19 23:00:00,MLO,2.8
2024-11-20 00:00:00,MLO,5.0
2024-11-20 01:00:00,MLO,4.7
2024-11-20 02:00:00,MLO,4.0
2024-11-20 03:00:00,MLO,4.0
2024-11-20 04:00:00,MLO,4.4
2024-11-20 05:00:00,MLO,5.2
2024-11-20 06:00:00,MLO,5.2
2024-11-20 07:00:00,MLO,6.3
2024-11-20 08:00:00,MLO,7.0
2024-11-20 09:00:00,MLO,8.4
2024-11-20 10:00:00,MLO,8.6
2024-11-20 11:00:00,MLO,6.7
2024-11-20 12:00:00,MLO,7.1
2024-11-20 13:00:00,MLO,8.4
2024-11-20 14:00:00,MLO,8.6
2024-11-20 15:00:00,MLO,8.0
2024-11-20 16:00:00,MLO,7.6
2024-11-20 17:00:00,MLO,7.8
2024-11-20 18:00:00,MLO,5.1
2024-11-20 19:00:00,MLO,4.4
2024-11-20 20:00:00,MLO,2.5
2024-11-20 21:00:00,MLO,3.1
2024-11-20 22:00:00,MLO,5.0
2024-11-20 23:00:00,MLO,2.6
2024-11-21 00:00:00,MLO,6.7
2024-11-21 01:00:00,MLO,3.6
2024-11-21 02:00:00,MLO,3.3
2024-11-21 03:00:00,MLO,1.2
2024-11-21 04:00:00,MLO,1.5
2024-11-21 05:00:00,MLO,3.0
2024-11-21 06:00:00,MLO,4.3
2024-11-21 07:00:00,MLO,4.6
2024-11-21 08:00:00,MLO,5.0
2024-11-21 09:00:00,MLO,5.7
2024-11-21 10:00:00,MLO,5.7
2024-11-21 11:00:00,MLO,5.4
2024-11-21 12:00:00,MLO,6.4
2024-11-21 13:00:00,MLO,6.9
2024-11-21 14:00:00,MLO,7.1
2024-11-21 15:00:00,MLO,6.7
2024-11-21 16:00:00,MLO,6.9
2024-11-21 17:00:00,MLO,5.9
2024-11-21 18:00:00,MLO,3.5
2024-11-21 19:00:00,MLO,4.6
2024-11-21 20:00:00,MLO,2.9
2024-11-21 21:00:00,MLO,3.7
2024-11-21 22:00:00,MLO,3.4
2024-11-21 23:00:00,MLO,3.9
2024-11-22 00:00:00,MLO,2.8
2024-11-22 01:00:00,MLO,2.6
2024-11-22 02:00:00,MLO,2.1
2024-11-22 03:00:00,MLO,2.1
2024-11-22 04:00:00,MLO,0.3
2024-11-22 05:00:00,MLO,2.3
2024-11-22 06:00:00,MLO,4.5
2024-11-22 07:00:00,MLO,4.7
2024-11-22 08:00:00,MLO,5.3
2024-11-22 09:00:00,MLO,5.8
2024-11-22 10:00:00,MLO,6.5
2024-11-22 11:00:00,MLO,6.2
2024-11-22 12:00:00,MLO,5.6
2024-11-22 13:00:00,MLO,5.8
2024-11-22 14:00:00,MLO,6.2
2024-11-22 15:00:00,MLO,6.5
2024-11-22 16:00:00,MLO,6.2
2024-11-22 17:00:00,MLO,4.9
2024-11-22 18:00:00,MLO,4.3
2024-11-22 19:00:00,MLO,4.9
2024-11-22 20:00:00,MLO,4.9
2024-11-22 21:00:00,MLO,5.8
2024-11-22 22:00:00,MLO,5.4
2024-11-22 23:00:00,MLO,4.7
2024-11-23 00:00:00,MLO,5.1
2024-11-23 01:00:00,MLO,4.0
2024-11-23 02:00:00,MLO,4.8
2024-11-23 03:00:00,MLO,3.4
2024-11-23 04:00:00,MLO,0.5
2024-11-23 05:00:00,MLO,2.1
2024-11-23 06:00:00,MLO,2.5
2024-11-23 07:00:00,MLO,2.8
2024-11-23 08:00:00,MLO,4.3
2024-11-23 09:00:00,MLO,4.3
2024-11-23 10:00:00,MLO,3.3
2024-11-23 11:00:00,MLO,2.7
2024-11-23 12:00:00,MLO,2.7
2024-11-23 13:00:00,MLO,2.0
2024-11-23 14:00:00,MLO,2.1
2024-11-23 15:00:00,MLO,2.1
2024-11-23 16:00:00,MLO,2.6
2024-11-23 17:00:00,MLO,2.9
2024-11-23 18:00:00,MLO,0.5
2024-11-23 19:00:00,MLO,1.5
2024-11-23 20:00:00,MLO,2.2
2024-11-23 21:00:00,MLO,2.4
2024-11-23 22:00:00,MLO,2.5
2024-11-23 23:00:00,MLO,2.7
2024-11-24 00:00:00,MLO,2.8
2024-11-24 01:00:00,MLO,2.6
2024-11-24 02:00:00,MLO,2.4
2024-11-24 03:00:00,MLO,1.3
2024-11-24 04:00:00,MLO,1.4
2024-11-24 05:00:00,MLO,1.5
2024-11-24 06:00:00,MLO,1.4
2024-11-24 07:00:00,MLO,1.1
2024-11-24 08:00:00,MLO,1.9
2024-11-24 09:00:00,MLO,1.6
2024-11-24 10:00:00,MLO,1.3
2024-11-24 11:00:00,MLO,2.5
2024-11-24 12:00:00,MLO,2.7
2024-11-24 13:00:00,MLO,2.6
2024-11-24 14:00:00,MLO,2.9
2024-11-24 15:00:00,MLO,2.8
2024-11-24 16:00:00,MLO,2.5
2024-11-24 17:00:00,MLO,2.9
2024-11-24 18:00:00,MLO,0.9
2024-11-24 19:00:00,MLO,1.6
2024-11-24 20:00:00,MLO,2.0
2024-11-24 21:00:00,MLO,2.2
2024-11-24 22:00:00,MLO,2.1
2024-11-24 23:00:00,MLO,2.4
2024-11-25 00:00:00,MLO,2.3
2024-11-25 01:00:00,MLO,2.1
2024-11-25 02:00:00,MLO,1.4
2024-11-25 03:00:00,MLO,1.3
2024-11-25 04:00:00,MLO,1.6
2024-11-25 05:00:00,MLO,2.0
2024-11-25 06:00:00,MLO,2.4
2024-11-25 07:00:00,MLO,2.3
2024-11-25 08:00:00,MLO,2.6
2024-11-25 09:00:00,MLO,3.3
2024-11-25 10:00:00,MLO,2.9
2024-11-25 11:00:00,MLO,3.7
2024-11-25 12:00:00,MLO,4.2
2024-11-25 13:00:00,MLO,4.6
2024-11-25 14:00:00,MLO,4.4
2024-11-25 15:00:00,MLO,4.3
2024-11-25 16:00:00,MLO,4.5
2024-11-25 17:00:00,MLO,4.4
2024-11-25 18:00:00,MLO,4.5
2024-11-25 19:00:00,MLO,4.1
2024-11-25 20:00:00,MLO,4.1
2024-11-25 21:00:00,MLO,4.5
2024-11-25 22:00:00,MLO,4.5
2024-11-25 23:00:00,MLO,4.4
2024-11-26 00:00:00,MLO,4.6
2024-11-26 01:00:00,MLO,4.3
2024-11-26 02:00:00,MLO,4.8
2024-11-26 03:00:00,MLO,5.7
2024-11-26 04:00:00,MLO,5.4
2024-11-26 05:00:00,MLO,4.2
2024-11-26 06:00:00,MLO,5.3
2024-11-26 07:00:00,MLO,5.3
2024-11-26 08:00:00,MLO,5.1
2024-11-26 09:00:00,MLO,5.8
2024-11-26 10:00:00,MLO,5.7
2024-11-26 11:00:00,MLO,4.9
2024-11-26 12:00:00,MLO,4.5
2024-11-26 13:00:00,MLO,4.2
2024-11-26 14:00:00,MLO,3.6
2024-11-26 15:00:00,MLO,2.8
2024-11-26 16:00:00,MLO,2.6
2024-11-26 17:00:00,MLO,2.6
2024-11-26 18:00:00,MLO,1.0
2024-11-26 19:00:00,MLO,1.9
2024-11-26 20:00:00,MLO,1.6
2024-11-26 21:00:00,MLO,2.8
2024-11-26 22:00:00,MLO,2.9
2024-11-26 23:00:00,MLO,2.9
2024-11-27 00:00:00,MLO,2.9
2024-11-27 01:00:00,MLO,2.3
2024-11-27 02:00:00,MLO,2.0
2024-11-27 03:00:00,MLO,1.2
2024-11-27 04:00:00,MLO,0.7
2024-11-27 05:00:00,MLO,1.4
2024-11-27 06:00:00,MLO,2.2
2024-11-27 07:00:00,MLO,3.0
2024-11-27 08:00:00,MLO,2.5
2024-11-27 09:00:00,MLO,2.8
2024-11-27 10:00:00,MLO,3.4
2024-11-27 11:00:00,MLO,3.9
2024-11-27 12:00:00,MLO,3.8
2024-11-27 13:00:00,MLO,3.6
2024-11-27 14:00:00,MLO,3.0
2024-11-27 15:00:00,MLO,3.8
2024-11-27 16:00:00,MLO,3.9
2024-11-27 17:00:00,MLO,3.7
2024-11-27 18:00:00,MLO,3.6
2024-11-27 19:00:00,MLO,4.5
2024-11-27 20:00:00,MLO,4.2
2024-11-27 21:00:00,MLO,4.4
2024-11-27 22:00:00,MLO,4.5
2024-11-27 23:00:00,MLO,4.4
2024-11-28 00:00:00,MLO,4.1
2024-11-28 01:00:00,MLO,2.3
2024-11-28 02:00:00,MLO,2.1
2024-11-28 03:00:00,MLO,1.7
2024-11-28 04:00:00,MLO,2.2
2024-11-28 05:00:00,MLO,2.6
2024-11-28 06:00:00,MLO,2.3
2024-11-28 07:00:00,MLO,2.5
2024-11-28 08:00:00,MLO,2.4
2024-11-28 09:00:00,MLO,1.9
2024-11-28 10:00:00,MLO,3.1
2024-11-28 11:00:00,MLO,3.8
2024-11-28 12:00:00,MLO,3.9
2024-11-28 13:00:00,MLO,3.4
2024-11-28 14:00:00,MLO,3.1
2024-11-28 15:00:00,MLO,3.7
2024-11-28 16:00:00,MLO,5.0
2024-11-28 17:00:00,MLO,4.9
2024-11-28 18:00:00,MLO,3.8
2024-11-28 19:00:00,MLO,4.0
2024-11-28 20:00:00,MLO,4.6
2024-11-28 21:00:00,MLO,5.0
2024-11-28 22:00:00,MLO,5.8
2024-11-28 23:00:00,MLO,4.9
2024-11-29 00:00:00,MLO,6.2
2024-11-29 01:00:00,MLO,5.9
2024-11-29 02:00:00,MLO,4.4
2024-11-29 03:00:00,MLO,2.5
2024-11-29 04:00:00,MLO,3.8
2024-11-29 05:00:00,MLO,1.2
2024-11-29 06:00:00,MLO,3.7
2024-11-29 07:00:00,MLO,5.7
2024-11-29 08:00:00,MLO,6.1
2024-11-29 09:00:00,MLO,6.1
2024-11-29 10:00:00,MLO,5.0
2024-11-29 11:00:00,MLO,4.9
2024-11-29 12:00:00,MLO,3.7
2024-11-29 13:00:00,MLO,5.6
2024-11-29 14:00:00,MLO,4.2
2024-11-29 15:00:00,MLO,4.2
2024-11-29 16:00:00,MLO,4.4
2024-11-29 17:00:00,MLO,4.3
2024-11-29 18:00:00,MLO,2.6
2024-11-29 19:00:00,MLO,3.1
2024-11-29 20:00:00,MLO,4.2
2024-11-29 21:00:00,MLO,3.0
2024-11-29 22:00:00,MLO,3.3
2024-11-29 23:00:00,MLO,3.5
2024-11-30 00:00:00,MLO,3.6
2024-11-30 01:00:00,MLO,3.2
2024-11-30 02:00:00,MLO,3.1
2024-11-30 03:00:00,MLO,2.5
2024-11-30 04:00:00,MLO,0.3
2024-11-30 05:00:00,MLO,0.6
2024-11-30 06:00:00,MLO,1.5
2024-11-30 07:00:00,MLO,1.8
2024-11-30 08:00:00,MLO,2.0
2024-11-30 09:00:00,MLO,1.9
2024-11-30 10:00:00,MLO,2.3
2024-11-30 11:00:00,MLO,2.8
2024-11-30 12:00:00,MLO,2.3
2024-11-30 13:00:00,MLO,3.6
2024-11-30 14:00:00,MLO,3.1
2024-11-30 15:00:00,MLO,3.1
2024-11-30 16:00:00,MLO,3.7
2024-11-30 17:00:00,MLO,2.4
2024-11-30 18:00:00,MLO,1.4
2024-11-30 19:00:00,MLO,1.6
2024-11-30 20:00:00,MLO,2.3
2024-11-30 21:00:00,MLO,3.1
2024-11-30 22:00:00,MLO,2.7
2024-11-30 23:00:00,MLO,2.9
2024-12-01 00:00:00,MLO,2.6
2024-12-01 01:00:00,MLO,2.5
2024-12-01 02:00:00,MLO,1.6
2024-12-01 03:00:00,MLO,1.0
2024-12-01 04:00:00,MLO,0.5
2024-12-01 05:00:00,MLO,1.2
2024-12-01 06:00:00,MLO,1.4
2024-12-01 07:00:00,MLO,2.8
2024-12-01 08:00:00,MLO,3.2
2024-12-01 09:00:00,MLO,3.4
2024-12-01 10:00:00,MLO,2.7
2024-12-01 11:00:00,MLO,2.1
2024-12-01 12:00:00,MLO,3.9
2024-12-01 13:00:00,MLO,5.6
2024-12-01 14:00:00,MLO,5.0
2024-12-01 15:00:00,MLO,4.7
2024-12-01 16:00:00,MLO,5.3
2024-12-01 17:00:00,MLO,4.6
2024-12-01 18:00:00,MLO,1.4
2024-12-01 19:00:00,MLO,1.1
2024-12-01 20:00:00,MLO,2.3
2024-12-01 21:00:00,MLO,2.5
2024-12-01 22:00:00,MLO,2.9
2024-12-01 23:00:00,MLO,2.9
2024-12-02 00:00:00,MLO,2.7
2024-12-02 01:00:00,MLO,2.6
2024-12-02 02:00:00,MLO,1.9
2024-12-02 03:00:00,MLO,0.7
2024-12-02 04:00:00,MLO,0.8
2024-12-02 05:00:00,MLO,1.7
2024-12-02 06:00:00,MLO,2.6
2024-12-02 07:00:00,MLO,1.9
2024-12-02 08:00:00,MLO,2.8
2024-12-02 09:00:00,MLO,3.2
2024-12-02 10:00:00,MLO,4.6
2024-12-02 11:00:00,MLO,5.9
2024-12-02 12:00:00,MLO,5.3
2024-12-02 13:00:00,MLO,6.3
2024-12-02 14:00:00,MLO,7.3
2024-12-02 15:00:00,MLO,6.5
2024-12-02 16:00:00,MLO,6.0
2024-12-02 17:00:00,MLO,6.0
2024-12-02 18:00:00,MLO,1.0
2024-12-02 19:00:00,MLO,1.1
2024-12-02 20:00:00,MLO,2.3
2024-12-02 21:00:00,MLO,4.3
2024-12-02 22:00:00,MLO,3.0
2024-12-02 23:00:00,MLO,5.8
2024-12-03 00:00:00,MLO,7.0
2024-12-03 01:00:00,MLO,6.3
2024-12-03 02:00:00,MLO,4.1
2024-12-03 03:00:00,MLO,3.9
2024-12-03 04:00:00,MLO,4.0
2024-12-03 05:00:00,MLO,5.9
2024-12-03 06:00:00,MLO,6.3
2024-12-03 07:00:00,MLO,6.1
2024-12-03 08:00:00,MLO,5.4
2024-12-03 09:00:00,MLO,4.7
2024-12-03 10:00:00,MLO,4.3
2024-12-03 11:00:00,MLO,4.5
2024-12-03 12:00:00,MLO,4.2
2024-12-03 13:00:00,MLO,3.9
2024-12-03 14:00:00,MLO,3.1
2024-12-03 15:00:00,MLO,2.4
2024-12-03 16:00:00,MLO,3.9
2024-12-03 17:00:00,MLO,4.2
2024-12-03 18:00:00,MLO,2.8
2024-12-03 19:00:00,MLO,2.9
2024-12-03 20:00:00,MLO,2.3
2024-12-03 21:00:00,MLO,2.7
2024-12-03 22:00:00,MLO,3.2
2024-12-03 23:00:00,MLO,2.8
2024-12-04 00:00:00,MLO,3.2
2024-12-04 01:00:00,MLO,3.1
2024-12-04 02:00:00,MLO,2.3
2024-12-04 03:00:00,MLO,1.6
2024-12-04 04:00:00,MLO,0.5
2024-12-04 05:00:00,MLO,3.7
2024-12-04 06:00:00,MLO,1.9
2024-12-04 07:00:00,MLO,2.4
2024-12-04 08:00:00,MLO,2.6
2024-12-04 09:00:00,MLO,2.9
2024-12-04 10:00:00,MLO,3.4
2024-12-04 11:00:00,MLO,3.1
2024-12-04 12:00:00,MLO,2.9
2024-12-04 13:00:00,MLO,3.0
2024-12-04 14:00:00,MLO,3.9
2024-12-04 15:00:00,MLO,3.0
2024-12-04 16:00:00,MLO,2.8
2024-12-04 17:00:00,MLO,3.6
2024-12-04 18:00:00,MLO,0.3
2024-12-04 19:00:00,MLO,1.8
2024-12-04 20:00:00,MLO,2.7
2024-12-04 21:00:00,MLO,2.9
2024-12-04 22:00:00,MLO,2.7
2024-12-04 23:00:00,MLO,3.1
2024-12-05 00:00:00,MLO,3.3
2024-12-05 01:00:00,MLO,3.0
2024-12-05 02:00:00,MLO,2.0
2024-12-05 03:00:00,MLO,0.3
2024-12-05 04:00:00,MLO,0.1
2024-12-05 05:00:00,MLO,1.4
2024-12-05 06:00:00,MLO,1.7
2024-12-05 07:00:00,MLO,2.1
2024-12-05 08:00:00,MLO,2.1
2024-12-05 09:00:00,MLO,2.3
2024-12-05 10:00:00,MLO,2.0
2024-12-05 11:00:00,MLO,1.8
2024-12-05 12:00:00,MLO,2.0
2024-12-05 13:00:00,MLO,2.5
2024-12-05 14:00:00,MLO,2.6
2024-12-05 15:00:00,MLO,1.5
2024-12-05 16:00:00,MLO,1.5
2024-12-05 17:00:00,MLO,1.9
2024-12-05 18:00:00,MLO,0.3
2024-12-05 19:00:00,MLO,1.1
2024-12-05 20:00:00,MLO,2.2
2024-12-05 21:00:00,MLO,3.2
2024-12-05 22:00:00,MLO,3.0
2024-12-05 23:00:00,MLO,3.8
2024-12-06 00:00:00,MLO,3.6
2024-12-06 01:00:00,MLO,2.8
2024-12-06 02:00:00,MLO,3.0
2024-12-06 03:00:00,MLO,1.1
2024-12-06 04:00:00,MLO,1.9
2024-12-06 05:00:00,MLO,1.4
2024-12-06 06:00:00,MLO,3.5
2024-12-06 07:00:00,MLO,4.7
2024-12-06 08:00:00,MLO,3.0
2024-12-06 09:00:00,MLO,2.8
2024-12-06 10:00:00,MLO,2.4
2024-12-06 11:00:00,MLO,6.6
2024-12-06 12:00:00,MLO,7.6
2024-12-06 13:00:00,MLO,6.3
2024-12-06 14:00:00,MLO,7.6
2024-12-06 15:00:00,MLO,5.3
2024-12-06 16:00:00,MLO,6.1
2024-12-06 17:00:00,MLO,5.2
2024-12-06 18:00:00,MLO,1.1
2024-12-06 19:00:00,MLO,1.4
2024-12-06 20:00:00,MLO,3.0
2024-12-06 21:00:00,MLO,3.2
2024-12-06 22:00:00,MLO,3.4
2024-12-06 23:00:00,MLO,3.6
2024-12-07 00:00:00,MLO,3.6
2024-12-07 01:00:00,MLO,2.8
2024-12-07 02:00:00,MLO,3.3
2024-12-07 03:00:00,MLO,0.8
2024-12-07 04:00:00,MLO,1.3
2024-12-07 05:00:00,MLO,1.6
2024-12-07 06:00:00,MLO,2.0
2024-12-07 07:00:00,MLO,2.7
2024-12-07 08:00:00,MLO,1.6
2024-12-07 09:00:00,MLO,1.8
2024-12-07 10:00:00,MLO,2.3
2024-12-07 11:00:00,MLO,1.9
2024-12-07 12:00:00,MLO,2.2
2024-12-07 13:00:00,MLO,2.7
2024-12-07 14:00:00,MLO,3.7
2024-12-07 15:00:00,MLO,2.7
2024-12-07 16:00:00,MLO,2.1
2024-12-07 17:00:00,MLO,2.3
2024-12-07 18:00:00,MLO,0.4
2024-12-07 19:00:00,MLO,1.3
2024-12-07 20:00:00,MLO,1.9
2024-12-07 21:00:00,MLO,3.1
2024-12-07 22:00:00,MLO,3.9
2024-12-07 23:00:00,MLO,3.6
2024-12-08 00:00:00,MLO,3.0
2024-12-08 01:00:00,MLO,2.4
2024-12-08 02:00:00,MLO,2.5
2024-12-08 03:00:00,MLO,1.0
2024-12-08 04:00:00,MLO,1.8
2024-12-08 05:00:00,MLO,1.7
2024-12-08 06:00:00,MLO,3.2
2024-12-08 07:00:00,MLO,2.6
2024-12-08 08:00:00,MLO,2.2
2024-12-08 09:00:00,MLO,2.7
2024-12-08 10:00:00,MLO,1.6
2024-12-08 11:00:00,MLO,3.1
2024-12-08 12:00:00,MLO,2.3
2024-12-08 13:00:00,MLO,2.1
2024-12-08 14:00:00,MLO,3.7
2024-12-08 15:00:00,MLO,3.8
2024-12-08 16:00:00,MLO,3.5
2024-12-08 17:00:00,MLO,3.6
2024-12-08 18:00:00,MLO,2.1
2024-12-08 19:00:00,MLO,2.4
2024-12-08 20:00:00,MLO,2.4
2024-12-08 21:00:00,MLO,3.0
2024-12-08 22:00:00,MLO,2.8
2024-12-08 23:00:00,MLO,4.0
2024-12-09 00:00:00,MLO,2.7
2024-12-09 01:00:00,MLO,3.1
2024-12-09 02:00:00,MLO,2.0
2024-12-09 03:00:00,MLO,0.8
2024-12-09 04:00:00,MLO,2.1
2024-12-09 05:00:00,MLO,1.9
2024-12-09 06:00:00,MLO,2.6
2024-12-09 07:00:00,MLO,3.3
2024-12-09 08:00:00,MLO,3.1
2024-12-09 09:00:00,MLO,3.9
2024-12-09 10:00:00,MLO,4.1
2024-12-09 11:00:00,MLO,3.7
2024-12-09 12:00:00,MLO,2.9
2024-12-09 13:00:00,MLO,1.7
2024-12-09 14:00:00,MLO,2.2
2024-12-09 15:00:00,MLO,3.5
2024-12-09 16:00:00,MLO,4.7
2024-12-09 17:00:00,MLO,4.3
2024-12-09 18:00:00,MLO,5.0
2024-12-09 19:00:00,MLO,6.2
2024-12-09 20:00:00,MLO,6.5
2024-12-09 21:00:00,MLO,6.5
2024-12-09 22:00:00,MLO,8.1
2024-12-09 23:00:00,MLO,8.2
2024-12-10 00:00:00,MLO,8.2
2024-12-10 01:00:00,MLO,7.5
2024-12-10 02:00:00,MLO,7.4
2024-12-10 03:00:00,MLO,6.9
2024-12-10 04:00:00,MLO,6.6
2024-12-10 05:00:00,MLO,7.3
2024-12-10 06:00:00,MLO,7.9
2024-12-10 07:00:00,MLO,9.5
2024-12-10 08:00:00,MLO,9.5
2024-12-10 09:00:00,MLO,8.8
2024-12-10 10:00:00,MLO,9.5
2024-12-10 11:00:00,MLO,9.2
2024-12-10 12:00:00,MLO,9.0
2024-12-10 13:00:00,MLO,9.6
2024-12-10 14:00:00,MLO,7.9
2024-12-10 15:00:00,MLO,8.0
2024-12-10 16:00:00,MLO,8.1
2024-12-10 17:00:00,MLO,7.8
2024-12-10 18:00:00,MLO,9.2
2024-12-10 19:00:00,MLO,11.3
2024-12-10 20:00:00,MLO,12.5
2024-12-10 21:00:00,MLO,12.6
2024-12-10 22:00:00,MLO,11.9
2024-12-10 23:00:00,MLO,10.4
2024-12-11 00:00:00,MLO,11.6
2024-12-11 01:00:00,MLO,11.1
2024-12-11 02:00:00,MLO,10.7
2024-12-11 03:00:00,MLO,11.2
2024-12-11 04:00:00,MLO,11.3
2024-12-11 05:00:00,MLO,12.3
2024-12-11 06:00:00,MLO,13.3
2024-12-11 07:00:00,MLO,14.4
2024-12-11 08:00:00,MLO,13.8
2024-12-11 09:00:00,MLO,12.8
2024-12-11 10:00:00,MLO,13.5
2024-12-11 11:00:00,MLO,12.2
2024-12-11 12:00:00,MLO,11.8
2024-12-11 13:00:00,MLO,11.7
2024-12-11 14:00:00,MLO,12.1
2024-12-11 15:00:00,MLO,12.1
2024-12-11 16:00:00,MLO,12.9
2024-12-11 17:00:00,MLO,13.7
2024-12-11 18:00:00,MLO,14.2
2024-12-11 19:00:00,MLO,15.2
2024-12-11 20:00:00,MLO,14.7
2024-12-11 21:00:00,MLO,15.0
2024-12-11 22:00:00,MLO,14.5
2024-12-11 23:00:00,MLO,13.7
2024-12-12 00:00:00,MLO,11.9
2024-12-12 01:00:00,MLO,9.7
2024-12-12 02:00:00,MLO,9.3
2024-12-12 03:00:00,MLO,9.3
2024-12-12 04:00:00,MLO,10.0
2024-12-12 05:00:00,MLO,11.1
2024-12-12 06:00:00,MLO,12.3
2024-12-12 07:00:00,MLO,13.6
2024-12-12 08:00:00,MLO,15.7
2024-12-12 09:00:00,MLO,13.6
2024-12-12 10:00:00,MLO,12.4
2024-12-12 11:00:00,MLO,11.7
2024-12-12 12:00:00,MLO,10.5
2024-12-12 13:00:00,MLO,14.1
2024-12-12 14:00:00,MLO,14.9
2024-12-12 15:00:00,MLO,15.7
2024-12-12 16:00:00,MLO,13.7
2024-12-12 17:00:00,MLO,16.3
2024-12-12 18:00:00,MLO,14.9
2024-12-12 19:00:00,MLO,12.3
2024-12-12 20:00:00,MLO,11.0
2024-12-12 21:00:00,MLO,8.3
2024-12-12 22:00:00,MLO,6.8
2024-12-12 23:00:00,MLO,5.9
2024-12-13 00:00:00,MLO,2.9
2024-12-13 01:00:00,MLO,3.0
2024-12-13 02:00:00,MLO,3.9
2024-12-13 03:00:00,MLO,1.0
2024-12-13 04:00:00,MLO,2.9
2024-12-13 05:00:00,MLO,6.7
2024-12-13 06:00:00,MLO,11.9
2024-12-13 07:00:00,MLO,9.9
2024-12-13 08:00:00,MLO,5.3
2024-12-13 09:00:00,MLO,1.3
2024-12-13 10:00:00,MLO,1.1
2024-12-13 11:00:00,MLO,1.6
2024-12-13 12:00:00,MLO,0.9
2024-12-13 13:00:00,MLO,3.9
2024-12-13 14:00:00,MLO,3.4
2024-12-13 15:00:00,MLO,2.6
2024-12-13 16:00:00,MLO,2.6
2024-12-13 17:00:00,MLO,3.3
2024-12-13 18:00:00,MLO,0.8
2024-12-13 19:00:00,MLO,1.5
2024-12-13 20:00:00,MLO,2.2
2024-12-13 21:00:00,MLO,3.2
2024-12-13 22:00:00,MLO,4.2
2024-12-13 23:00:00,MLO,4.5
2024-12-14 00:00:00,MLO,5.5
2024-12-14 01:00:00,MLO,5.5
2024-12-14 02:00:00,MLO,7.0
2024-12-14 03:00:00,MLO,8.2
2024-12-14 04:00:00,MLO,7.7
2024-12-14 05:00:00,MLO,7.9
2024-12-14 06:00:00,MLO,8.7
2024-12-14 07:00:00,MLO,8.9
2024-12-14 08:00:00,MLO,8.6
2024-12-14 09:00:00,MLO,8.3
2024-12-14 10:00:00,MLO,8.8
2024-12-14 11:00:00,MLO,11.1
2024-12-14 12:00:00,MLO,9.1
2024-12-14 13:00:00,MLO,9.1
2024-12-14 14:00:00,MLO,8.1
2024-12-14 15:00:00,MLO,8.8
2024-12-14 16:00:00,MLO,8.7
2024-12-14 17:00:00,MLO,8.3
2024-12-14 18:00:00,MLO,7.8
2024-12-14 19:00:00,MLO,8.9
2024-12-14 20:00:00,MLO,9.4
2024-12-14 21:00:00,MLO,8.9
2024-12-14 22:00:00,MLO,6.9
2024-12-14 23:00:00,MLO,5.5
2024-12-15 00:00:00,MLO,2.3
2024-12-15 01:00:00,MLO,3.0
2024-12-15 02:00:00,MLO,4.5
2024-12-15 03:00:00,MLO,3.9
2024-12-15 04:00:00,MLO,2.3
2024-12-15 05:00:00,MLO,5.4
2024-12-15 06:00:00,MLO,5.5
2024-12-15 07:00:00,MLO,4.5
2024-12-15 08:00:00,MLO,4.7
2024-12-15 09:00:00,MLO,4.9
2024-12-15 10:00:00,MLO,5.0
2024-12-15 11:00:00,MLO,6.9
2024-12-15 12:00:00,MLO,7.8
2024-12-15 13:00:00,MLO,6.5
2024-12-15 14:00:00,MLO,5.0
2024-12-15 15:00:00,MLO,3.6
2024-12-15 16:00:00,MLO,3.9
2024-12-15 17:00:00,MLO,3.9
2024-12-15 18:00:00,MLO,2.2
2024-12-15 19:00:00,MLO,1.1
2024-12-15 20:00:00,MLO,1.8
2024-12-15 21:00:00,MLO,2.5
2024-12-15 22:00:00,MLO,3.9
2024-12-15 23:00:00,MLO,4.1
2024-12-16 00:00:00,MLO,3.1
2024-12-16 01:00:00,MLO,3.2
2024-12-16 02:00:00,MLO,5.2
2024-12-16 03:00:00,MLO,1.4
2024-12-16 04:00:00,MLO,1.8
2024-12-16 05:00:00,MLO,1.7
2024-12-16 06:00:00,MLO,3.0
2024-12-16 07:00:00,MLO,2.7
2024-12-16 08:00:00,MLO,3.4
2024-12-16 09:00:00,MLO,2.5
2024-12-16 10:00:00,MLO,3.0
2024-12-16 11:00:00,MLO,3.6
2024-12-16 12:00:00,MLO,3.1
2024-12-16 13:00:00,MLO,3.8
2024-12-16 14:00:00,MLO,4.3
2024-12-16 15:00:00,MLO,4.7
2024-12-16 16:00:00,MLO,6.3
2024-12-16 17:00:00,MLO,4.8
2024-12-16 18:00:00,MLO,0.7
2024-12-16 19:00:00,MLO,1.6
2024-12-16 20:00:00,MLO,2.5
2024-12-16 21:00:00,MLO,3.1
2024-12-16 22:00:00,MLO,3.8
2024-12-16 23:00:00,MLO,3.7
2024-12-17 00:00:00,MLO,3.9
2024-12-17 01:00:00,MLO,2.5
2024-12-17 02:00:00,MLO,1.9
2024-12-17 03:00:00,MLO,1.1
2024-12-17 04:00:00,MLO,1.3
2024-12-17 05:00:00,MLO,4.4
2024-12-17 06:00:00,MLO,5.9
2024-12-17 07:00:00,MLO,5.6
2024-12-17 08:00:00,MLO,5.6
2024-12-17 09:00:00,MLO,6.1
2024-12-17 10:00:00,MLO,5.3
2024-12-17 11:00:00,MLO,5.3
2024-12-17 12:00:00,MLO,5.4
2024-12-17 13:00:00,MLO,5.8
2024-12-17 14:00:00,MLO,6.0
2024-12-17 15:00:00,MLO,5.7
2024-12-17 16:00:00,MLO,5.8
2024-12-17 17:00:00,MLO,5.4
2024-12-17 18:00:00,MLO,2.2
2024-12-17 19:00:00,MLO,2.1
2024-12-17 20:00:00,MLO,2.7
2024-12-17 21:00:00,MLO,2.7
2024-12-17 22:00:00,MLO,3.6
2024-12-17 23:00:00,MLO,3.0
2024-12-18 00:00:00,MLO,2.7
2024-12-18 01:00:00,MLO,2.3
2024-12-18 02:00:00,MLO,2.0
2024-12-18 03:00:00,MLO,0.6
2024-12-18 04:00:00,MLO,0.9
2024-12-18 05:00:00,MLO,1.0
2024-12-18 06:00:00,MLO,2.2
2024-12-18 07:00:00,MLO,3.2
2024-12-18 08:00:00,MLO,2.8
2024-12-18 09:00:00,MLO,3.4
2024-12-18 10:00:00,MLO,2.9
2024-12-18 11:00:00,MLO,3.2
2024-12-18 12:00:00,MLO,4.6
2024-12-18 13:00:00,MLO,4.2
2024-12-18 14:00:00,MLO,4.1
2024-12-18 15:00:00,MLO,4.8
2024-12-18 16:00:00,MLO,4.4
2024-12-18 17:00:00,MLO,4.3
2024-12-18 18:00:00,MLO,1.3
2024-12-18 19:00:00,MLO,0.8
2024-12-18 20:00:00,MLO,1.4
2024-12-18 21:00:00,MLO,2.5
2024-12-18 22:00:00,MLO,3.5
2024-12-18 23:00:00,MLO,3.0
2024-12-19 00:00:00,MLO,3.1
2024-12-19 01:00:00,MLO,3.0
2024-12-19 02:00:00,MLO,1.7
2024-12-19 03:00:00,MLO,2.1
2024-12-19 04:00:00,MLO,0.8
2024-12-19 05:00:00,MLO,1.3
2024-12-19 06:00:00,MLO,3.5
2024-12-19 07:00:00,MLO,2.5
2024-12-19 08:00:00,MLO,2.6
2024-12-19 09:00:00,MLO,1.6
2024-12-19 10:00:00,MLO,1.0
2024-12-19 11:00:00,MLO,4.2
2024-12-19 12:00:00,MLO,3.2
2024-12-19 13:00:00,MLO,1.7
2024-12-19 14:00:00,MLO,1.5
2024-12-19 15:00:00,MLO,1.8
2024-12-19 16:00:00,MLO,2.6
2024-12-19 17:00:00,MLO,3.6
2024-12-19 18:00:00,MLO,3.2
2024-12-19 19:00:00,MLO,2.3
2024-12-19 20:00:00,MLO,3.4
2024-12-19 21:00:00,MLO,2.5
2024-12-19 22:00:00,MLO,3.3
2024-12-19 23:00:00,MLO,3.4
2024-12-20 00:00:00,MLO,4.1
2024-12-20 01:00:00,MLO,2.4
2024-12-20 02:00:00,MLO,2.3
2024-12-20 03:00:00,MLO,0.4
2024-12-20 04:00:00,MLO,2.5
2024-12-20 05:00:00,MLO,3.2
2024-12-20 06:00:00,MLO,3.8
2024-12-20 07:00:00,MLO,4.3
2024-12-20 08:00:00,MLO,5.7
2024-12-20 09:00:00,MLO,6.5
2024-12-20 10:00:00,MLO,3.5
2024-12-20 11:00:00,MLO,3.3
2024-12-20 12:00:00,MLO,2.3
2024-12-20 13:00:00,MLO,4.4
2024-12-20 14:00:00,MLO,7.0
2024-12-20 15:00:00,MLO,6.1
2024-12-20 16:00:00,MLO,6.6
2024-12-20 17:00:00,MLO,6.3
2024-12-20 18:00:00,MLO,2.6
2024-12-20 19:00:00,MLO,2.5
2024-12-20 20:00:00,MLO,3.0
2024-12-20 21:00:00,MLO,3.9
2024-12-20 22:00:00,MLO,3.7
2024-12-20 23:00:00,MLO,3.0
2024-12-21 00:00:00,MLO,4.5
2024-12-21 01:00:00,MLO,4.5
2024-12-21 02:00:00,MLO,3.5
2024-12-21 03:00:00,MLO,2.5
2024-12-21 04:00:00,MLO,3.9
2024-12-21 05:00:00,MLO,1.7
2024-12-21 06:00:00,MLO,3.9
2024-12-21 07:00:00,MLO,5.0
2024-12-21 08:00:00,MLO,2.3
2024-12-21 09:00:00,MLO,4.4
2024-12-21 10:00:00,MLO,2.6
2024-12-21 11:00:00,MLO,2.2
2024-12-21 12:00:00,MLO,2.8
2024-12-21 13:00:00,MLO,3.2
2024-12-21 14:00:00,MLO,2.7
2024-12-21 15:00:00,MLO,3.1
2024-12-21 16:00:00,MLO,2.3
2024-12-21 17:00:00,MLO,2.7
2024-12-21 18:00:00,MLO,0.9
2024-12-21 19:00:00,MLO,1.7
2024-12-21 20:00:00,MLO,2.1
2024-12-21 21:00:00,MLO,2.6
2024-12-21 22:00:00,MLO,4.1
2024-12-21 23:00:00,MLO,4.2
2024-12-22 00:00:00,MLO,2.9
2024-12-22 01:00:00,MLO,3.0
2024-12-22 02:00:00,MLO,3.0
2024-12-22 03:00:00,MLO,1.3
2024-12-22 04:00:00,MLO,2.2
2024-12-22 05:00:00,MLO,3.6
2024-12-22 06:00:00,MLO,4.6
2024-12-22 07:00:00,MLO,3.0
2024-12-22 08:00:00,MLO,3.3
2024-12-22 09:00:00,MLO,3.6
2024-12-22 10:00:00,MLO,3.2
2024-12-22 11:00:00,MLO,3.4
2024-12-22 12:00:00,MLO,3.0
2024-12-22 13:00:00,MLO,2.7
2024-12-22 14:00:00,MLO,2.3
2024-12-22 15:00:00,MLO,2.7
2024-12-22 16:00:00,MLO,2.5
2024-12-22 17:00:00,MLO,2.6
2024-12-22 18:00:00,MLO,0.6
2024-12-22 19:00:00,MLO,1.3
2024-12-22 20:00:00,MLO,2.6
2024-12-22 21:00:00,MLO,2.4
2024-12-22 22:00:00,MLO,3.0
2024-12-22 23:00:00,MLO,3.1
2024-12-23 00:00:00,MLO,2.9
2024-12-23 01:00:00,MLO,2.8
2024-12-23 02:00:00,MLO,2.6
2024-12-23 03:00:00,MLO,1.2
2024-12-23 04:00:00,MLO,0.9
2024-12-23 05:00:00,MLO,1.2
2024-12-23 06:00:00,MLO,2.5
2024-12-23 07:00:00,MLO,0.9
2024-12-23 08:00:00,MLO,1.6
2024-12-23 09:00:00,MLO,3.2
2024-12-23 10:00:00,MLO,2.1
2024-12-23 11:00:00,MLO,2.4
2024-12-23 12:00:00,MLO,3.0
2024-12-23 13:00:00,MLO,3.6
2024-12-23 14:00:00,MLO,3.5
2024-12-23 15:00:00,MLO,2.6
2024-12-23 16:00:00,MLO,3.7
2024-12-23 17:00:00,MLO,4.0
2024-12-23 18:00:00,MLO,2.2
2024-12-23 19:00:00,MLO,2.7
2024-12-23 20:00:00,MLO,2.6
2024-12-23 21:00:00,MLO,2.9
2024-12-23 22:00:00,MLO,3.5
2024-12-23 23:00:00,MLO,3.0
2024-12-24 00:00:00,MLO,4.9
2024-12-24 01:00:00,MLO,3.6
2024-12-24 02:00:00,MLO,2.4
2024-12-24 03:00:00,MLO,1.8
2024-12-24 04:00:00,MLO,0.9
2024-12-24 05:00:00,MLO,1.7
2024-12-24 06:00:00,MLO,2.1
2024-12-24 07:00:00,MLO,2.8
2024-12-24 08:00:00,MLO,2.9
2024-12-24 09:00:00,MLO,3.8
2024-12-24 10:00:00,MLO,2.7
2024-12-24 11:00:00,MLO,3.4
2024-12-24 12:00:00,MLO,3.6
2024-12-24 13:00:00,MLO,4.3
2024-12-24 14:00:00,MLO,4.9
2024-12-24 15:00:00,MLO,6.0
2024-12-24 16:00:00,MLO,6.8
2024-12-24 17:00:00,MLO,6.1
2024-12-24 18:00:00,MLO,3.6
2024-12-24 19:00:00,MLO,3.9
2024-12-24 20:00:00,MLO,4.6
2024-12-24 21:00:00,MLO,4.4
2024-12-24 22:00:00,MLO,4.0
2024-12-24 23:00:00,MLO,5.0
2024-12-25 00:00:00,MLO,4.9
2024-12-25 01:00:00,MLO,5.1
2024-12-25 02:00:00,MLO,5.7
2024-12-25 03:00:00,MLO,7.6
2024-12-25 04:00:00,MLO,8.6
2024-12-25 05:00:00,MLO,9.4
2024-12-25 06:00:00,MLO,9.1
2024-12-25 07:00:00,MLO,8.8
2024-12-25 08:00:00,MLO,8.1
2024-12-25 09:00:00,MLO,7.9
2024-12-25 10:00:00,MLO,7.7
2024-12-25 11:00:00,MLO,7.5
2024-12-25 12:00:00,MLO,7.2
2024-12-25 13:00:00,MLO,7.6
2024-12-25 14:00:00,MLO,7.6
2024-12-25 15:00:00,MLO,7.2
2024-12-25 16:00:00,MLO,7.4
2024-12-25 17:00:00,MLO,8.3
2024-12-25 18:00:00,MLO,9.5
2024-12-25 19:00:00,MLO,10.2
2024-12-25 20:00:00,MLO,10.3
2024-12-25 21:00:00,MLO,9.9
2024-12-25 22:00:00,MLO,10.0
2024-12-25 23:00:00,MLO,10.4
2024-12-26 00:00:00,MLO,10.6
2024-12-26 01:00:00,MLO,10.5
2024-12-26 02:00:00,MLO,9.8
2024-12-26 03:00:00,MLO,9.2
2024-12-26 04:00:00,MLO,9.6
2024-12-26 05:00:00,MLO,12.4
2024-12-26 06:00:00,MLO,14.3
2024-12-26 07:00:00,MLO,14.2
2024-12-26 08:00:00,MLO,11.0
2024-12-26 09:00:00,MLO,10.9
2024-12-26 10:00:00,MLO,10.4
2024-12-26 11:00:00,MLO,10.4
2024-12-26 12:00:00,MLO,11.0
2024-12-26 13:00:00,MLO,11.7
2024-12-26 14:00:00,MLO,10.0
2024-12-26 15:00:00,MLO,11.3
2024-12-26 16:00:00,MLO,11.4
2024-12-26 17:00:00,MLO,10.9
2024-12-26 18:00:00,MLO,10.7
2024-12-26 19:00:00,MLO,10.2
2024-12-26 20:00:00,MLO,7.7
2024-12-26 21:00:00,MLO,7.5
2024-12-26 22:00:00,MLO,8.7
2024-12-26 23:00:00,MLO,8.7
2024-12-27 00:00:00,MLO,9.6
2024-12-27 01:00:00,MLO,11.5
2024-12-27 02:00:00,MLO,11.2
2024-12-27 03:00:00,MLO,11.0
2024-12-27 04:00:00,MLO,11.0
2024-12-27 05:00:00,MLO,10.9
2024-12-27 06:00:00,MLO,11.5
2024-12-27 07:00:00,MLO,11.9
2024-12-27 08:00:00,MLO,10.6
2024-12-27 09:00:00,MLO,9.7
2024-12-27 10:00:00,MLO,10.2
2024-12-27 11:00:00,MLO,9.6
2024-12-27 12:00:00,MLO,9.9
2024-12-27 13:00:00,MLO,10.6
2024-12-27 14:00:00,MLO,10.9
2024-12-27 15:00:00,MLO,11.5
2024-12-27 16:00:00,MLO,11.6
2024-12-27 17:00:00,MLO,11.3
2024-12-27 18:00:00,MLO,6.2
2024-12-27 19:00:00,MLO,1.5
2024-12-27 20:00:00,MLO,2.0
2024-12-27 21:00:00,MLO,3.1
2024-12-27 22:00:00,MLO,4.0
2024-12-27 23:00:00,MLO,4.3
2024-12-28 00:00:00,MLO,4.1
2024-12-28 01:00:00,MLO,3.4
2024-12-28 02:00:00,MLO,3.1
2024-12-28 03:00:00,MLO,3.6
2024-12-28 04:00:00,MLO,2.0
2024-12-28 05:00:00,MLO,1.6
2024-12-28 06:00:00,MLO,4.3
2024-12-28 07:00:00,MLO,4.8
2024-12-28 08:00:00,MLO,4.3
2024-12-28 09:00:00,MLO,4.0
2024-12-28 10:00:00,MLO,3.2
2024-12-28 11:00:00,MLO,2.7
2024-12-28 12:00:00,MLO,2.1
2024-12-28 13:00:00,MLO,2.3
2024-12-28 14:00:00,MLO,2.5
2024-12-28 15:00:00,MLO,3.3
2024-12-28 16:00:00,MLO,2.7
2024-12-28 17:00:00,MLO,3.6
2024-12-28 18:00:00,MLO,3.1
2024-12-28 19:00:00,MLO,5.0
2024-12-28 20:00:00,MLO,4.3
2024-12-28 21:00:00,MLO,5.3
2024-12-28 22:00:00,MLO,5.6
2024-12-28 23:00:00,MLO,5.7
2024-12-29 00:00:00,MLO,5.5
2024-12-29 01:00:00,MLO,5.4
2024-12-29 02:00:00,MLO,5.0
2024-12-29 03:00:00,MLO,4.0
2024-12-29 04:00:00,MLO,2.9
2024-12-29 05:00:00,MLO,3.4
2024-12-29 06:00:00,MLO,2.6
2024-12-29 07:00:00,MLO,2.7
2024-12-29 08:00:00,MLO,2.5
2024-12-29 09:00:00,MLO,2.7
2024-12-29 10:00:00,MLO,3.4
2024-12-29 11:00:00,MLO,2.6
2024-12-29 12:00:00,MLO,3.7
2024-12-29 13:00:00,MLO,3.0
2024-12-29 14:00:00,MLO,2.5
2024-12-29 15:00:00,MLO,3.0
2024-12-29 16:00:00,MLO,2.9
2024-12-29 17:00:00,MLO,2.1
2024-12-29 18:00:00,MLO,1.2
2024-12-29 19:00:00,MLO,3.7
2024-12-29 20:00:00,MLO,4.2
2024-12-29 21:00:00,MLO,4.7
2024-12-29 22:00:00,MLO,4.1
2024-12-29 23:00:00,MLO,5.2
2024-12-30 00:00:00,MLO,5.3
2024-12-30 01:00:00,MLO,4.7
2024-12-30 02:00:00,MLO,4.0
2024-12-30 03:00:00,MLO,3.2
2024-12-30 04:00:00,MLO,3.1
2024-12-30 05:00:00,MLO,2.9
2024-12-30 06:00:00,MLO,4.6
2024-12-30 07:00:00,MLO,5.3
2024-12-30 08:00:00,MLO,5.1
2024-12-30 09:00:00,MLO,5.0
2024-12-30 10:00:00,MLO,5.7
2024-12-30 11:00:00,MLO,6.7
2024-12-30 12:00:00,MLO,6.7
2024-12-30 13:00:00,MLO,6.1
2024-12-30 14:00:00,MLO,6.0
2024-12-30 15:00:00,MLO,7.0
2024-12-30 16:00:00,MLO,8.0
2024-12-30 17:00:00,MLO,8.0
2024-12-30 18:00:00,MLO,8.4
2024-12-30 19:00:00,MLO,8.6
2024-12-30 20:00:00,MLO,7.8
2024-12-30 21:00:00,MLO,7.0
2024-12-30 22:00:00,MLO,6.7
2024-12-30 23:00:00,MLO,7.0
2024-12-31 00:00:00,MLO,7.6
2024-12-31 01:00:00,MLO,8.5
2024-12-31 02:00:00,MLO,8.8
2024-12-31 03:00:00,MLO,9.2
2024-12-31 04:00:00,MLO,9.6
2024-12-31 05:00:00,MLO,8.6
2024-12-31 06:00:00,MLO,10.1
2024-12-31 07:00:00,MLO,10.9
2024-12-31 08:00:00,MLO,9.9
2024-12-31 09:00:00,MLO,8.8
2024-12-31 10:00:00,MLO,7.5
2024-12-31 11:00:00,MLO,6.4
2024-12-31 12:00:00,MLO,7.2
2024-12-31 13:00:00,MLO,7.9
2024-12-31 14:00:00,MLO,7.2
2024-12-31 15:00:00,MLO,8.3
2024-12-31 16:00:00,MLO,9.9
2024-12-31 17:00:00,MLO,10.0
2024-12-31 18:00:00,MLO,11.0
2024-12-31 19:00:00,MLO,11.5
2024-12-31 20:00:00,MLO,11.2
2024-12-31 21:00:00,MLO,11.8
2024-12-31 22:00:00,MLO,11.7
2024-12-31 23:00:00,MLO,10.9
